============================================================
Brain-to-Text Transformer Training
============================================================
PyTorch version: 2.1.0+cu121
CUDA available: True
CUDA version: 12.1
GPU: NVIDIA GeForce RTX 3080
============================================================

Configuration:
  data_dir: /data/t15_copyTask_neuralData/hdf5_data_final
  output_dir: /outputs/exp07_d512_lr3e4_20251128_043602
  max_days: 45
  d_model: 512
  epochs: 40
  batch_size: 4
  lr: 0.0003
  num_workers: 2
  warmup_epochs: 2
  patience: 10
  min_delta: 0.001
  resume: False
  cuda: True
  log_interval: 40
  save_interval: 1
============================================================
Using CUDA: NVIDIA GeForce RTX 3080
CUDA Memory: 10.74 GB
TF32 enabled for faster matrix operations
TensorBoard logs: /outputs/exp07_d512_lr3e4_20251128_043602/tensorboard

Loading data from: /data/t15_copyTask_neuralData/hdf5_data_final
Loaded 8072 trials from 45 days (train)

Label distribution (train):
  0 (BLANK): 3821756 (94.7%)
  1 (AA): 3403 (0.1%)
  2 (AE): 4373 (0.1%)
  3 (AH): 12662 (0.3%)
  4 (AO): 2341 (0.1%)
  5 (AW): 1316 (0.0%)
  6 (AY): 5337 (0.1%)
  7 (B): 2593 (0.1%)
  8 (CH): 736 (0.0%)
  9 (D): 6260 (0.2%)
  ... (41 unique labels total)
Found 41 validation files (some sessions may not have val data)
Loaded 1426 trials from 41 days (val)

Label distribution (val):
  0 (BLANK): 671608 (94.2%)
  1 (AA): 661 (0.1%)
  2 (AE): 772 (0.1%)
  3 (AH): 2705 (0.4%)
  4 (AO): 544 (0.1%)
  5 (AW): 226 (0.0%)
  6 (AY): 809 (0.1%)
  7 (B): 468 (0.1%)
  8 (CH): 167 (0.0%)
  9 (D): 1274 (0.2%)
  ... (41 unique labels total)

Creating model with d_model=512, 45 days
/usr/local/lib/python3.10/dist-packages/torch/nn/modules/transformer.py:282: UserWarning: enable_nested_tensor is True, but self.use_nested_tensor is False because encoder_layer.norm_first was True
  warnings.warn(f"enable_nested_tensor is True, but self.use_nested_tensor is False because {why_not_sparsity_fast_path}")
Applied Xavier initialization to all layers
Total parameters: 29,755,433
Trainable parameters: 29,755,433
LR Scheduler: 4036 warmup steps, 80720 total steps
Early stopping: patience=10, min_delta=0.001

Starting training for 40 epochs...
============================================================
Epoch 1/40 | Batch 0/2018 | Loss: 3.9395 | LR: 0.00e+00
Epoch 1/40 | Batch 40/2018 | Loss: 1.9457 | LR: 2.97e-06
Epoch 1/40 | Batch 80/2018 | Loss: 0.8782 | LR: 5.95e-06
Epoch 1/40 | Batch 120/2018 | Loss: 0.8466 | LR: 8.92e-06
Epoch 1/40 | Batch 160/2018 | Loss: 0.8477 | LR: 1.19e-05
Epoch 1/40 | Batch 200/2018 | Loss: 0.7951 | LR: 1.49e-05
Epoch 1/40 | Batch 240/2018 | Loss: 0.8386 | LR: 1.78e-05
Epoch 1/40 | Batch 280/2018 | Loss: 0.7806 | LR: 2.08e-05
Epoch 1/40 | Batch 320/2018 | Loss: 0.7938 | LR: 2.38e-05
Epoch 1/40 | Batch 360/2018 | Loss: 0.7974 | LR: 2.68e-05
Epoch 1/40 | Batch 400/2018 | Loss: 0.8098 | LR: 2.97e-05
Epoch 1/40 | Batch 440/2018 | Loss: 0.8119 | LR: 3.27e-05
Epoch 1/40 | Batch 480/2018 | Loss: 0.7745 | LR: 3.57e-05
Epoch 1/40 | Batch 520/2018 | Loss: 0.7833 | LR: 3.87e-05
Epoch 1/40 | Batch 560/2018 | Loss: 0.7970 | LR: 4.16e-05
Epoch 1/40 | Batch 600/2018 | Loss: 0.7677 | LR: 4.46e-05
Epoch 1/40 | Batch 640/2018 | Loss: 0.7628 | LR: 4.76e-05
Epoch 1/40 | Batch 680/2018 | Loss: 0.7629 | LR: 5.05e-05
Epoch 1/40 | Batch 720/2018 | Loss: 0.7899 | LR: 5.35e-05
Epoch 1/40 | Batch 760/2018 | Loss: 0.7890 | LR: 5.65e-05
Epoch 1/40 | Batch 800/2018 | Loss: 0.7362 | LR: 5.95e-05
Epoch 1/40 | Batch 840/2018 | Loss: 0.7825 | LR: 6.24e-05
Epoch 1/40 | Batch 880/2018 | Loss: 0.7459 | LR: 6.54e-05
Epoch 1/40 | Batch 920/2018 | Loss: 0.7793 | LR: 6.84e-05
Epoch 1/40 | Batch 960/2018 | Loss: 0.7656 | LR: 7.14e-05
Epoch 1/40 | Batch 1000/2018 | Loss: 0.7765 | LR: 7.43e-05
Epoch 1/40 | Batch 1040/2018 | Loss: 0.7639 | LR: 7.73e-05
Epoch 1/40 | Batch 1080/2018 | Loss: 0.7617 | LR: 8.03e-05
Epoch 1/40 | Batch 1120/2018 | Loss: 0.7792 | LR: 8.33e-05
Epoch 1/40 | Batch 1160/2018 | Loss: 0.7759 | LR: 8.62e-05
Epoch 1/40 | Batch 1200/2018 | Loss: 0.7727 | LR: 8.92e-05
Epoch 1/40 | Batch 1240/2018 | Loss: 0.8000 | LR: 9.22e-05
Epoch 1/40 | Batch 1280/2018 | Loss: 0.8222 | LR: 9.51e-05
Epoch 1/40 | Batch 1320/2018 | Loss: 0.7746 | LR: 9.81e-05
Epoch 1/40 | Batch 1360/2018 | Loss: 0.7514 | LR: 1.01e-04
Epoch 1/40 | Batch 1400/2018 | Loss: 0.7495 | LR: 1.04e-04
Epoch 1/40 | Batch 1440/2018 | Loss: 0.7832 | LR: 1.07e-04
Epoch 1/40 | Batch 1480/2018 | Loss: 0.7446 | LR: 1.10e-04
Epoch 1/40 | Batch 1520/2018 | Loss: 0.7802 | LR: 1.13e-04
Epoch 1/40 | Batch 1560/2018 | Loss: 0.7772 | LR: 1.16e-04
Epoch 1/40 | Batch 1600/2018 | Loss: 0.7759 | LR: 1.19e-04
Epoch 1/40 | Batch 1640/2018 | Loss: 0.7633 | LR: 1.22e-04
Epoch 1/40 | Batch 1680/2018 | Loss: 0.7630 | LR: 1.25e-04
Epoch 1/40 | Batch 1720/2018 | Loss: 0.7570 | LR: 1.28e-04
Epoch 1/40 | Batch 1760/2018 | Loss: 0.7468 | LR: 1.31e-04
Epoch 1/40 | Batch 1800/2018 | Loss: 0.7325 | LR: 1.34e-04
Epoch 1/40 | Batch 1840/2018 | Loss: 0.7431 | LR: 1.37e-04
Epoch 1/40 | Batch 1880/2018 | Loss: 0.7559 | LR: 1.40e-04
Epoch 1/40 | Batch 1920/2018 | Loss: 0.7696 | LR: 1.43e-04
Epoch 1/40 | Batch 1960/2018 | Loss: 0.7791 | LR: 1.46e-04
Epoch 1/40 | Batch 2000/2018 | Loss: 0.7846 | LR: 1.49e-04
  Sample - Pred: [34, 40, 9, 2, 23, 40, 29, 18, 40, 17, 40, 29, 3, 23, 40] | True: [34, 40, 20, 2, 23, 40, 29, 18, 40, 10, 3, 40, 20, 25, 9]

Epoch 1 Summary:
  Train Loss: 0.8249
  Val Loss: 0.7666
  PER: 0.5062
  Avg LR: 7.50e-05
------------------------------------------------------------
  ** New best model saved! PER: 0.5062
Epoch 2/40 | Batch 0/2018 | Loss: 0.7387 | LR: 1.50e-04
Epoch 2/40 | Batch 40/2018 | Loss: 0.7772 | LR: 1.53e-04
Epoch 2/40 | Batch 80/2018 | Loss: 0.7361 | LR: 1.56e-04
Epoch 2/40 | Batch 120/2018 | Loss: 0.7464 | LR: 1.59e-04
Epoch 2/40 | Batch 160/2018 | Loss: 0.7329 | LR: 1.62e-04
Epoch 2/40 | Batch 200/2018 | Loss: 0.7730 | LR: 1.65e-04
Epoch 2/40 | Batch 240/2018 | Loss: 0.7734 | LR: 1.68e-04
Epoch 2/40 | Batch 280/2018 | Loss: 0.7336 | LR: 1.71e-04
Epoch 2/40 | Batch 320/2018 | Loss: 0.7314 | LR: 1.74e-04
Epoch 2/40 | Batch 360/2018 | Loss: 0.7941 | LR: 1.77e-04
Epoch 2/40 | Batch 400/2018 | Loss: 0.7738 | LR: 1.80e-04
Epoch 2/40 | Batch 440/2018 | Loss: 0.7386 | LR: 1.83e-04
Epoch 2/40 | Batch 480/2018 | Loss: 0.7617 | LR: 1.86e-04
Epoch 2/40 | Batch 520/2018 | Loss: 0.7379 | LR: 1.89e-04
Epoch 2/40 | Batch 560/2018 | Loss: 0.7487 | LR: 1.92e-04
Epoch 2/40 | Batch 600/2018 | Loss: 0.7475 | LR: 1.95e-04
Epoch 2/40 | Batch 640/2018 | Loss: 0.7497 | LR: 1.98e-04
Epoch 2/40 | Batch 680/2018 | Loss: 0.7361 | LR: 2.01e-04
Epoch 2/40 | Batch 720/2018 | Loss: 0.7624 | LR: 2.04e-04
Epoch 2/40 | Batch 760/2018 | Loss: 0.7745 | LR: 2.06e-04
Epoch 2/40 | Batch 800/2018 | Loss: 0.7542 | LR: 2.09e-04
Epoch 2/40 | Batch 840/2018 | Loss: 0.8076 | LR: 2.12e-04
Epoch 2/40 | Batch 880/2018 | Loss: 0.7455 | LR: 2.15e-04
Epoch 2/40 | Batch 920/2018 | Loss: 0.7746 | LR: 2.18e-04
Epoch 2/40 | Batch 960/2018 | Loss: 0.7731 | LR: 2.21e-04
Epoch 2/40 | Batch 1000/2018 | Loss: 0.7491 | LR: 2.24e-04
Epoch 2/40 | Batch 1040/2018 | Loss: 0.7418 | LR: 2.27e-04
Epoch 2/40 | Batch 1080/2018 | Loss: 0.7273 | LR: 2.30e-04
Epoch 2/40 | Batch 1120/2018 | Loss: 0.7322 | LR: 2.33e-04
Epoch 2/40 | Batch 1160/2018 | Loss: 0.7323 | LR: 2.36e-04
Epoch 2/40 | Batch 1200/2018 | Loss: 0.7473 | LR: 2.39e-04
Epoch 2/40 | Batch 1240/2018 | Loss: 0.7274 | LR: 2.42e-04
Epoch 2/40 | Batch 1280/2018 | Loss: 0.7388 | LR: 2.45e-04
Epoch 2/40 | Batch 1320/2018 | Loss: 0.7608 | LR: 2.48e-04
Epoch 2/40 | Batch 1360/2018 | Loss: 0.7663 | LR: 2.51e-04
Epoch 2/40 | Batch 1400/2018 | Loss: 0.7813 | LR: 2.54e-04
Epoch 2/40 | Batch 1440/2018 | Loss: 0.7403 | LR: 2.57e-04
Epoch 2/40 | Batch 1480/2018 | Loss: 0.7474 | LR: 2.60e-04
Epoch 2/40 | Batch 1520/2018 | Loss: 0.7484 | LR: 2.63e-04
Epoch 2/40 | Batch 1560/2018 | Loss: 0.7216 | LR: 2.66e-04
Epoch 2/40 | Batch 1600/2018 | Loss: 0.7306 | LR: 2.69e-04
Epoch 2/40 | Batch 1640/2018 | Loss: 0.7577 | LR: 2.72e-04
Epoch 2/40 | Batch 1680/2018 | Loss: 0.7387 | LR: 2.75e-04
Epoch 2/40 | Batch 1720/2018 | Loss: 0.7533 | LR: 2.78e-04
Epoch 2/40 | Batch 1760/2018 | Loss: 0.7387 | LR: 2.81e-04
Epoch 2/40 | Batch 1800/2018 | Loss: 0.7252 | LR: 2.84e-04
Epoch 2/40 | Batch 1840/2018 | Loss: 0.7390 | LR: 2.87e-04
Epoch 2/40 | Batch 1880/2018 | Loss: 0.7483 | LR: 2.90e-04
Epoch 2/40 | Batch 1920/2018 | Loss: 0.7294 | LR: 2.93e-04
Epoch 2/40 | Batch 1960/2018 | Loss: 0.7365 | LR: 2.96e-04
Epoch 2/40 | Batch 2000/2018 | Loss: 0.7371 | LR: 2.99e-04
  Sample - Pred: [34, 40, 20, 2, 23, 40, 10, 25, 22, 16, 3, 40, 16, 1, 21] | True: [34, 40, 20, 2, 23, 40, 29, 18, 40, 10, 3, 40, 20, 25, 9]

Epoch 2 Summary:
  Train Loss: 0.7453
  Val Loss: 0.7493
  PER: 0.4060
  Avg LR: 2.25e-04
------------------------------------------------------------
  ** New best model saved! PER: 0.4060
Epoch 3/40 | Batch 0/2018 | Loss: 0.7463 | LR: 3.00e-04
Epoch 3/40 | Batch 40/2018 | Loss: 0.7240 | LR: 3.00e-04
Epoch 3/40 | Batch 80/2018 | Loss: 0.7469 | LR: 3.00e-04
Epoch 3/40 | Batch 120/2018 | Loss: 0.7568 | LR: 3.00e-04
Epoch 3/40 | Batch 160/2018 | Loss: 0.7126 | LR: 3.00e-04
Epoch 3/40 | Batch 200/2018 | Loss: 0.7388 | LR: 3.00e-04
Epoch 3/40 | Batch 240/2018 | Loss: 0.7427 | LR: 3.00e-04
Epoch 3/40 | Batch 280/2018 | Loss: 0.7447 | LR: 3.00e-04
Epoch 3/40 | Batch 320/2018 | Loss: 0.7664 | LR: 3.00e-04
Epoch 3/40 | Batch 360/2018 | Loss: 0.7268 | LR: 3.00e-04
Epoch 3/40 | Batch 400/2018 | Loss: 0.7190 | LR: 3.00e-04
Epoch 3/40 | Batch 440/2018 | Loss: 0.7462 | LR: 3.00e-04
Epoch 3/40 | Batch 480/2018 | Loss: 0.7333 | LR: 3.00e-04
Epoch 3/40 | Batch 520/2018 | Loss: 0.7262 | LR: 3.00e-04
Epoch 3/40 | Batch 560/2018 | Loss: 0.7682 | LR: 3.00e-04
Epoch 3/40 | Batch 600/2018 | Loss: 0.7598 | LR: 3.00e-04
Epoch 3/40 | Batch 640/2018 | Loss: 0.7616 | LR: 3.00e-04
Epoch 3/40 | Batch 680/2018 | Loss: 0.7300 | LR: 3.00e-04
Epoch 3/40 | Batch 720/2018 | Loss: 0.7237 | LR: 3.00e-04
Epoch 3/40 | Batch 760/2018 | Loss: 0.7203 | LR: 3.00e-04
Epoch 3/40 | Batch 800/2018 | Loss: 0.7176 | LR: 3.00e-04
Epoch 3/40 | Batch 840/2018 | Loss: 0.7123 | LR: 3.00e-04
Epoch 3/40 | Batch 880/2018 | Loss: 0.7433 | LR: 3.00e-04
Epoch 3/40 | Batch 920/2018 | Loss: 0.7188 | LR: 3.00e-04
Epoch 3/40 | Batch 960/2018 | Loss: 0.7294 | LR: 3.00e-04
Epoch 3/40 | Batch 1000/2018 | Loss: 0.7425 | LR: 3.00e-04
Epoch 3/40 | Batch 1040/2018 | Loss: 0.7284 | LR: 3.00e-04
Epoch 3/40 | Batch 1080/2018 | Loss: 0.7514 | LR: 3.00e-04
Epoch 3/40 | Batch 1120/2018 | Loss: 0.7264 | LR: 3.00e-04
Epoch 3/40 | Batch 1160/2018 | Loss: 0.7546 | LR: 3.00e-04
Epoch 3/40 | Batch 1200/2018 | Loss: 0.7448 | LR: 3.00e-04
Epoch 3/40 | Batch 1240/2018 | Loss: 0.7304 | LR: 3.00e-04
Epoch 3/40 | Batch 1280/2018 | Loss: 0.7269 | LR: 3.00e-04
Epoch 3/40 | Batch 1320/2018 | Loss: 0.7343 | LR: 3.00e-04
Epoch 3/40 | Batch 1360/2018 | Loss: 0.7420 | LR: 3.00e-04
Epoch 3/40 | Batch 1400/2018 | Loss: 0.7231 | LR: 3.00e-04
Epoch 3/40 | Batch 1440/2018 | Loss: 0.7271 | LR: 3.00e-04
Epoch 3/40 | Batch 1480/2018 | Loss: 0.7055 | LR: 3.00e-04
Epoch 3/40 | Batch 1520/2018 | Loss: 0.7013 | LR: 3.00e-04
Epoch 3/40 | Batch 1560/2018 | Loss: 0.7074 | LR: 3.00e-04
Epoch 3/40 | Batch 1600/2018 | Loss: 0.7059 | LR: 3.00e-04
Epoch 3/40 | Batch 1640/2018 | Loss: 0.7255 | LR: 3.00e-04
Epoch 3/40 | Batch 1680/2018 | Loss: 0.6977 | LR: 3.00e-04
Epoch 3/40 | Batch 1720/2018 | Loss: 0.7156 | LR: 3.00e-04
Epoch 3/40 | Batch 1760/2018 | Loss: 0.7203 | LR: 3.00e-04
Epoch 3/40 | Batch 1800/2018 | Loss: 0.7100 | LR: 3.00e-04
Epoch 3/40 | Batch 1840/2018 | Loss: 0.7371 | LR: 3.00e-04
Epoch 3/40 | Batch 1880/2018 | Loss: 0.7129 | LR: 3.00e-04
Epoch 3/40 | Batch 1920/2018 | Loss: 0.7404 | LR: 3.00e-04
Epoch 3/40 | Batch 1960/2018 | Loss: 0.7285 | LR: 3.00e-04
Epoch 3/40 | Batch 2000/2018 | Loss: 0.7257 | LR: 3.00e-04
  Sample - Pred: [34, 40, 20, 2, 23, 40, 22, 18, 40, 20, 3, 40, 16, 2, 21] | True: [34, 40, 20, 2, 23, 40, 29, 18, 40, 10, 3, 40, 20, 25, 9]

Epoch 3 Summary:
  Train Loss: 0.7304
  Val Loss: 0.7402
  PER: 0.3436
  Avg LR: 3.00e-04
------------------------------------------------------------
  ** New best model saved! PER: 0.3436
Epoch 4/40 | Batch 0/2018 | Loss: 0.7196 | LR: 2.99e-04
Epoch 4/40 | Batch 40/2018 | Loss: 0.7137 | LR: 2.99e-04
Epoch 4/40 | Batch 80/2018 | Loss: 0.7070 | LR: 2.99e-04
Epoch 4/40 | Batch 120/2018 | Loss: 0.7153 | LR: 2.99e-04
Epoch 4/40 | Batch 160/2018 | Loss: 0.7265 | LR: 2.99e-04
Epoch 4/40 | Batch 200/2018 | Loss: 0.7324 | LR: 2.99e-04
Epoch 4/40 | Batch 240/2018 | Loss: 0.7151 | LR: 2.99e-04
Epoch 4/40 | Batch 280/2018 | Loss: 0.7351 | LR: 2.99e-04
Epoch 4/40 | Batch 320/2018 | Loss: 0.7232 | LR: 2.99e-04
Epoch 4/40 | Batch 360/2018 | Loss: 0.7279 | LR: 2.99e-04
Epoch 4/40 | Batch 400/2018 | Loss: 0.7039 | LR: 2.99e-04
Epoch 4/40 | Batch 440/2018 | Loss: 0.7153 | LR: 2.99e-04
Epoch 4/40 | Batch 480/2018 | Loss: 0.7126 | LR: 2.99e-04
Epoch 4/40 | Batch 520/2018 | Loss: 0.7134 | LR: 2.99e-04
Epoch 4/40 | Batch 560/2018 | Loss: 0.7181 | LR: 2.99e-04
Epoch 4/40 | Batch 600/2018 | Loss: 0.7260 | LR: 2.99e-04
Epoch 4/40 | Batch 640/2018 | Loss: 0.7290 | LR: 2.99e-04
Epoch 4/40 | Batch 680/2018 | Loss: 0.7112 | LR: 2.99e-04
Epoch 4/40 | Batch 720/2018 | Loss: 0.7071 | LR: 2.99e-04
Epoch 4/40 | Batch 760/2018 | Loss: 0.7012 | LR: 2.99e-04
Epoch 4/40 | Batch 800/2018 | Loss: 0.7247 | LR: 2.99e-04
Epoch 4/40 | Batch 840/2018 | Loss: 0.7032 | LR: 2.99e-04
Epoch 4/40 | Batch 880/2018 | Loss: 0.7071 | LR: 2.99e-04
Epoch 4/40 | Batch 920/2018 | Loss: 0.7021 | LR: 2.99e-04
Epoch 4/40 | Batch 960/2018 | Loss: 0.7274 | LR: 2.99e-04
Epoch 4/40 | Batch 1000/2018 | Loss: 0.7189 | LR: 2.99e-04
Epoch 4/40 | Batch 1040/2018 | Loss: 0.6987 | LR: 2.99e-04
Epoch 4/40 | Batch 1080/2018 | Loss: 0.7092 | LR: 2.99e-04
Epoch 4/40 | Batch 1120/2018 | Loss: 0.7248 | LR: 2.99e-04
Epoch 4/40 | Batch 1160/2018 | Loss: 0.7030 | LR: 2.99e-04
Epoch 4/40 | Batch 1200/2018 | Loss: 0.7155 | LR: 2.99e-04
Epoch 4/40 | Batch 1240/2018 | Loss: 0.7180 | LR: 2.99e-04
Epoch 4/40 | Batch 1280/2018 | Loss: 0.7443 | LR: 2.99e-04
Epoch 4/40 | Batch 1320/2018 | Loss: 0.7331 | LR: 2.99e-04
Epoch 4/40 | Batch 1360/2018 | Loss: 0.7149 | LR: 2.99e-04
Epoch 4/40 | Batch 1400/2018 | Loss: 0.7344 | LR: 2.99e-04
Epoch 4/40 | Batch 1440/2018 | Loss: 0.7069 | LR: 2.99e-04
Epoch 4/40 | Batch 1480/2018 | Loss: 0.7114 | LR: 2.98e-04
Epoch 4/40 | Batch 1520/2018 | Loss: 0.7444 | LR: 2.98e-04
Epoch 4/40 | Batch 1560/2018 | Loss: 0.7210 | LR: 2.98e-04
Epoch 4/40 | Batch 1600/2018 | Loss: 0.7161 | LR: 2.98e-04
Epoch 4/40 | Batch 1640/2018 | Loss: 0.7303 | LR: 2.98e-04
Epoch 4/40 | Batch 1680/2018 | Loss: 0.7239 | LR: 2.98e-04
Epoch 4/40 | Batch 1720/2018 | Loss: 0.7068 | LR: 2.98e-04
Epoch 4/40 | Batch 1760/2018 | Loss: 0.7313 | LR: 2.98e-04
Epoch 4/40 | Batch 1800/2018 | Loss: 0.7026 | LR: 2.98e-04
Epoch 4/40 | Batch 1840/2018 | Loss: 0.7154 | LR: 2.98e-04
Epoch 4/40 | Batch 1880/2018 | Loss: 0.7105 | LR: 2.98e-04
Epoch 4/40 | Batch 1920/2018 | Loss: 0.7284 | LR: 2.98e-04
Epoch 4/40 | Batch 1960/2018 | Loss: 0.7192 | LR: 2.98e-04
Epoch 4/40 | Batch 2000/2018 | Loss: 0.7208 | LR: 2.98e-04
  Sample - Pred: [34, 40, 20, 2, 23, 40, 31, 18, 40, 20, 3, 40, 20, 3, 23] | True: [34, 40, 20, 2, 23, 40, 29, 18, 40, 10, 3, 40, 20, 25, 9]

Epoch 4 Summary:
  Train Loss: 0.7180
  Val Loss: 0.7292
  PER: 0.2789
  Avg LR: 2.99e-04
------------------------------------------------------------
  ** New best model saved! PER: 0.2789
Epoch 5/40 | Batch 0/2018 | Loss: 0.7137 | LR: 2.98e-04
Epoch 5/40 | Batch 40/2018 | Loss: 0.7463 | LR: 2.98e-04
Epoch 5/40 | Batch 80/2018 | Loss: 0.7094 | LR: 2.98e-04
Epoch 5/40 | Batch 120/2018 | Loss: 0.7185 | LR: 2.98e-04
Epoch 5/40 | Batch 160/2018 | Loss: 0.7204 | LR: 2.98e-04
Epoch 5/40 | Batch 200/2018 | Loss: 0.7001 | LR: 2.98e-04
Epoch 5/40 | Batch 240/2018 | Loss: 0.6997 | LR: 2.98e-04
Epoch 5/40 | Batch 280/2018 | Loss: 0.7065 | LR: 2.98e-04
Epoch 5/40 | Batch 320/2018 | Loss: 0.7186 | LR: 2.98e-04
Epoch 5/40 | Batch 360/2018 | Loss: 0.6958 | LR: 2.98e-04
Epoch 5/40 | Batch 400/2018 | Loss: 0.7309 | LR: 2.98e-04
Epoch 5/40 | Batch 440/2018 | Loss: 0.7007 | LR: 2.98e-04
Epoch 5/40 | Batch 480/2018 | Loss: 0.7092 | LR: 2.97e-04
Epoch 5/40 | Batch 520/2018 | Loss: 0.7068 | LR: 2.97e-04
Epoch 5/40 | Batch 560/2018 | Loss: 0.7075 | LR: 2.97e-04
Epoch 5/40 | Batch 600/2018 | Loss: 0.7245 | LR: 2.97e-04
Epoch 5/40 | Batch 640/2018 | Loss: 0.7049 | LR: 2.97e-04
Epoch 5/40 | Batch 680/2018 | Loss: 0.7030 | LR: 2.97e-04
Epoch 5/40 | Batch 720/2018 | Loss: 0.7003 | LR: 2.97e-04
Epoch 5/40 | Batch 760/2018 | Loss: 0.7288 | LR: 2.97e-04
Epoch 5/40 | Batch 800/2018 | Loss: 0.7089 | LR: 2.97e-04
Epoch 5/40 | Batch 840/2018 | Loss: 0.7096 | LR: 2.97e-04
Epoch 5/40 | Batch 880/2018 | Loss: 0.7047 | LR: 2.97e-04
Epoch 5/40 | Batch 920/2018 | Loss: 0.7017 | LR: 2.97e-04
Epoch 5/40 | Batch 960/2018 | Loss: 0.7252 | LR: 2.97e-04
Epoch 5/40 | Batch 1000/2018 | Loss: 0.6964 | LR: 2.97e-04
Epoch 5/40 | Batch 1040/2018 | Loss: 0.7011 | LR: 2.97e-04
Epoch 5/40 | Batch 1080/2018 | Loss: 0.7033 | LR: 2.97e-04
Epoch 5/40 | Batch 1120/2018 | Loss: 0.7270 | LR: 2.97e-04
Epoch 5/40 | Batch 1160/2018 | Loss: 0.6927 | LR: 2.97e-04
Epoch 5/40 | Batch 1200/2018 | Loss: 0.7123 | LR: 2.97e-04
Epoch 5/40 | Batch 1240/2018 | Loss: 0.7049 | LR: 2.97e-04
Epoch 5/40 | Batch 1280/2018 | Loss: 0.7076 | LR: 2.96e-04
Epoch 5/40 | Batch 1320/2018 | Loss: 0.7148 | LR: 2.96e-04
Epoch 5/40 | Batch 1360/2018 | Loss: 0.6961 | LR: 2.96e-04
Epoch 5/40 | Batch 1400/2018 | Loss: 0.6991 | LR: 2.96e-04
Epoch 5/40 | Batch 1440/2018 | Loss: 0.6925 | LR: 2.96e-04
Epoch 5/40 | Batch 1480/2018 | Loss: 0.7090 | LR: 2.96e-04
Epoch 5/40 | Batch 1520/2018 | Loss: 0.7027 | LR: 2.96e-04
Epoch 5/40 | Batch 1560/2018 | Loss: 0.6970 | LR: 2.96e-04
Epoch 5/40 | Batch 1600/2018 | Loss: 0.6956 | LR: 2.96e-04
Epoch 5/40 | Batch 1640/2018 | Loss: 0.7132 | LR: 2.96e-04
Epoch 5/40 | Batch 1680/2018 | Loss: 0.7062 | LR: 2.96e-04
Epoch 5/40 | Batch 1720/2018 | Loss: 0.6866 | LR: 2.96e-04
Epoch 5/40 | Batch 1760/2018 | Loss: 0.7229 | LR: 2.96e-04
Epoch 5/40 | Batch 1800/2018 | Loss: 0.7020 | LR: 2.96e-04
Epoch 5/40 | Batch 1840/2018 | Loss: 0.7052 | LR: 2.96e-04
Epoch 5/40 | Batch 1880/2018 | Loss: 0.7089 | LR: 2.96e-04
Epoch 5/40 | Batch 1920/2018 | Loss: 0.7180 | LR: 2.96e-04
Epoch 5/40 | Batch 1960/2018 | Loss: 0.7065 | LR: 2.96e-04
Epoch 5/40 | Batch 2000/2018 | Loss: 0.7085 | LR: 2.95e-04
  Sample - Pred: [34, 40, 20, 2, 23, 40, 22, 18, 40, 10, 3, 40, 20, 3, 22] | True: [34, 40, 20, 2, 23, 40, 29, 18, 40, 10, 3, 40, 20, 25, 9]

Epoch 5 Summary:
  Train Loss: 0.7100
  Val Loss: 0.7230
  PER: 0.2333
  Avg LR: 2.97e-04
------------------------------------------------------------
  ** New best model saved! PER: 0.2333
Epoch 6/40 | Batch 0/2018 | Loss: 0.6916 | LR: 2.95e-04
Epoch 6/40 | Batch 40/2018 | Loss: 0.7127 | LR: 2.95e-04
Epoch 6/40 | Batch 80/2018 | Loss: 0.7183 | LR: 2.95e-04
Epoch 6/40 | Batch 120/2018 | Loss: 0.6972 | LR: 2.95e-04
Epoch 6/40 | Batch 160/2018 | Loss: 0.7031 | LR: 2.95e-04
Epoch 6/40 | Batch 200/2018 | Loss: 0.7090 | LR: 2.95e-04
Epoch 6/40 | Batch 240/2018 | Loss: 0.6936 | LR: 2.95e-04
Epoch 6/40 | Batch 280/2018 | Loss: 0.7039 | LR: 2.95e-04
Epoch 6/40 | Batch 320/2018 | Loss: 0.6983 | LR: 2.95e-04
Epoch 6/40 | Batch 360/2018 | Loss: 0.7239 | LR: 2.95e-04
Epoch 6/40 | Batch 400/2018 | Loss: 0.7219 | LR: 2.95e-04
Epoch 6/40 | Batch 440/2018 | Loss: 0.7090 | LR: 2.95e-04
Epoch 6/40 | Batch 480/2018 | Loss: 0.7077 | LR: 2.95e-04
Epoch 6/40 | Batch 520/2018 | Loss: 0.7135 | LR: 2.95e-04
Epoch 6/40 | Batch 560/2018 | Loss: 0.7131 | LR: 2.95e-04
Epoch 6/40 | Batch 600/2018 | Loss: 0.6974 | LR: 2.95e-04
Epoch 6/40 | Batch 640/2018 | Loss: 0.7216 | LR: 2.94e-04
Epoch 6/40 | Batch 680/2018 | Loss: 0.7040 | LR: 2.94e-04
Epoch 6/40 | Batch 720/2018 | Loss: 0.7046 | LR: 2.94e-04
Epoch 6/40 | Batch 760/2018 | Loss: 0.7241 | LR: 2.94e-04
Epoch 6/40 | Batch 800/2018 | Loss: 0.7061 | LR: 2.94e-04
Epoch 6/40 | Batch 840/2018 | Loss: 0.7090 | LR: 2.94e-04
Epoch 6/40 | Batch 880/2018 | Loss: 0.7167 | LR: 2.94e-04
Epoch 6/40 | Batch 920/2018 | Loss: 0.7273 | LR: 2.94e-04
Epoch 6/40 | Batch 960/2018 | Loss: 0.6957 | LR: 2.94e-04
Epoch 6/40 | Batch 1000/2018 | Loss: 0.7086 | LR: 2.94e-04
Epoch 6/40 | Batch 1040/2018 | Loss: 0.6972 | LR: 2.94e-04
Epoch 6/40 | Batch 1080/2018 | Loss: 0.6945 | LR: 2.94e-04
Epoch 6/40 | Batch 1120/2018 | Loss: 0.6999 | LR: 2.94e-04
Epoch 6/40 | Batch 1160/2018 | Loss: 0.6986 | LR: 2.94e-04
Epoch 6/40 | Batch 1200/2018 | Loss: 0.6903 | LR: 2.93e-04
Epoch 6/40 | Batch 1240/2018 | Loss: 0.6906 | LR: 2.93e-04
Epoch 6/40 | Batch 1280/2018 | Loss: 0.6949 | LR: 2.93e-04
Epoch 6/40 | Batch 1320/2018 | Loss: 0.6921 | LR: 2.93e-04
Epoch 6/40 | Batch 1360/2018 | Loss: 0.6964 | LR: 2.93e-04
Epoch 6/40 | Batch 1400/2018 | Loss: 0.6936 | LR: 2.93e-04
Epoch 6/40 | Batch 1440/2018 | Loss: 0.6967 | LR: 2.93e-04
Epoch 6/40 | Batch 1480/2018 | Loss: 0.7026 | LR: 2.93e-04
Epoch 6/40 | Batch 1520/2018 | Loss: 0.7004 | LR: 2.93e-04
Epoch 6/40 | Batch 1560/2018 | Loss: 0.7026 | LR: 2.93e-04
Epoch 6/40 | Batch 1600/2018 | Loss: 0.7135 | LR: 2.93e-04
Epoch 6/40 | Batch 1640/2018 | Loss: 0.6969 | LR: 2.93e-04
Epoch 6/40 | Batch 1680/2018 | Loss: 0.6983 | LR: 2.93e-04
Epoch 6/40 | Batch 1720/2018 | Loss: 0.7194 | LR: 2.93e-04
Epoch 6/40 | Batch 1760/2018 | Loss: 0.6981 | LR: 2.92e-04
Epoch 6/40 | Batch 1800/2018 | Loss: 0.7077 | LR: 2.92e-04
Epoch 6/40 | Batch 1840/2018 | Loss: 0.7063 | LR: 2.92e-04
Epoch 6/40 | Batch 1880/2018 | Loss: 0.7093 | LR: 2.92e-04
Epoch 6/40 | Batch 1920/2018 | Loss: 0.7199 | LR: 2.92e-04
Epoch 6/40 | Batch 1960/2018 | Loss: 0.6942 | LR: 2.92e-04
Epoch 6/40 | Batch 2000/2018 | Loss: 0.7186 | LR: 2.92e-04
  Sample - Pred: [34, 40, 20, 2, 23, 40, 29, 18, 40, 10, 3, 40, 20, 3, 21] | True: [34, 40, 20, 2, 23, 40, 29, 18, 40, 10, 3, 40, 20, 25, 9]

Epoch 6 Summary:
  Train Loss: 0.7050
  Val Loss: 0.7182
  PER: 0.2156
  Avg LR: 2.94e-04
------------------------------------------------------------
  ** New best model saved! PER: 0.2156
Epoch 7/40 | Batch 0/2018 | Loss: 0.7051 | LR: 2.92e-04
Epoch 7/40 | Batch 40/2018 | Loss: 0.7112 | LR: 2.92e-04
Epoch 7/40 | Batch 80/2018 | Loss: 0.7066 | LR: 2.92e-04
Epoch 7/40 | Batch 120/2018 | Loss: 0.7006 | LR: 2.92e-04
Epoch 7/40 | Batch 160/2018 | Loss: 0.6930 | LR: 2.92e-04
Epoch 7/40 | Batch 200/2018 | Loss: 0.7043 | LR: 2.92e-04
Epoch 7/40 | Batch 240/2018 | Loss: 0.6917 | LR: 2.91e-04
Epoch 7/40 | Batch 280/2018 | Loss: 0.6970 | LR: 2.91e-04
Epoch 7/40 | Batch 320/2018 | Loss: 0.6893 | LR: 2.91e-04
Epoch 7/40 | Batch 360/2018 | Loss: 0.6993 | LR: 2.91e-04
Epoch 7/40 | Batch 400/2018 | Loss: 0.7001 | LR: 2.91e-04
Epoch 7/40 | Batch 440/2018 | Loss: 0.6921 | LR: 2.91e-04
Epoch 7/40 | Batch 480/2018 | Loss: 0.6978 | LR: 2.91e-04
Epoch 7/40 | Batch 520/2018 | Loss: 0.7034 | LR: 2.91e-04
Epoch 7/40 | Batch 560/2018 | Loss: 0.6965 | LR: 2.91e-04
Epoch 7/40 | Batch 600/2018 | Loss: 0.6950 | LR: 2.91e-04
Epoch 7/40 | Batch 640/2018 | Loss: 0.7018 | LR: 2.91e-04
Epoch 7/40 | Batch 680/2018 | Loss: 0.7128 | LR: 2.91e-04
Epoch 7/40 | Batch 720/2018 | Loss: 0.7017 | LR: 2.90e-04
Epoch 7/40 | Batch 760/2018 | Loss: 0.7022 | LR: 2.90e-04
Epoch 7/40 | Batch 800/2018 | Loss: 0.6939 | LR: 2.90e-04
Epoch 7/40 | Batch 840/2018 | Loss: 0.7015 | LR: 2.90e-04
Epoch 7/40 | Batch 880/2018 | Loss: 0.6960 | LR: 2.90e-04
Epoch 7/40 | Batch 920/2018 | Loss: 0.6992 | LR: 2.90e-04
Epoch 7/40 | Batch 960/2018 | Loss: 0.7136 | LR: 2.90e-04
Epoch 7/40 | Batch 1000/2018 | Loss: 0.6975 | LR: 2.90e-04
Epoch 7/40 | Batch 1040/2018 | Loss: 0.7072 | LR: 2.90e-04
Epoch 7/40 | Batch 1080/2018 | Loss: 0.6937 | LR: 2.90e-04
Epoch 7/40 | Batch 1120/2018 | Loss: 0.6905 | LR: 2.90e-04
Epoch 7/40 | Batch 1160/2018 | Loss: 0.6921 | LR: 2.90e-04
Epoch 7/40 | Batch 1200/2018 | Loss: 0.7038 | LR: 2.89e-04
Epoch 7/40 | Batch 1240/2018 | Loss: 0.7110 | LR: 2.89e-04
Epoch 7/40 | Batch 1280/2018 | Loss: 0.7082 | LR: 2.89e-04
Epoch 7/40 | Batch 1320/2018 | Loss: 0.6980 | LR: 2.89e-04
Epoch 7/40 | Batch 1360/2018 | Loss: 0.7095 | LR: 2.89e-04
Epoch 7/40 | Batch 1400/2018 | Loss: 0.7139 | LR: 2.89e-04
Epoch 7/40 | Batch 1440/2018 | Loss: 0.7002 | LR: 2.89e-04
Epoch 7/40 | Batch 1480/2018 | Loss: 0.6913 | LR: 2.89e-04
Epoch 7/40 | Batch 1520/2018 | Loss: 0.6925 | LR: 2.89e-04
Epoch 7/40 | Batch 1560/2018 | Loss: 0.7040 | LR: 2.89e-04
Epoch 7/40 | Batch 1600/2018 | Loss: 0.6978 | LR: 2.88e-04
Epoch 7/40 | Batch 1640/2018 | Loss: 0.7115 | LR: 2.88e-04
Epoch 7/40 | Batch 1680/2018 | Loss: 0.7089 | LR: 2.88e-04
Epoch 7/40 | Batch 1720/2018 | Loss: 0.7100 | LR: 2.88e-04
Epoch 7/40 | Batch 1760/2018 | Loss: 0.6935 | LR: 2.88e-04
Epoch 7/40 | Batch 1800/2018 | Loss: 0.7239 | LR: 2.88e-04
Epoch 7/40 | Batch 1840/2018 | Loss: 0.7317 | LR: 2.88e-04
Epoch 7/40 | Batch 1880/2018 | Loss: 0.6997 | LR: 2.88e-04
Epoch 7/40 | Batch 1920/2018 | Loss: 0.6874 | LR: 2.88e-04
Epoch 7/40 | Batch 1960/2018 | Loss: 0.7188 | LR: 2.88e-04
Epoch 7/40 | Batch 2000/2018 | Loss: 0.7025 | LR: 2.88e-04
  Sample - Pred: [34, 40, 20, 2, 23, 40, 29, 18, 40, 10, 3, 40, 20, 3, 22] | True: [34, 40, 20, 2, 23, 40, 29, 18, 40, 10, 3, 40, 20, 25, 9]

Epoch 7 Summary:
  Train Loss: 0.7013
  Val Loss: 0.7161
  PER: 0.2073
  Avg LR: 2.90e-04
------------------------------------------------------------
  ** New best model saved! PER: 0.2073
Epoch 8/40 | Batch 0/2018 | Loss: 0.6955 | LR: 2.87e-04
Epoch 8/40 | Batch 40/2018 | Loss: 0.6912 | LR: 2.87e-04
Epoch 8/40 | Batch 80/2018 | Loss: 0.6933 | LR: 2.87e-04
Epoch 8/40 | Batch 120/2018 | Loss: 0.6909 | LR: 2.87e-04
Epoch 8/40 | Batch 160/2018 | Loss: 0.6973 | LR: 2.87e-04
Epoch 8/40 | Batch 200/2018 | Loss: 0.6877 | LR: 2.87e-04
Epoch 8/40 | Batch 240/2018 | Loss: 0.6966 | LR: 2.87e-04
Epoch 8/40 | Batch 280/2018 | Loss: 0.6909 | LR: 2.87e-04
Epoch 8/40 | Batch 320/2018 | Loss: 0.6970 | LR: 2.87e-04
Epoch 8/40 | Batch 360/2018 | Loss: 0.6891 | LR: 2.87e-04
Epoch 8/40 | Batch 400/2018 | Loss: 0.6918 | LR: 2.86e-04
Epoch 8/40 | Batch 440/2018 | Loss: 0.7042 | LR: 2.86e-04
Epoch 8/40 | Batch 480/2018 | Loss: 0.7297 | LR: 2.86e-04
Epoch 8/40 | Batch 520/2018 | Loss: 0.7001 | LR: 2.86e-04
Epoch 8/40 | Batch 560/2018 | Loss: 0.6940 | LR: 2.86e-04
Epoch 8/40 | Batch 600/2018 | Loss: 0.6958 | LR: 2.86e-04
Epoch 8/40 | Batch 640/2018 | Loss: 0.6972 | LR: 2.86e-04
Epoch 8/40 | Batch 680/2018 | Loss: 0.7059 | LR: 2.86e-04
Epoch 8/40 | Batch 720/2018 | Loss: 0.7041 | LR: 2.86e-04
Epoch 8/40 | Batch 760/2018 | Loss: 0.6967 | LR: 2.86e-04
Epoch 8/40 | Batch 800/2018 | Loss: 0.6991 | LR: 2.85e-04
Epoch 8/40 | Batch 840/2018 | Loss: 0.6899 | LR: 2.85e-04
Epoch 8/40 | Batch 880/2018 | Loss: 0.7024 | LR: 2.85e-04
Epoch 8/40 | Batch 920/2018 | Loss: 0.7109 | LR: 2.85e-04
Epoch 8/40 | Batch 960/2018 | Loss: 0.7017 | LR: 2.85e-04
Epoch 8/40 | Batch 1000/2018 | Loss: 0.6879 | LR: 2.85e-04
Epoch 8/40 | Batch 1040/2018 | Loss: 0.6974 | LR: 2.85e-04
Epoch 8/40 | Batch 1080/2018 | Loss: 0.7049 | LR: 2.85e-04
Epoch 8/40 | Batch 1120/2018 | Loss: 0.6996 | LR: 2.85e-04
Epoch 8/40 | Batch 1160/2018 | Loss: 0.6977 | LR: 2.85e-04
Epoch 8/40 | Batch 1200/2018 | Loss: 0.6887 | LR: 2.84e-04
Epoch 8/40 | Batch 1240/2018 | Loss: 0.6881 | LR: 2.84e-04
Epoch 8/40 | Batch 1280/2018 | Loss: 0.7062 | LR: 2.84e-04
Epoch 8/40 | Batch 1320/2018 | Loss: 0.7163 | LR: 2.84e-04
Epoch 8/40 | Batch 1360/2018 | Loss: 0.6911 | LR: 2.84e-04
Epoch 8/40 | Batch 1400/2018 | Loss: 0.6888 | LR: 2.84e-04
Epoch 8/40 | Batch 1440/2018 | Loss: 0.7089 | LR: 2.84e-04
Epoch 8/40 | Batch 1480/2018 | Loss: 0.7117 | LR: 2.84e-04
Epoch 8/40 | Batch 1520/2018 | Loss: 0.6872 | LR: 2.84e-04
Epoch 8/40 | Batch 1560/2018 | Loss: 0.6956 | LR: 2.83e-04
Epoch 8/40 | Batch 1600/2018 | Loss: 0.7007 | LR: 2.83e-04
Epoch 8/40 | Batch 1640/2018 | Loss: 0.6887 | LR: 2.83e-04
Epoch 8/40 | Batch 1680/2018 | Loss: 0.7049 | LR: 2.83e-04
Epoch 8/40 | Batch 1720/2018 | Loss: 0.6940 | LR: 2.83e-04
Epoch 8/40 | Batch 1760/2018 | Loss: 0.6980 | LR: 2.83e-04
Epoch 8/40 | Batch 1800/2018 | Loss: 0.6949 | LR: 2.83e-04
Epoch 8/40 | Batch 1840/2018 | Loss: 0.6918 | LR: 2.83e-04
Epoch 8/40 | Batch 1880/2018 | Loss: 0.6922 | LR: 2.82e-04
Epoch 8/40 | Batch 1920/2018 | Loss: 0.7116 | LR: 2.82e-04
Epoch 8/40 | Batch 1960/2018 | Loss: 0.6915 | LR: 2.82e-04
Epoch 8/40 | Batch 2000/2018 | Loss: 0.7043 | LR: 2.82e-04
  Sample - Pred: [34, 40, 20, 2, 23, 31, 9, 18, 40, 10, 3, 40, 15, 33, 21] | True: [34, 40, 20, 2, 23, 40, 29, 18, 40, 10, 3, 40, 20, 25, 9]

Epoch 8 Summary:
  Train Loss: 0.6983
  Val Loss: 0.7152
  PER: 0.1974
  Avg LR: 2.85e-04
------------------------------------------------------------
  ** New best model saved! PER: 0.1974
Epoch 9/40 | Batch 0/2018 | Loss: 0.6905 | LR: 2.82e-04
Epoch 9/40 | Batch 40/2018 | Loss: 0.6950 | LR: 2.82e-04
Epoch 9/40 | Batch 80/2018 | Loss: 0.6870 | LR: 2.82e-04
Epoch 9/40 | Batch 120/2018 | Loss: 0.6927 | LR: 2.82e-04
Epoch 9/40 | Batch 160/2018 | Loss: 0.6918 | LR: 2.82e-04
Epoch 9/40 | Batch 200/2018 | Loss: 0.6928 | LR: 2.82e-04
Epoch 9/40 | Batch 240/2018 | Loss: 0.6854 | LR: 2.81e-04
Epoch 9/40 | Batch 280/2018 | Loss: 0.6874 | LR: 2.81e-04
Epoch 9/40 | Batch 320/2018 | Loss: 0.7010 | LR: 2.81e-04
Epoch 9/40 | Batch 360/2018 | Loss: 0.6910 | LR: 2.81e-04
Epoch 9/40 | Batch 400/2018 | Loss: 0.6901 | LR: 2.81e-04
Epoch 9/40 | Batch 440/2018 | Loss: 0.6932 | LR: 2.81e-04
Epoch 9/40 | Batch 480/2018 | Loss: 0.6871 | LR: 2.81e-04
Epoch 9/40 | Batch 520/2018 | Loss: 0.6875 | LR: 2.81e-04
Epoch 9/40 | Batch 560/2018 | Loss: 0.7117 | LR: 2.80e-04
Epoch 9/40 | Batch 600/2018 | Loss: 0.6916 | LR: 2.80e-04
Epoch 9/40 | Batch 640/2018 | Loss: 0.7108 | LR: 2.80e-04
Epoch 9/40 | Batch 680/2018 | Loss: 0.6898 | LR: 2.80e-04
Epoch 9/40 | Batch 720/2018 | Loss: 0.6917 | LR: 2.80e-04
Epoch 9/40 | Batch 760/2018 | Loss: 0.6940 | LR: 2.80e-04
Epoch 9/40 | Batch 800/2018 | Loss: 0.6946 | LR: 2.80e-04
Epoch 9/40 | Batch 840/2018 | Loss: 0.7071 | LR: 2.80e-04
Epoch 9/40 | Batch 880/2018 | Loss: 0.6893 | LR: 2.79e-04
Epoch 9/40 | Batch 920/2018 | Loss: 0.6933 | LR: 2.79e-04
Epoch 9/40 | Batch 960/2018 | Loss: 0.6937 | LR: 2.79e-04
Epoch 9/40 | Batch 1000/2018 | Loss: 0.6941 | LR: 2.79e-04
Epoch 9/40 | Batch 1040/2018 | Loss: 0.6939 | LR: 2.79e-04
Epoch 9/40 | Batch 1080/2018 | Loss: 0.7016 | LR: 2.79e-04
Epoch 9/40 | Batch 1120/2018 | Loss: 0.7064 | LR: 2.79e-04
Epoch 9/40 | Batch 1160/2018 | Loss: 0.6945 | LR: 2.79e-04
Epoch 9/40 | Batch 1200/2018 | Loss: 0.6950 | LR: 2.78e-04
Epoch 9/40 | Batch 1240/2018 | Loss: 0.6856 | LR: 2.78e-04
Epoch 9/40 | Batch 1280/2018 | Loss: 0.6989 | LR: 2.78e-04
Epoch 9/40 | Batch 1320/2018 | Loss: 0.6897 | LR: 2.78e-04
Epoch 9/40 | Batch 1360/2018 | Loss: 0.6869 | LR: 2.78e-04
Epoch 9/40 | Batch 1400/2018 | Loss: 0.7015 | LR: 2.78e-04
Epoch 9/40 | Batch 1440/2018 | Loss: 0.6922 | LR: 2.78e-04
Epoch 9/40 | Batch 1480/2018 | Loss: 0.6885 | LR: 2.78e-04
Epoch 9/40 | Batch 1520/2018 | Loss: 0.6971 | LR: 2.77e-04
Epoch 9/40 | Batch 1560/2018 | Loss: 0.6863 | LR: 2.77e-04
Epoch 9/40 | Batch 1600/2018 | Loss: 0.7035 | LR: 2.77e-04
Epoch 9/40 | Batch 1640/2018 | Loss: 0.6937 | LR: 2.77e-04
Epoch 9/40 | Batch 1680/2018 | Loss: 0.6907 | LR: 2.77e-04
Epoch 9/40 | Batch 1720/2018 | Loss: 0.7026 | LR: 2.77e-04
Epoch 9/40 | Batch 1760/2018 | Loss: 0.6975 | LR: 2.77e-04
Epoch 9/40 | Batch 1800/2018 | Loss: 0.6913 | LR: 2.77e-04
Epoch 9/40 | Batch 1840/2018 | Loss: 0.6997 | LR: 2.76e-04
Epoch 9/40 | Batch 1880/2018 | Loss: 0.6935 | LR: 2.76e-04
Epoch 9/40 | Batch 1920/2018 | Loss: 0.6975 | LR: 2.76e-04
Epoch 9/40 | Batch 1960/2018 | Loss: 0.7028 | LR: 2.76e-04
Epoch 9/40 | Batch 2000/2018 | Loss: 0.6966 | LR: 2.76e-04
  Sample - Pred: [34, 40, 20, 2, 23, 40, 31, 18, 40, 10, 3, 40, 20, 13, 23] | True: [34, 40, 20, 2, 23, 40, 29, 18, 40, 10, 3, 40, 20, 25, 9]

Epoch 9 Summary:
  Train Loss: 0.6957
  Val Loss: 0.7128
  PER: 0.1868
  Avg LR: 2.79e-04
------------------------------------------------------------
  ** New best model saved! PER: 0.1868
Epoch 10/40 | Batch 0/2018 | Loss: 0.6966 | LR: 2.76e-04
Epoch 10/40 | Batch 40/2018 | Loss: 0.6894 | LR: 2.76e-04
Epoch 10/40 | Batch 80/2018 | Loss: 0.6851 | LR: 2.76e-04
Epoch 10/40 | Batch 120/2018 | Loss: 0.6900 | LR: 2.75e-04
Epoch 10/40 | Batch 160/2018 | Loss: 0.6985 | LR: 2.75e-04
Epoch 10/40 | Batch 200/2018 | Loss: 0.6898 | LR: 2.75e-04
Epoch 10/40 | Batch 240/2018 | Loss: 0.6976 | LR: 2.75e-04
Epoch 10/40 | Batch 280/2018 | Loss: 0.6904 | LR: 2.75e-04
Epoch 10/40 | Batch 320/2018 | Loss: 0.6965 | LR: 2.75e-04
Epoch 10/40 | Batch 360/2018 | Loss: 0.6890 | LR: 2.75e-04
Epoch 10/40 | Batch 400/2018 | Loss: 0.6853 | LR: 2.74e-04
Epoch 10/40 | Batch 440/2018 | Loss: 0.6945 | LR: 2.74e-04
Epoch 10/40 | Batch 480/2018 | Loss: 0.6952 | LR: 2.74e-04
Epoch 10/40 | Batch 520/2018 | Loss: 0.6894 | LR: 2.74e-04
Epoch 10/40 | Batch 560/2018 | Loss: 0.6913 | LR: 2.74e-04
Epoch 10/40 | Batch 600/2018 | Loss: 0.6863 | LR: 2.74e-04
Epoch 10/40 | Batch 640/2018 | Loss: 0.6882 | LR: 2.74e-04
Epoch 10/40 | Batch 680/2018 | Loss: 0.6934 | LR: 2.74e-04
Epoch 10/40 | Batch 720/2018 | Loss: 0.6906 | LR: 2.73e-04
Epoch 10/40 | Batch 760/2018 | Loss: 0.6947 | LR: 2.73e-04
Epoch 10/40 | Batch 800/2018 | Loss: 0.6882 | LR: 2.73e-04
Epoch 10/40 | Batch 840/2018 | Loss: 0.6894 | LR: 2.73e-04
Epoch 10/40 | Batch 880/2018 | Loss: 0.6869 | LR: 2.73e-04
Epoch 10/40 | Batch 920/2018 | Loss: 0.7138 | LR: 2.73e-04
Epoch 10/40 | Batch 960/2018 | Loss: 0.6885 | LR: 2.73e-04
Epoch 10/40 | Batch 1000/2018 | Loss: 0.7158 | LR: 2.72e-04
Epoch 10/40 | Batch 1040/2018 | Loss: 0.7005 | LR: 2.72e-04
Epoch 10/40 | Batch 1080/2018 | Loss: 0.6934 | LR: 2.72e-04
Epoch 10/40 | Batch 1120/2018 | Loss: 0.6958 | LR: 2.72e-04
Epoch 10/40 | Batch 1160/2018 | Loss: 0.6900 | LR: 2.72e-04
Epoch 10/40 | Batch 1200/2018 | Loss: 0.6989 | LR: 2.72e-04
Epoch 10/40 | Batch 1240/2018 | Loss: 0.6944 | LR: 2.72e-04
Epoch 10/40 | Batch 1280/2018 | Loss: 0.6916 | LR: 2.71e-04
Epoch 10/40 | Batch 1320/2018 | Loss: 0.6999 | LR: 2.71e-04
Epoch 10/40 | Batch 1360/2018 | Loss: 0.6907 | LR: 2.71e-04
Epoch 10/40 | Batch 1400/2018 | Loss: 0.7002 | LR: 2.71e-04
Epoch 10/40 | Batch 1440/2018 | Loss: 0.6911 | LR: 2.71e-04
Epoch 10/40 | Batch 1480/2018 | Loss: 0.6942 | LR: 2.71e-04
Epoch 10/40 | Batch 1520/2018 | Loss: 0.6879 | LR: 2.71e-04
Epoch 10/40 | Batch 1560/2018 | Loss: 0.6880 | LR: 2.70e-04
Epoch 10/40 | Batch 1600/2018 | Loss: 0.6919 | LR: 2.70e-04
Epoch 10/40 | Batch 1640/2018 | Loss: 0.6985 | LR: 2.70e-04
Epoch 10/40 | Batch 1680/2018 | Loss: 0.6983 | LR: 2.70e-04
Epoch 10/40 | Batch 1720/2018 | Loss: 0.6975 | LR: 2.70e-04
Epoch 10/40 | Batch 1760/2018 | Loss: 0.7033 | LR: 2.70e-04
Epoch 10/40 | Batch 1800/2018 | Loss: 0.6952 | LR: 2.69e-04
Epoch 10/40 | Batch 1840/2018 | Loss: 0.6908 | LR: 2.69e-04
Epoch 10/40 | Batch 1880/2018 | Loss: 0.6950 | LR: 2.69e-04
Epoch 10/40 | Batch 1920/2018 | Loss: 0.6904 | LR: 2.69e-04
Epoch 10/40 | Batch 1960/2018 | Loss: 0.7028 | LR: 2.69e-04
Epoch 10/40 | Batch 2000/2018 | Loss: 0.6930 | LR: 2.69e-04
  Sample - Pred: [34, 40, 20, 2, 23, 40, 29, 18, 40, 10, 3, 40, 15, 1, 21] | True: [34, 40, 20, 2, 23, 40, 29, 18, 40, 10, 3, 40, 20, 25, 9]

Epoch 10 Summary:
  Train Loss: 0.6936
  Val Loss: 0.7113
  PER: 0.1746
  Avg LR: 2.72e-04
------------------------------------------------------------
  ** New best model saved! PER: 0.1746
Epoch 11/40 | Batch 0/2018 | Loss: 0.6821 | LR: 2.69e-04
Epoch 11/40 | Batch 40/2018 | Loss: 0.6856 | LR: 2.69e-04
Epoch 11/40 | Batch 80/2018 | Loss: 0.6956 | LR: 2.68e-04
Epoch 11/40 | Batch 120/2018 | Loss: 0.6866 | LR: 2.68e-04
Epoch 11/40 | Batch 160/2018 | Loss: 0.6898 | LR: 2.68e-04
Epoch 11/40 | Batch 200/2018 | Loss: 0.6929 | LR: 2.68e-04
Epoch 11/40 | Batch 240/2018 | Loss: 0.6940 | LR: 2.68e-04
Epoch 11/40 | Batch 280/2018 | Loss: 0.6874 | LR: 2.68e-04
Epoch 11/40 | Batch 320/2018 | Loss: 0.6867 | LR: 2.67e-04
Epoch 11/40 | Batch 360/2018 | Loss: 0.6848 | LR: 2.67e-04
Epoch 11/40 | Batch 400/2018 | Loss: 0.6858 | LR: 2.67e-04
Epoch 11/40 | Batch 440/2018 | Loss: 0.7013 | LR: 2.67e-04
Epoch 11/40 | Batch 480/2018 | Loss: 0.6939 | LR: 2.67e-04
Epoch 11/40 | Batch 520/2018 | Loss: 0.6901 | LR: 2.67e-04
Epoch 11/40 | Batch 560/2018 | Loss: 0.6879 | LR: 2.67e-04
Epoch 11/40 | Batch 600/2018 | Loss: 0.6961 | LR: 2.66e-04
Epoch 11/40 | Batch 640/2018 | Loss: 0.6867 | LR: 2.66e-04
Epoch 11/40 | Batch 680/2018 | Loss: 0.7186 | LR: 2.66e-04
Epoch 11/40 | Batch 720/2018 | Loss: 0.6985 | LR: 2.66e-04
Epoch 11/40 | Batch 760/2018 | Loss: 0.6888 | LR: 2.66e-04
Epoch 11/40 | Batch 800/2018 | Loss: 0.6905 | LR: 2.66e-04
Epoch 11/40 | Batch 840/2018 | Loss: 0.6926 | LR: 2.65e-04
Epoch 11/40 | Batch 880/2018 | Loss: 0.6895 | LR: 2.65e-04
Epoch 11/40 | Batch 920/2018 | Loss: 0.6921 | LR: 2.65e-04
Epoch 11/40 | Batch 960/2018 | Loss: 0.7042 | LR: 2.65e-04
Epoch 11/40 | Batch 1000/2018 | Loss: 0.6991 | LR: 2.65e-04
Epoch 11/40 | Batch 1040/2018 | Loss: 0.6934 | LR: 2.65e-04
Epoch 11/40 | Batch 1080/2018 | Loss: 0.6926 | LR: 2.65e-04
Epoch 11/40 | Batch 1120/2018 | Loss: 0.6858 | LR: 2.64e-04
Epoch 11/40 | Batch 1160/2018 | Loss: 0.6893 | LR: 2.64e-04
Epoch 11/40 | Batch 1200/2018 | Loss: 0.6931 | LR: 2.64e-04
Epoch 11/40 | Batch 1240/2018 | Loss: 0.6981 | LR: 2.64e-04
Epoch 11/40 | Batch 1280/2018 | Loss: 0.6857 | LR: 2.64e-04
Epoch 11/40 | Batch 1320/2018 | Loss: 0.6916 | LR: 2.64e-04
Epoch 11/40 | Batch 1360/2018 | Loss: 0.6898 | LR: 2.63e-04
Epoch 11/40 | Batch 1400/2018 | Loss: 0.6877 | LR: 2.63e-04
Epoch 11/40 | Batch 1440/2018 | Loss: 0.6899 | LR: 2.63e-04
Epoch 11/40 | Batch 1480/2018 | Loss: 0.6923 | LR: 2.63e-04
Epoch 11/40 | Batch 1520/2018 | Loss: 0.6913 | LR: 2.63e-04
Epoch 11/40 | Batch 1560/2018 | Loss: 0.6918 | LR: 2.63e-04
Epoch 11/40 | Batch 1600/2018 | Loss: 0.6899 | LR: 2.62e-04
Epoch 11/40 | Batch 1640/2018 | Loss: 0.6862 | LR: 2.62e-04
Epoch 11/40 | Batch 1680/2018 | Loss: 0.6874 | LR: 2.62e-04
Epoch 11/40 | Batch 1720/2018 | Loss: 0.6908 | LR: 2.62e-04
Epoch 11/40 | Batch 1760/2018 | Loss: 0.6949 | LR: 2.62e-04
Epoch 11/40 | Batch 1800/2018 | Loss: 0.6903 | LR: 2.62e-04
Epoch 11/40 | Batch 1840/2018 | Loss: 0.6862 | LR: 2.61e-04
Epoch 11/40 | Batch 1880/2018 | Loss: 0.6842 | LR: 2.61e-04
Epoch 11/40 | Batch 1920/2018 | Loss: 0.6945 | LR: 2.61e-04
Epoch 11/40 | Batch 1960/2018 | Loss: 0.6986 | LR: 2.61e-04
Epoch 11/40 | Batch 2000/2018 | Loss: 0.6909 | LR: 2.61e-04
  Sample - Pred: [34, 40, 20, 2, 23, 40, 31, 18, 40, 10, 3, 40, 15, 25, 23] | True: [34, 40, 20, 2, 23, 40, 29, 18, 40, 10, 3, 40, 20, 25, 9]

Epoch 11 Summary:
  Train Loss: 0.6919
  Val Loss: 0.7081
  PER: 0.1616
  Avg LR: 2.65e-04
------------------------------------------------------------
  ** New best model saved! PER: 0.1616
Epoch 12/40 | Batch 0/2018 | Loss: 0.6842 | LR: 2.61e-04
Epoch 12/40 | Batch 40/2018 | Loss: 0.7027 | LR: 2.61e-04
Epoch 12/40 | Batch 80/2018 | Loss: 0.7023 | LR: 2.60e-04
Epoch 12/40 | Batch 120/2018 | Loss: 0.6887 | LR: 2.60e-04
Epoch 12/40 | Batch 160/2018 | Loss: 0.6860 | LR: 2.60e-04
Epoch 12/40 | Batch 200/2018 | Loss: 0.7039 | LR: 2.60e-04
Epoch 12/40 | Batch 240/2018 | Loss: 0.6874 | LR: 2.60e-04
Epoch 12/40 | Batch 280/2018 | Loss: 0.6866 | LR: 2.60e-04
Epoch 12/40 | Batch 320/2018 | Loss: 0.6919 | LR: 2.59e-04
Epoch 12/40 | Batch 360/2018 | Loss: 0.6918 | LR: 2.59e-04
Epoch 12/40 | Batch 400/2018 | Loss: 0.6856 | LR: 2.59e-04
Epoch 12/40 | Batch 440/2018 | Loss: 0.6835 | LR: 2.59e-04
Epoch 12/40 | Batch 480/2018 | Loss: 0.6885 | LR: 2.59e-04
Epoch 12/40 | Batch 520/2018 | Loss: 0.6933 | LR: 2.59e-04
Epoch 12/40 | Batch 560/2018 | Loss: 0.6892 | LR: 2.58e-04
Epoch 12/40 | Batch 600/2018 | Loss: 0.6903 | LR: 2.58e-04
Epoch 12/40 | Batch 640/2018 | Loss: 0.6976 | LR: 2.58e-04
Epoch 12/40 | Batch 680/2018 | Loss: 0.6853 | LR: 2.58e-04
Epoch 12/40 | Batch 720/2018 | Loss: 0.6924 | LR: 2.58e-04
Epoch 12/40 | Batch 760/2018 | Loss: 0.6858 | LR: 2.58e-04
Epoch 12/40 | Batch 800/2018 | Loss: 0.6936 | LR: 2.57e-04
Epoch 12/40 | Batch 840/2018 | Loss: 0.7670 | LR: 2.57e-04
Epoch 12/40 | Batch 880/2018 | Loss: 0.6866 | LR: 2.57e-04
Epoch 12/40 | Batch 920/2018 | Loss: 0.6912 | LR: 2.57e-04
Epoch 12/40 | Batch 960/2018 | Loss: 0.6879 | LR: 2.57e-04
Epoch 12/40 | Batch 1000/2018 | Loss: 0.7039 | LR: 2.57e-04
Epoch 12/40 | Batch 1040/2018 | Loss: 0.6867 | LR: 2.56e-04
Epoch 12/40 | Batch 1080/2018 | Loss: 0.6921 | LR: 2.56e-04
Epoch 12/40 | Batch 1120/2018 | Loss: 0.6868 | LR: 2.56e-04
Epoch 12/40 | Batch 1160/2018 | Loss: 0.6962 | LR: 2.56e-04
Epoch 12/40 | Batch 1200/2018 | Loss: 0.6952 | LR: 2.56e-04
Epoch 12/40 | Batch 1240/2018 | Loss: 0.6846 | LR: 2.56e-04
Epoch 12/40 | Batch 1280/2018 | Loss: 0.6958 | LR: 2.55e-04
Epoch 12/40 | Batch 1320/2018 | Loss: 0.6862 | LR: 2.55e-04
Epoch 12/40 | Batch 1360/2018 | Loss: 0.6936 | LR: 2.55e-04
Epoch 12/40 | Batch 1400/2018 | Loss: 0.6885 | LR: 2.55e-04
Epoch 12/40 | Batch 1440/2018 | Loss: 0.6942 | LR: 2.55e-04
Epoch 12/40 | Batch 1480/2018 | Loss: 0.6904 | LR: 2.54e-04
Epoch 12/40 | Batch 1520/2018 | Loss: 0.6955 | LR: 2.54e-04
Epoch 12/40 | Batch 1560/2018 | Loss: 0.7010 | LR: 2.54e-04
Epoch 12/40 | Batch 1600/2018 | Loss: 0.6928 | LR: 2.54e-04
Epoch 12/40 | Batch 1640/2018 | Loss: 0.6863 | LR: 2.54e-04
Epoch 12/40 | Batch 1680/2018 | Loss: 0.6864 | LR: 2.54e-04
Epoch 12/40 | Batch 1720/2018 | Loss: 0.6896 | LR: 2.53e-04
Epoch 12/40 | Batch 1760/2018 | Loss: 0.7308 | LR: 2.53e-04
Epoch 12/40 | Batch 1800/2018 | Loss: 0.6973 | LR: 2.53e-04
Epoch 12/40 | Batch 1840/2018 | Loss: 0.6920 | LR: 2.53e-04
Epoch 12/40 | Batch 1880/2018 | Loss: 0.6880 | LR: 2.53e-04
Epoch 12/40 | Batch 1920/2018 | Loss: 0.6909 | LR: 2.53e-04
Epoch 12/40 | Batch 1960/2018 | Loss: 0.6915 | LR: 2.52e-04
Epoch 12/40 | Batch 2000/2018 | Loss: 0.6850 | LR: 2.52e-04
  Sample - Pred: [34, 40, 20, 2, 23, 40, 29, 18, 40, 10, 3, 40, 20, 3, 21] | True: [34, 40, 20, 2, 23, 40, 29, 18, 40, 10, 3, 40, 20, 25, 9]

Epoch 12 Summary:
  Train Loss: 0.6903
  Val Loss: 0.7084
  PER: 0.1623
  Avg LR: 2.56e-04
------------------------------------------------------------
Epoch 13/40 | Batch 0/2018 | Loss: 0.6914 | LR: 2.52e-04
Epoch 13/40 | Batch 40/2018 | Loss: 0.6854 | LR: 2.52e-04
Epoch 13/40 | Batch 80/2018 | Loss: 0.6853 | LR: 2.52e-04
Epoch 13/40 | Batch 120/2018 | Loss: 0.6894 | LR: 2.52e-04
Epoch 13/40 | Batch 160/2018 | Loss: 0.6860 | LR: 2.51e-04
Epoch 13/40 | Batch 200/2018 | Loss: 0.6867 | LR: 2.51e-04
Epoch 13/40 | Batch 240/2018 | Loss: 0.6860 | LR: 2.51e-04
Epoch 13/40 | Batch 280/2018 | Loss: 0.6937 | LR: 2.51e-04
Epoch 13/40 | Batch 320/2018 | Loss: 0.7051 | LR: 2.51e-04
Epoch 13/40 | Batch 360/2018 | Loss: 0.6863 | LR: 2.50e-04
Epoch 13/40 | Batch 400/2018 | Loss: 0.6888 | LR: 2.50e-04
Epoch 13/40 | Batch 440/2018 | Loss: 0.6880 | LR: 2.50e-04
Epoch 13/40 | Batch 480/2018 | Loss: 0.6867 | LR: 2.50e-04
Epoch 13/40 | Batch 520/2018 | Loss: 0.6859 | LR: 2.50e-04
Epoch 13/40 | Batch 560/2018 | Loss: 0.6869 | LR: 2.50e-04
Epoch 13/40 | Batch 600/2018 | Loss: 0.6914 | LR: 2.49e-04
Epoch 13/40 | Batch 640/2018 | Loss: 0.6869 | LR: 2.49e-04
Epoch 13/40 | Batch 680/2018 | Loss: 0.6843 | LR: 2.49e-04
Epoch 13/40 | Batch 720/2018 | Loss: 0.6877 | LR: 2.49e-04
Epoch 13/40 | Batch 760/2018 | Loss: 0.6893 | LR: 2.49e-04
Epoch 13/40 | Batch 800/2018 | Loss: 0.6893 | LR: 2.48e-04
Epoch 13/40 | Batch 840/2018 | Loss: 0.6850 | LR: 2.48e-04
Epoch 13/40 | Batch 880/2018 | Loss: 0.6851 | LR: 2.48e-04
Epoch 13/40 | Batch 920/2018 | Loss: 0.6893 | LR: 2.48e-04
Epoch 13/40 | Batch 960/2018 | Loss: 0.6862 | LR: 2.48e-04
Epoch 13/40 | Batch 1000/2018 | Loss: 0.6891 | LR: 2.48e-04
Epoch 13/40 | Batch 1040/2018 | Loss: 0.6872 | LR: 2.47e-04
Epoch 13/40 | Batch 1080/2018 | Loss: 0.6930 | LR: 2.47e-04
Epoch 13/40 | Batch 1120/2018 | Loss: 0.6856 | LR: 2.47e-04
Epoch 13/40 | Batch 1160/2018 | Loss: 0.6893 | LR: 2.47e-04
Epoch 13/40 | Batch 1200/2018 | Loss: 0.6917 | LR: 2.47e-04
Epoch 13/40 | Batch 1240/2018 | Loss: 0.7018 | LR: 2.46e-04
Epoch 13/40 | Batch 1280/2018 | Loss: 0.6851 | LR: 2.46e-04
Epoch 13/40 | Batch 1320/2018 | Loss: 0.6855 | LR: 2.46e-04
Epoch 13/40 | Batch 1360/2018 | Loss: 0.6917 | LR: 2.46e-04
Epoch 13/40 | Batch 1400/2018 | Loss: 0.6840 | LR: 2.46e-04
Epoch 13/40 | Batch 1440/2018 | Loss: 0.6835 | LR: 2.45e-04
Epoch 13/40 | Batch 1480/2018 | Loss: 0.6851 | LR: 2.45e-04
Epoch 13/40 | Batch 1520/2018 | Loss: 0.6867 | LR: 2.45e-04
Epoch 13/40 | Batch 1560/2018 | Loss: 0.6905 | LR: 2.45e-04
Epoch 13/40 | Batch 1600/2018 | Loss: 0.6918 | LR: 2.45e-04
Epoch 13/40 | Batch 1640/2018 | Loss: 0.6881 | LR: 2.45e-04
Epoch 13/40 | Batch 1680/2018 | Loss: 0.6900 | LR: 2.44e-04
Epoch 13/40 | Batch 1720/2018 | Loss: 0.6956 | LR: 2.44e-04
Epoch 13/40 | Batch 1760/2018 | Loss: 0.6843 | LR: 2.44e-04
Epoch 13/40 | Batch 1800/2018 | Loss: 0.6831 | LR: 2.44e-04
Epoch 13/40 | Batch 1840/2018 | Loss: 0.6881 | LR: 2.44e-04
Epoch 13/40 | Batch 1880/2018 | Loss: 0.6865 | LR: 2.43e-04
Epoch 13/40 | Batch 1920/2018 | Loss: 0.6974 | LR: 2.43e-04
Epoch 13/40 | Batch 1960/2018 | Loss: 0.6901 | LR: 2.43e-04
Epoch 13/40 | Batch 2000/2018 | Loss: 0.6893 | LR: 2.43e-04
  Sample - Pred: [34, 40, 20, 2, 23, 40, 29, 18, 40, 10, 3, 40, 20, 3, 27] | True: [34, 40, 20, 2, 23, 40, 29, 18, 40, 10, 3, 40, 20, 25, 9]

Epoch 13 Summary:
  Train Loss: 0.6888
  Val Loss: 0.7094
  PER: 0.1660
  Avg LR: 2.47e-04
------------------------------------------------------------
Epoch 14/40 | Batch 0/2018 | Loss: 0.6850 | LR: 2.43e-04
Epoch 14/40 | Batch 40/2018 | Loss: 0.6904 | LR: 2.43e-04
Epoch 14/40 | Batch 80/2018 | Loss: 0.6837 | LR: 2.42e-04
Epoch 14/40 | Batch 120/2018 | Loss: 0.6828 | LR: 2.42e-04
Epoch 14/40 | Batch 160/2018 | Loss: 0.6831 | LR: 2.42e-04
Epoch 14/40 | Batch 200/2018 | Loss: 0.6904 | LR: 2.42e-04
Epoch 14/40 | Batch 240/2018 | Loss: 0.6847 | LR: 2.42e-04
Epoch 14/40 | Batch 280/2018 | Loss: 0.6819 | LR: 2.41e-04
Epoch 14/40 | Batch 320/2018 | Loss: 0.6852 | LR: 2.41e-04
Epoch 14/40 | Batch 360/2018 | Loss: 0.6837 | LR: 2.41e-04
Epoch 14/40 | Batch 400/2018 | Loss: 0.6849 | LR: 2.41e-04
Epoch 14/40 | Batch 440/2018 | Loss: 0.6887 | LR: 2.41e-04
Epoch 14/40 | Batch 480/2018 | Loss: 0.7053 | LR: 2.40e-04
Epoch 14/40 | Batch 520/2018 | Loss: 0.6830 | LR: 2.40e-04
Epoch 14/40 | Batch 560/2018 | Loss: 0.6855 | LR: 2.40e-04
Epoch 14/40 | Batch 600/2018 | Loss: 0.6873 | LR: 2.40e-04
Epoch 14/40 | Batch 640/2018 | Loss: 0.6846 | LR: 2.40e-04
Epoch 14/40 | Batch 680/2018 | Loss: 0.6885 | LR: 2.39e-04
Epoch 14/40 | Batch 720/2018 | Loss: 0.6883 | LR: 2.39e-04
Epoch 14/40 | Batch 760/2018 | Loss: 0.6838 | LR: 2.39e-04
Epoch 14/40 | Batch 800/2018 | Loss: 0.6885 | LR: 2.39e-04
Epoch 14/40 | Batch 840/2018 | Loss: 0.6885 | LR: 2.39e-04
Epoch 14/40 | Batch 880/2018 | Loss: 0.6903 | LR: 2.38e-04
Epoch 14/40 | Batch 920/2018 | Loss: 0.6902 | LR: 2.38e-04
Epoch 14/40 | Batch 960/2018 | Loss: 0.6873 | LR: 2.38e-04
Epoch 14/40 | Batch 1000/2018 | Loss: 0.6934 | LR: 2.38e-04
Epoch 14/40 | Batch 1040/2018 | Loss: 0.6955 | LR: 2.38e-04
Epoch 14/40 | Batch 1080/2018 | Loss: 0.6850 | LR: 2.37e-04
Epoch 14/40 | Batch 1120/2018 | Loss: 0.6874 | LR: 2.37e-04
Epoch 14/40 | Batch 1160/2018 | Loss: 0.6939 | LR: 2.37e-04
Epoch 14/40 | Batch 1200/2018 | Loss: 0.6870 | LR: 2.37e-04
Epoch 14/40 | Batch 1240/2018 | Loss: 0.7028 | LR: 2.37e-04
Epoch 14/40 | Batch 1280/2018 | Loss: 0.6913 | LR: 2.36e-04
Epoch 14/40 | Batch 1320/2018 | Loss: 0.6918 | LR: 2.36e-04
Epoch 14/40 | Batch 1360/2018 | Loss: 0.6865 | LR: 2.36e-04
Epoch 14/40 | Batch 1400/2018 | Loss: 0.6904 | LR: 2.36e-04
Epoch 14/40 | Batch 1440/2018 | Loss: 0.6877 | LR: 2.36e-04
Epoch 14/40 | Batch 1480/2018 | Loss: 0.6903 | LR: 2.35e-04
Epoch 14/40 | Batch 1520/2018 | Loss: 0.7161 | LR: 2.35e-04
Epoch 14/40 | Batch 1560/2018 | Loss: 0.6975 | LR: 2.35e-04
Epoch 14/40 | Batch 1600/2018 | Loss: 0.6884 | LR: 2.35e-04
Epoch 14/40 | Batch 1640/2018 | Loss: 0.6890 | LR: 2.35e-04
Epoch 14/40 | Batch 1680/2018 | Loss: 0.6832 | LR: 2.34e-04
Epoch 14/40 | Batch 1720/2018 | Loss: 0.6896 | LR: 2.34e-04
Epoch 14/40 | Batch 1760/2018 | Loss: 0.6888 | LR: 2.34e-04
Epoch 14/40 | Batch 1800/2018 | Loss: 0.6867 | LR: 2.34e-04
Epoch 14/40 | Batch 1840/2018 | Loss: 0.6911 | LR: 2.34e-04
Epoch 14/40 | Batch 1880/2018 | Loss: 0.6874 | LR: 2.33e-04
Epoch 14/40 | Batch 1920/2018 | Loss: 0.6891 | LR: 2.33e-04
Epoch 14/40 | Batch 1960/2018 | Loss: 0.6898 | LR: 2.33e-04
Epoch 14/40 | Batch 2000/2018 | Loss: 0.6843 | LR: 2.33e-04
  Sample - Pred: [34, 40, 20, 2, 23, 40, 29, 18, 40, 10, 3, 40, 20, 3, 22] | True: [34, 40, 20, 2, 23, 40, 29, 18, 40, 10, 3, 40, 20, 25, 9]

Epoch 14 Summary:
  Train Loss: 0.6876
  Val Loss: 0.7064
  PER: 0.1512
  Avg LR: 2.38e-04
------------------------------------------------------------
  ** New best model saved! PER: 0.1512
Epoch 15/40 | Batch 0/2018 | Loss: 0.6894 | LR: 2.33e-04
Epoch 15/40 | Batch 40/2018 | Loss: 0.6834 | LR: 2.33e-04
Epoch 15/40 | Batch 80/2018 | Loss: 0.6859 | LR: 2.32e-04
Epoch 15/40 | Batch 120/2018 | Loss: 0.6835 | LR: 2.32e-04
Epoch 15/40 | Batch 160/2018 | Loss: 0.6882 | LR: 2.32e-04
Epoch 15/40 | Batch 200/2018 | Loss: 0.6837 | LR: 2.32e-04
Epoch 15/40 | Batch 240/2018 | Loss: 0.6856 | LR: 2.31e-04
Epoch 15/40 | Batch 280/2018 | Loss: 0.6859 | LR: 2.31e-04
Epoch 15/40 | Batch 320/2018 | Loss: 0.6863 | LR: 2.31e-04
Epoch 15/40 | Batch 360/2018 | Loss: 0.6819 | LR: 2.31e-04
Epoch 15/40 | Batch 400/2018 | Loss: 0.6852 | LR: 2.31e-04
Epoch 15/40 | Batch 440/2018 | Loss: 0.6851 | LR: 2.30e-04
Epoch 15/40 | Batch 480/2018 | Loss: 0.6893 | LR: 2.30e-04
Epoch 15/40 | Batch 520/2018 | Loss: 0.6851 | LR: 2.30e-04
Epoch 15/40 | Batch 560/2018 | Loss: 0.6901 | LR: 2.30e-04
Epoch 15/40 | Batch 600/2018 | Loss: 0.6896 | LR: 2.30e-04
Epoch 15/40 | Batch 640/2018 | Loss: 0.6854 | LR: 2.29e-04
Epoch 15/40 | Batch 680/2018 | Loss: 0.6824 | LR: 2.29e-04
Epoch 15/40 | Batch 720/2018 | Loss: 0.6866 | LR: 2.29e-04
Epoch 15/40 | Batch 760/2018 | Loss: 0.6868 | LR: 2.29e-04
Epoch 15/40 | Batch 800/2018 | Loss: 0.6877 | LR: 2.29e-04
Epoch 15/40 | Batch 840/2018 | Loss: 0.6820 | LR: 2.28e-04
Epoch 15/40 | Batch 880/2018 | Loss: 0.6875 | LR: 2.28e-04
Epoch 15/40 | Batch 920/2018 | Loss: 0.6882 | LR: 2.28e-04
Epoch 15/40 | Batch 960/2018 | Loss: 0.6892 | LR: 2.28e-04
Epoch 15/40 | Batch 1000/2018 | Loss: 0.6855 | LR: 2.28e-04
Epoch 15/40 | Batch 1040/2018 | Loss: 0.6886 | LR: 2.27e-04
Epoch 15/40 | Batch 1080/2018 | Loss: 0.6878 | LR: 2.27e-04
Epoch 15/40 | Batch 1120/2018 | Loss: 0.6896 | LR: 2.27e-04
Epoch 15/40 | Batch 1160/2018 | Loss: 0.6884 | LR: 2.27e-04
Epoch 15/40 | Batch 1200/2018 | Loss: 0.6890 | LR: 2.27e-04
Epoch 15/40 | Batch 1240/2018 | Loss: 0.6844 | LR: 2.26e-04
Epoch 15/40 | Batch 1280/2018 | Loss: 0.6890 | LR: 2.26e-04
Epoch 15/40 | Batch 1320/2018 | Loss: 0.6843 | LR: 2.26e-04
Epoch 15/40 | Batch 1360/2018 | Loss: 0.6857 | LR: 2.26e-04
Epoch 15/40 | Batch 1400/2018 | Loss: 0.6867 | LR: 2.25e-04
Epoch 15/40 | Batch 1440/2018 | Loss: 0.6861 | LR: 2.25e-04
Epoch 15/40 | Batch 1480/2018 | Loss: 0.6913 | LR: 2.25e-04
Epoch 15/40 | Batch 1520/2018 | Loss: 0.6843 | LR: 2.25e-04
Epoch 15/40 | Batch 1560/2018 | Loss: 0.6881 | LR: 2.25e-04
Epoch 15/40 | Batch 1600/2018 | Loss: 0.6895 | LR: 2.24e-04
Epoch 15/40 | Batch 1640/2018 | Loss: 0.6830 | LR: 2.24e-04
Epoch 15/40 | Batch 1680/2018 | Loss: 0.6855 | LR: 2.24e-04
Epoch 15/40 | Batch 1720/2018 | Loss: 0.6940 | LR: 2.24e-04
Epoch 15/40 | Batch 1760/2018 | Loss: 0.6855 | LR: 2.24e-04
Epoch 15/40 | Batch 1800/2018 | Loss: 0.6928 | LR: 2.23e-04
Epoch 15/40 | Batch 1840/2018 | Loss: 0.6824 | LR: 2.23e-04
Epoch 15/40 | Batch 1880/2018 | Loss: 0.6874 | LR: 2.23e-04
Epoch 15/40 | Batch 1920/2018 | Loss: 0.6879 | LR: 2.23e-04
Epoch 15/40 | Batch 1960/2018 | Loss: 0.6906 | LR: 2.22e-04
Epoch 15/40 | Batch 2000/2018 | Loss: 0.6848 | LR: 2.22e-04
  Sample - Pred: [34, 40, 20, 2, 23, 40, 29, 18, 40, 10, 3, 40, 15, 3, 9] | True: [34, 40, 20, 2, 23, 40, 29, 18, 40, 10, 3, 40, 20, 25, 9]

Epoch 15 Summary:
  Train Loss: 0.6867
  Val Loss: 0.7060
  PER: 0.1488
  Avg LR: 2.27e-04
------------------------------------------------------------
  ** New best model saved! PER: 0.1488
Epoch 16/40 | Batch 0/2018 | Loss: 0.6869 | LR: 2.22e-04
Epoch 16/40 | Batch 40/2018 | Loss: 0.6824 | LR: 2.22e-04
Epoch 16/40 | Batch 80/2018 | Loss: 0.6840 | LR: 2.22e-04
Epoch 16/40 | Batch 120/2018 | Loss: 0.6851 | LR: 2.22e-04
Epoch 16/40 | Batch 160/2018 | Loss: 0.6853 | LR: 2.21e-04
Epoch 16/40 | Batch 200/2018 | Loss: 0.6898 | LR: 2.21e-04
Epoch 16/40 | Batch 240/2018 | Loss: 0.6877 | LR: 2.21e-04
Epoch 16/40 | Batch 280/2018 | Loss: 0.6836 | LR: 2.21e-04
Epoch 16/40 | Batch 320/2018 | Loss: 0.6832 | LR: 2.20e-04
Epoch 16/40 | Batch 360/2018 | Loss: 0.6911 | LR: 2.20e-04
Epoch 16/40 | Batch 400/2018 | Loss: 0.6848 | LR: 2.20e-04
Epoch 16/40 | Batch 440/2018 | Loss: 0.6857 | LR: 2.20e-04
Epoch 16/40 | Batch 480/2018 | Loss: 0.6826 | LR: 2.20e-04
Epoch 16/40 | Batch 520/2018 | Loss: 0.6871 | LR: 2.19e-04
Epoch 16/40 | Batch 560/2018 | Loss: 0.6851 | LR: 2.19e-04
Epoch 16/40 | Batch 600/2018 | Loss: 0.6830 | LR: 2.19e-04
Epoch 16/40 | Batch 640/2018 | Loss: 0.6845 | LR: 2.19e-04
Epoch 16/40 | Batch 680/2018 | Loss: 0.6831 | LR: 2.19e-04
Epoch 16/40 | Batch 720/2018 | Loss: 0.6838 | LR: 2.18e-04
Epoch 16/40 | Batch 760/2018 | Loss: 0.6815 | LR: 2.18e-04
Epoch 16/40 | Batch 800/2018 | Loss: 0.6915 | LR: 2.18e-04
Epoch 16/40 | Batch 840/2018 | Loss: 0.6834 | LR: 2.18e-04
Epoch 16/40 | Batch 880/2018 | Loss: 0.6923 | LR: 2.17e-04
Epoch 16/40 | Batch 920/2018 | Loss: 0.6869 | LR: 2.17e-04
Epoch 16/40 | Batch 960/2018 | Loss: 0.6864 | LR: 2.17e-04
Epoch 16/40 | Batch 1000/2018 | Loss: 0.6830 | LR: 2.17e-04
Epoch 16/40 | Batch 1040/2018 | Loss: 0.6947 | LR: 2.17e-04
Epoch 16/40 | Batch 1080/2018 | Loss: 0.6860 | LR: 2.16e-04
Epoch 16/40 | Batch 1120/2018 | Loss: 0.6836 | LR: 2.16e-04
Epoch 16/40 | Batch 1160/2018 | Loss: 0.6938 | LR: 2.16e-04
Epoch 16/40 | Batch 1200/2018 | Loss: 0.6882 | LR: 2.16e-04
Epoch 16/40 | Batch 1240/2018 | Loss: 0.6843 | LR: 2.15e-04
Epoch 16/40 | Batch 1280/2018 | Loss: 0.6917 | LR: 2.15e-04
Epoch 16/40 | Batch 1320/2018 | Loss: 0.6833 | LR: 2.15e-04
Epoch 16/40 | Batch 1360/2018 | Loss: 0.6827 | LR: 2.15e-04
Epoch 16/40 | Batch 1400/2018 | Loss: 0.6876 | LR: 2.15e-04
Epoch 16/40 | Batch 1440/2018 | Loss: 0.6853 | LR: 2.14e-04
Epoch 16/40 | Batch 1480/2018 | Loss: 0.6829 | LR: 2.14e-04
Epoch 16/40 | Batch 1520/2018 | Loss: 0.6880 | LR: 2.14e-04
Epoch 16/40 | Batch 1560/2018 | Loss: 0.6869 | LR: 2.14e-04
Epoch 16/40 | Batch 1600/2018 | Loss: 0.6844 | LR: 2.13e-04
Epoch 16/40 | Batch 1640/2018 | Loss: 0.6867 | LR: 2.13e-04
Epoch 16/40 | Batch 1680/2018 | Loss: 0.6882 | LR: 2.13e-04
Epoch 16/40 | Batch 1720/2018 | Loss: 0.6861 | LR: 2.13e-04
Epoch 16/40 | Batch 1760/2018 | Loss: 0.6826 | LR: 2.13e-04
Epoch 16/40 | Batch 1800/2018 | Loss: 0.6871 | LR: 2.12e-04
Epoch 16/40 | Batch 1840/2018 | Loss: 0.6864 | LR: 2.12e-04
Epoch 16/40 | Batch 1880/2018 | Loss: 0.6855 | LR: 2.12e-04
Epoch 16/40 | Batch 1920/2018 | Loss: 0.6894 | LR: 2.12e-04
Epoch 16/40 | Batch 1960/2018 | Loss: 0.6847 | LR: 2.11e-04
Epoch 16/40 | Batch 2000/2018 | Loss: 0.6874 | LR: 2.11e-04
  Sample - Pred: [34, 40, 20, 2, 23, 40, 18, 40, 10, 3, 40, 15, 3, 21, 40] | True: [34, 40, 20, 2, 23, 40, 29, 18, 40, 10, 3, 40, 20, 25, 9]

Epoch 16 Summary:
  Train Loss: 0.6857
  Val Loss: 0.7058
  PER: 0.1437
  Avg LR: 2.17e-04
------------------------------------------------------------
  ** New best model saved! PER: 0.1437
Epoch 17/40 | Batch 0/2018 | Loss: 0.6832 | LR: 2.11e-04
Epoch 17/40 | Batch 40/2018 | Loss: 0.6838 | LR: 2.11e-04
Epoch 17/40 | Batch 80/2018 | Loss: 0.6818 | LR: 2.11e-04
Epoch 17/40 | Batch 120/2018 | Loss: 0.6842 | LR: 2.10e-04
Epoch 17/40 | Batch 160/2018 | Loss: 0.6857 | LR: 2.10e-04
Epoch 17/40 | Batch 200/2018 | Loss: 0.6812 | LR: 2.10e-04
Epoch 17/40 | Batch 240/2018 | Loss: 0.6831 | LR: 2.10e-04
Epoch 17/40 | Batch 280/2018 | Loss: 0.6846 | LR: 2.10e-04
Epoch 17/40 | Batch 320/2018 | Loss: 0.6864 | LR: 2.09e-04
Epoch 17/40 | Batch 360/2018 | Loss: 0.6861 | LR: 2.09e-04
Epoch 17/40 | Batch 400/2018 | Loss: 0.6860 | LR: 2.09e-04
Epoch 17/40 | Batch 440/2018 | Loss: 0.6822 | LR: 2.09e-04
Epoch 17/40 | Batch 480/2018 | Loss: 0.6877 | LR: 2.08e-04
Epoch 17/40 | Batch 520/2018 | Loss: 0.6832 | LR: 2.08e-04
Epoch 17/40 | Batch 560/2018 | Loss: 0.6859 | LR: 2.08e-04
Epoch 17/40 | Batch 600/2018 | Loss: 0.6819 | LR: 2.08e-04
Epoch 17/40 | Batch 640/2018 | Loss: 0.6835 | LR: 2.08e-04
Epoch 17/40 | Batch 680/2018 | Loss: 0.6879 | LR: 2.07e-04
Epoch 17/40 | Batch 720/2018 | Loss: 0.6848 | LR: 2.07e-04
Epoch 17/40 | Batch 760/2018 | Loss: 0.6845 | LR: 2.07e-04
Epoch 17/40 | Batch 800/2018 | Loss: 0.6875 | LR: 2.07e-04
Epoch 17/40 | Batch 840/2018 | Loss: 0.6831 | LR: 2.06e-04
Epoch 17/40 | Batch 880/2018 | Loss: 0.6834 | LR: 2.06e-04
Epoch 17/40 | Batch 920/2018 | Loss: 0.6846 | LR: 2.06e-04
Epoch 17/40 | Batch 960/2018 | Loss: 0.6871 | LR: 2.06e-04
Epoch 17/40 | Batch 1000/2018 | Loss: 0.6851 | LR: 2.06e-04
Epoch 17/40 | Batch 1040/2018 | Loss: 0.6859 | LR: 2.05e-04
Epoch 17/40 | Batch 1080/2018 | Loss: 0.6849 | LR: 2.05e-04
Epoch 17/40 | Batch 1120/2018 | Loss: 0.6817 | LR: 2.05e-04
Epoch 17/40 | Batch 1160/2018 | Loss: 0.6843 | LR: 2.05e-04
Epoch 17/40 | Batch 1200/2018 | Loss: 0.6863 | LR: 2.04e-04
Epoch 17/40 | Batch 1240/2018 | Loss: 0.6833 | LR: 2.04e-04
Epoch 17/40 | Batch 1280/2018 | Loss: 0.6827 | LR: 2.04e-04
Epoch 17/40 | Batch 1320/2018 | Loss: 0.6937 | LR: 2.04e-04
Epoch 17/40 | Batch 1360/2018 | Loss: 0.6819 | LR: 2.03e-04
Epoch 17/40 | Batch 1400/2018 | Loss: 0.6865 | LR: 2.03e-04
Epoch 17/40 | Batch 1440/2018 | Loss: 0.6844 | LR: 2.03e-04
Epoch 17/40 | Batch 1480/2018 | Loss: 0.6834 | LR: 2.03e-04
Epoch 17/40 | Batch 1520/2018 | Loss: 0.6873 | LR: 2.03e-04
Epoch 17/40 | Batch 1560/2018 | Loss: 0.6830 | LR: 2.02e-04
Epoch 17/40 | Batch 1600/2018 | Loss: 0.6835 | LR: 2.02e-04
Epoch 17/40 | Batch 1640/2018 | Loss: 0.6862 | LR: 2.02e-04
Epoch 17/40 | Batch 1680/2018 | Loss: 0.6868 | LR: 2.02e-04
Epoch 17/40 | Batch 1720/2018 | Loss: 0.6894 | LR: 2.01e-04
Epoch 17/40 | Batch 1760/2018 | Loss: 0.6836 | LR: 2.01e-04
Epoch 17/40 | Batch 1800/2018 | Loss: 0.6861 | LR: 2.01e-04
Epoch 17/40 | Batch 1840/2018 | Loss: 0.6837 | LR: 2.01e-04
Epoch 17/40 | Batch 1880/2018 | Loss: 0.6842 | LR: 2.01e-04
Epoch 17/40 | Batch 1920/2018 | Loss: 0.6871 | LR: 2.00e-04
Epoch 17/40 | Batch 1960/2018 | Loss: 0.6839 | LR: 2.00e-04
Epoch 17/40 | Batch 2000/2018 | Loss: 0.6870 | LR: 2.00e-04
  Sample - Pred: [34, 40, 20, 2, 23, 40, 29, 18, 40, 10, 3, 40, 20, 3, 21] | True: [34, 40, 20, 2, 23, 40, 29, 18, 40, 10, 3, 40, 20, 25, 9]

Epoch 17 Summary:
  Train Loss: 0.6850
  Val Loss: 0.7066
  PER: 0.1498
  Avg LR: 2.05e-04
------------------------------------------------------------
Epoch 18/40 | Batch 0/2018 | Loss: 0.6842 | LR: 2.00e-04
Epoch 18/40 | Batch 40/2018 | Loss: 0.6891 | LR: 1.99e-04
Epoch 18/40 | Batch 80/2018 | Loss: 0.6843 | LR: 1.99e-04
Epoch 18/40 | Batch 120/2018 | Loss: 0.6874 | LR: 1.99e-04
Epoch 18/40 | Batch 160/2018 | Loss: 0.6846 | LR: 1.99e-04
Epoch 18/40 | Batch 200/2018 | Loss: 0.6825 | LR: 1.99e-04
Epoch 18/40 | Batch 240/2018 | Loss: 0.6859 | LR: 1.98e-04
Epoch 18/40 | Batch 280/2018 | Loss: 0.6854 | LR: 1.98e-04
Epoch 18/40 | Batch 320/2018 | Loss: 0.6839 | LR: 1.98e-04
Epoch 18/40 | Batch 360/2018 | Loss: 0.6835 | LR: 1.98e-04
Epoch 18/40 | Batch 400/2018 | Loss: 0.6818 | LR: 1.97e-04
Epoch 18/40 | Batch 440/2018 | Loss: 0.6831 | LR: 1.97e-04
Epoch 18/40 | Batch 480/2018 | Loss: 0.6805 | LR: 1.97e-04
Epoch 18/40 | Batch 520/2018 | Loss: 0.6848 | LR: 1.97e-04
Epoch 18/40 | Batch 560/2018 | Loss: 0.6847 | LR: 1.96e-04
Epoch 18/40 | Batch 600/2018 | Loss: 0.6847 | LR: 1.96e-04
Epoch 18/40 | Batch 640/2018 | Loss: 0.6827 | LR: 1.96e-04
Epoch 18/40 | Batch 680/2018 | Loss: 0.6867 | LR: 1.96e-04
Epoch 18/40 | Batch 720/2018 | Loss: 0.6880 | LR: 1.96e-04
Epoch 18/40 | Batch 760/2018 | Loss: 0.6876 | LR: 1.95e-04
Epoch 18/40 | Batch 800/2018 | Loss: 0.6814 | LR: 1.95e-04
Epoch 18/40 | Batch 840/2018 | Loss: 0.6823 | LR: 1.95e-04
Epoch 18/40 | Batch 880/2018 | Loss: 0.6830 | LR: 1.95e-04
Epoch 18/40 | Batch 920/2018 | Loss: 0.6853 | LR: 1.94e-04
Epoch 18/40 | Batch 960/2018 | Loss: 0.6838 | LR: 1.94e-04
Epoch 18/40 | Batch 1000/2018 | Loss: 0.6886 | LR: 1.94e-04
Epoch 18/40 | Batch 1040/2018 | Loss: 0.6867 | LR: 1.94e-04
Epoch 18/40 | Batch 1080/2018 | Loss: 0.6987 | LR: 1.93e-04
Epoch 18/40 | Batch 1120/2018 | Loss: 0.6854 | LR: 1.93e-04
Epoch 18/40 | Batch 1160/2018 | Loss: 0.6849 | LR: 1.93e-04
Epoch 18/40 | Batch 1200/2018 | Loss: 0.6843 | LR: 1.93e-04
Epoch 18/40 | Batch 1240/2018 | Loss: 0.6844 | LR: 1.93e-04
Epoch 18/40 | Batch 1280/2018 | Loss: 0.6831 | LR: 1.92e-04
Epoch 18/40 | Batch 1320/2018 | Loss: 0.6838 | LR: 1.92e-04
Epoch 18/40 | Batch 1360/2018 | Loss: 0.6819 | LR: 1.92e-04
Epoch 18/40 | Batch 1400/2018 | Loss: 0.6827 | LR: 1.92e-04
Epoch 18/40 | Batch 1440/2018 | Loss: 0.6827 | LR: 1.91e-04
Epoch 18/40 | Batch 1480/2018 | Loss: 0.6822 | LR: 1.91e-04
Epoch 18/40 | Batch 1520/2018 | Loss: 0.6854 | LR: 1.91e-04
Epoch 18/40 | Batch 1560/2018 | Loss: 0.6854 | LR: 1.91e-04
Epoch 18/40 | Batch 1600/2018 | Loss: 0.6915 | LR: 1.90e-04
Epoch 18/40 | Batch 1640/2018 | Loss: 0.6829 | LR: 1.90e-04
Epoch 18/40 | Batch 1680/2018 | Loss: 0.6823 | LR: 1.90e-04
Epoch 18/40 | Batch 1720/2018 | Loss: 0.6840 | LR: 1.90e-04
Epoch 18/40 | Batch 1760/2018 | Loss: 0.6855 | LR: 1.89e-04
Epoch 18/40 | Batch 1800/2018 | Loss: 0.6866 | LR: 1.89e-04
Epoch 18/40 | Batch 1840/2018 | Loss: 0.6830 | LR: 1.89e-04
Epoch 18/40 | Batch 1880/2018 | Loss: 0.6853 | LR: 1.89e-04
Epoch 18/40 | Batch 1920/2018 | Loss: 0.6828 | LR: 1.89e-04
Epoch 18/40 | Batch 1960/2018 | Loss: 0.6811 | LR: 1.88e-04
Epoch 18/40 | Batch 2000/2018 | Loss: 0.6845 | LR: 1.88e-04
  Sample - Pred: [34, 40, 20, 2, 23, 40, 29, 18, 40, 10, 3, 40, 20, 3, 22] | True: [34, 40, 20, 2, 23, 40, 29, 18, 40, 10, 3, 40, 20, 25, 9]

Epoch 18 Summary:
  Train Loss: 0.6842
  Val Loss: 0.7043
  PER: 0.1406
  Avg LR: 1.94e-04
------------------------------------------------------------
  ** New best model saved! PER: 0.1406
Epoch 19/40 | Batch 0/2018 | Loss: 0.6854 | LR: 1.88e-04
Epoch 19/40 | Batch 40/2018 | Loss: 0.6827 | LR: 1.88e-04
Epoch 19/40 | Batch 80/2018 | Loss: 0.6829 | LR: 1.87e-04
Epoch 19/40 | Batch 120/2018 | Loss: 0.6826 | LR: 1.87e-04
Epoch 19/40 | Batch 160/2018 | Loss: 0.6835 | LR: 1.87e-04
Epoch 19/40 | Batch 200/2018 | Loss: 0.6849 | LR: 1.87e-04
Epoch 19/40 | Batch 240/2018 | Loss: 0.6840 | LR: 1.87e-04
Epoch 19/40 | Batch 280/2018 | Loss: 0.6862 | LR: 1.86e-04
Epoch 19/40 | Batch 320/2018 | Loss: 0.6841 | LR: 1.86e-04
Epoch 19/40 | Batch 360/2018 | Loss: 0.6832 | LR: 1.86e-04
Epoch 19/40 | Batch 400/2018 | Loss: 0.6818 | LR: 1.86e-04
Epoch 19/40 | Batch 440/2018 | Loss: 0.6828 | LR: 1.85e-04
Epoch 19/40 | Batch 480/2018 | Loss: 0.6834 | LR: 1.85e-04
Epoch 19/40 | Batch 520/2018 | Loss: 0.6911 | LR: 1.85e-04
Epoch 19/40 | Batch 560/2018 | Loss: 0.6835 | LR: 1.85e-04
Epoch 19/40 | Batch 600/2018 | Loss: 0.6814 | LR: 1.84e-04
Epoch 19/40 | Batch 640/2018 | Loss: 0.6828 | LR: 1.84e-04
Epoch 19/40 | Batch 680/2018 | Loss: 0.6811 | LR: 1.84e-04
Epoch 19/40 | Batch 720/2018 | Loss: 0.6824 | LR: 1.84e-04
Epoch 19/40 | Batch 760/2018 | Loss: 0.6826 | LR: 1.83e-04
Epoch 19/40 | Batch 800/2018 | Loss: 0.6826 | LR: 1.83e-04
Epoch 19/40 | Batch 840/2018 | Loss: 0.6822 | LR: 1.83e-04
Epoch 19/40 | Batch 880/2018 | Loss: 0.6857 | LR: 1.83e-04
Epoch 19/40 | Batch 920/2018 | Loss: 0.6812 | LR: 1.83e-04
Epoch 19/40 | Batch 960/2018 | Loss: 0.6837 | LR: 1.82e-04
Epoch 19/40 | Batch 1000/2018 | Loss: 0.6810 | LR: 1.82e-04
Epoch 19/40 | Batch 1040/2018 | Loss: 0.6824 | LR: 1.82e-04
Epoch 19/40 | Batch 1080/2018 | Loss: 0.6846 | LR: 1.82e-04
Epoch 19/40 | Batch 1120/2018 | Loss: 0.6818 | LR: 1.81e-04
Epoch 19/40 | Batch 1160/2018 | Loss: 0.6821 | LR: 1.81e-04
Epoch 19/40 | Batch 1200/2018 | Loss: 0.6825 | LR: 1.81e-04
Epoch 19/40 | Batch 1240/2018 | Loss: 0.6810 | LR: 1.81e-04
Epoch 19/40 | Batch 1280/2018 | Loss: 0.6858 | LR: 1.80e-04
Epoch 19/40 | Batch 1320/2018 | Loss: 0.6824 | LR: 1.80e-04
Epoch 19/40 | Batch 1360/2018 | Loss: 0.6847 | LR: 1.80e-04
Epoch 19/40 | Batch 1400/2018 | Loss: 0.6823 | LR: 1.80e-04
Epoch 19/40 | Batch 1440/2018 | Loss: 0.6865 | LR: 1.79e-04
Epoch 19/40 | Batch 1480/2018 | Loss: 0.6836 | LR: 1.79e-04
Epoch 19/40 | Batch 1520/2018 | Loss: 0.6815 | LR: 1.79e-04
Epoch 19/40 | Batch 1560/2018 | Loss: 0.6840 | LR: 1.79e-04
Epoch 19/40 | Batch 1600/2018 | Loss: 0.6827 | LR: 1.78e-04
Epoch 19/40 | Batch 1640/2018 | Loss: 0.6844 | LR: 1.78e-04
Epoch 19/40 | Batch 1680/2018 | Loss: 0.6839 | LR: 1.78e-04
Epoch 19/40 | Batch 1720/2018 | Loss: 0.6838 | LR: 1.78e-04
Epoch 19/40 | Batch 1760/2018 | Loss: 0.6831 | LR: 1.77e-04
Epoch 19/40 | Batch 1800/2018 | Loss: 0.6823 | LR: 1.77e-04
Epoch 19/40 | Batch 1840/2018 | Loss: 0.6830 | LR: 1.77e-04
Epoch 19/40 | Batch 1880/2018 | Loss: 0.6871 | LR: 1.77e-04
Epoch 19/40 | Batch 1920/2018 | Loss: 0.6823 | LR: 1.77e-04
Epoch 19/40 | Batch 1960/2018 | Loss: 0.6823 | LR: 1.76e-04
Epoch 19/40 | Batch 2000/2018 | Loss: 0.6844 | LR: 1.76e-04
  Sample - Pred: [34, 40, 20, 2, 23, 40, 29, 18, 40, 10, 3, 40, 20, 3, 21] | True: [34, 40, 20, 2, 23, 40, 29, 18, 40, 10, 3, 40, 20, 25, 9]

Epoch 19 Summary:
  Train Loss: 0.6836
  Val Loss: 0.7041
  PER: 0.1364
  Avg LR: 1.82e-04
------------------------------------------------------------
  ** New best model saved! PER: 0.1364
Epoch 20/40 | Batch 0/2018 | Loss: 0.6831 | LR: 1.76e-04
Epoch 20/40 | Batch 40/2018 | Loss: 0.6814 | LR: 1.76e-04
Epoch 20/40 | Batch 80/2018 | Loss: 0.6828 | LR: 1.75e-04
Epoch 20/40 | Batch 120/2018 | Loss: 0.6841 | LR: 1.75e-04
Epoch 20/40 | Batch 160/2018 | Loss: 0.6808 | LR: 1.75e-04
Epoch 20/40 | Batch 200/2018 | Loss: 0.6852 | LR: 1.75e-04
Epoch 20/40 | Batch 240/2018 | Loss: 0.6807 | LR: 1.75e-04
Epoch 20/40 | Batch 280/2018 | Loss: 0.6814 | LR: 1.74e-04
Epoch 20/40 | Batch 320/2018 | Loss: 0.6845 | LR: 1.74e-04
Epoch 20/40 | Batch 360/2018 | Loss: 0.6870 | LR: 1.74e-04
Epoch 20/40 | Batch 400/2018 | Loss: 0.6818 | LR: 1.74e-04
Epoch 20/40 | Batch 440/2018 | Loss: 0.6822 | LR: 1.73e-04
Epoch 20/40 | Batch 480/2018 | Loss: 0.6834 | LR: 1.73e-04
Epoch 20/40 | Batch 520/2018 | Loss: 0.6818 | LR: 1.73e-04
Epoch 20/40 | Batch 560/2018 | Loss: 0.6819 | LR: 1.73e-04
Epoch 20/40 | Batch 600/2018 | Loss: 0.6845 | LR: 1.72e-04
Epoch 20/40 | Batch 640/2018 | Loss: 0.6833 | LR: 1.72e-04
Epoch 20/40 | Batch 680/2018 | Loss: 0.6814 | LR: 1.72e-04
Epoch 20/40 | Batch 720/2018 | Loss: 0.6839 | LR: 1.72e-04
Epoch 20/40 | Batch 760/2018 | Loss: 0.6851 | LR: 1.71e-04
Epoch 20/40 | Batch 800/2018 | Loss: 0.6831 | LR: 1.71e-04
Epoch 20/40 | Batch 840/2018 | Loss: 0.6817 | LR: 1.71e-04
Epoch 20/40 | Batch 880/2018 | Loss: 0.6844 | LR: 1.71e-04
Epoch 20/40 | Batch 920/2018 | Loss: 0.6810 | LR: 1.70e-04
Epoch 20/40 | Batch 960/2018 | Loss: 0.6832 | LR: 1.70e-04
Epoch 20/40 | Batch 1000/2018 | Loss: 0.6834 | LR: 1.70e-04
Epoch 20/40 | Batch 1040/2018 | Loss: 0.6818 | LR: 1.70e-04
Epoch 20/40 | Batch 1080/2018 | Loss: 0.6826 | LR: 1.69e-04
Epoch 20/40 | Batch 1120/2018 | Loss: 0.6830 | LR: 1.69e-04
Epoch 20/40 | Batch 1160/2018 | Loss: 0.6815 | LR: 1.69e-04
Epoch 20/40 | Batch 1200/2018 | Loss: 0.6848 | LR: 1.69e-04
Epoch 20/40 | Batch 1240/2018 | Loss: 0.6855 | LR: 1.68e-04
Epoch 20/40 | Batch 1280/2018 | Loss: 0.6814 | LR: 1.68e-04
Epoch 20/40 | Batch 1320/2018 | Loss: 0.6833 | LR: 1.68e-04
Epoch 20/40 | Batch 1360/2018 | Loss: 0.6860 | LR: 1.68e-04
Epoch 20/40 | Batch 1400/2018 | Loss: 0.6824 | LR: 1.68e-04
Epoch 20/40 | Batch 1440/2018 | Loss: 0.6825 | LR: 1.67e-04
Epoch 20/40 | Batch 1480/2018 | Loss: 0.6823 | LR: 1.67e-04
Epoch 20/40 | Batch 1520/2018 | Loss: 0.6821 | LR: 1.67e-04
Epoch 20/40 | Batch 1560/2018 | Loss: 0.6818 | LR: 1.67e-04
Epoch 20/40 | Batch 1600/2018 | Loss: 0.6831 | LR: 1.66e-04
Epoch 20/40 | Batch 1640/2018 | Loss: 0.6824 | LR: 1.66e-04
Epoch 20/40 | Batch 1680/2018 | Loss: 0.6807 | LR: 1.66e-04
Epoch 20/40 | Batch 1720/2018 | Loss: 0.6842 | LR: 1.66e-04
Epoch 20/40 | Batch 1760/2018 | Loss: 0.6845 | LR: 1.65e-04
Epoch 20/40 | Batch 1800/2018 | Loss: 0.6848 | LR: 1.65e-04
Epoch 20/40 | Batch 1840/2018 | Loss: 0.6815 | LR: 1.65e-04
Epoch 20/40 | Batch 1880/2018 | Loss: 0.6860 | LR: 1.65e-04
Epoch 20/40 | Batch 1920/2018 | Loss: 0.6823 | LR: 1.64e-04
Epoch 20/40 | Batch 1960/2018 | Loss: 0.6833 | LR: 1.64e-04
Epoch 20/40 | Batch 2000/2018 | Loss: 0.6826 | LR: 1.64e-04
  Sample - Pred: [34, 40, 20, 2, 23, 40, 29, 18, 40, 10, 3, 40, 20, 3, 21] | True: [34, 40, 20, 2, 23, 40, 29, 18, 40, 10, 3, 40, 20, 25, 9]

Epoch 20 Summary:
  Train Loss: 0.6833
  Val Loss: 0.7030
  PER: 0.1318
  Avg LR: 1.70e-04
------------------------------------------------------------
  ** New best model saved! PER: 0.1318
Epoch 21/40 | Batch 0/2018 | Loss: 0.6822 | LR: 1.64e-04
Epoch 21/40 | Batch 40/2018 | Loss: 0.6821 | LR: 1.64e-04
Epoch 21/40 | Batch 80/2018 | Loss: 0.6819 | LR: 1.63e-04
Epoch 21/40 | Batch 120/2018 | Loss: 0.6817 | LR: 1.63e-04
Epoch 21/40 | Batch 160/2018 | Loss: 0.6840 | LR: 1.63e-04
Epoch 21/40 | Batch 200/2018 | Loss: 0.6823 | LR: 1.63e-04
Epoch 21/40 | Batch 240/2018 | Loss: 0.6813 | LR: 1.62e-04
Epoch 21/40 | Batch 280/2018 | Loss: 0.6810 | LR: 1.62e-04
Epoch 21/40 | Batch 320/2018 | Loss: 0.6818 | LR: 1.62e-04
Epoch 21/40 | Batch 360/2018 | Loss: 0.6825 | LR: 1.62e-04
Epoch 21/40 | Batch 400/2018 | Loss: 0.6831 | LR: 1.61e-04
Epoch 21/40 | Batch 440/2018 | Loss: 0.6808 | LR: 1.61e-04
Epoch 21/40 | Batch 480/2018 | Loss: 0.6836 | LR: 1.61e-04
Epoch 21/40 | Batch 520/2018 | Loss: 0.6834 | LR: 1.61e-04
Epoch 21/40 | Batch 560/2018 | Loss: 0.6852 | LR: 1.60e-04
Epoch 21/40 | Batch 600/2018 | Loss: 0.6812 | LR: 1.60e-04
Epoch 21/40 | Batch 640/2018 | Loss: 0.6820 | LR: 1.60e-04
Epoch 21/40 | Batch 680/2018 | Loss: 0.6836 | LR: 1.60e-04
Epoch 21/40 | Batch 720/2018 | Loss: 0.6807 | LR: 1.59e-04
Epoch 21/40 | Batch 760/2018 | Loss: 0.6815 | LR: 1.59e-04
Epoch 21/40 | Batch 800/2018 | Loss: 0.6814 | LR: 1.59e-04
Epoch 21/40 | Batch 840/2018 | Loss: 0.6816 | LR: 1.59e-04
Epoch 21/40 | Batch 880/2018 | Loss: 0.6808 | LR: 1.58e-04
Epoch 21/40 | Batch 920/2018 | Loss: 0.6823 | LR: 1.58e-04
Epoch 21/40 | Batch 960/2018 | Loss: 0.6829 | LR: 1.58e-04
Epoch 21/40 | Batch 1000/2018 | Loss: 0.6822 | LR: 1.58e-04
Epoch 21/40 | Batch 1040/2018 | Loss: 0.6817 | LR: 1.57e-04
Epoch 21/40 | Batch 1080/2018 | Loss: 0.6818 | LR: 1.57e-04
Epoch 21/40 | Batch 1120/2018 | Loss: 0.6818 | LR: 1.57e-04
Epoch 21/40 | Batch 1160/2018 | Loss: 0.6831 | LR: 1.57e-04
Epoch 21/40 | Batch 1200/2018 | Loss: 0.6822 | LR: 1.56e-04
Epoch 21/40 | Batch 1240/2018 | Loss: 0.6836 | LR: 1.56e-04
Epoch 21/40 | Batch 1280/2018 | Loss: 0.6816 | LR: 1.56e-04
Epoch 21/40 | Batch 1320/2018 | Loss: 0.6822 | LR: 1.56e-04
Epoch 21/40 | Batch 1360/2018 | Loss: 0.6836 | LR: 1.56e-04
Epoch 21/40 | Batch 1400/2018 | Loss: 0.6864 | LR: 1.55e-04
Epoch 21/40 | Batch 1440/2018 | Loss: 0.6817 | LR: 1.55e-04
Epoch 21/40 | Batch 1480/2018 | Loss: 0.6822 | LR: 1.55e-04
Epoch 21/40 | Batch 1520/2018 | Loss: 0.6823 | LR: 1.55e-04
Epoch 21/40 | Batch 1560/2018 | Loss: 0.6812 | LR: 1.54e-04
Epoch 21/40 | Batch 1600/2018 | Loss: 0.6824 | LR: 1.54e-04
Epoch 21/40 | Batch 1640/2018 | Loss: 0.6818 | LR: 1.54e-04
Epoch 21/40 | Batch 1680/2018 | Loss: 0.6814 | LR: 1.54e-04
Epoch 21/40 | Batch 1720/2018 | Loss: 0.6838 | LR: 1.53e-04
Epoch 21/40 | Batch 1760/2018 | Loss: 0.6835 | LR: 1.53e-04
Epoch 21/40 | Batch 1800/2018 | Loss: 0.6814 | LR: 1.53e-04
Epoch 21/40 | Batch 1840/2018 | Loss: 0.6837 | LR: 1.53e-04
Epoch 21/40 | Batch 1880/2018 | Loss: 0.6831 | LR: 1.52e-04
Epoch 21/40 | Batch 1920/2018 | Loss: 0.6842 | LR: 1.52e-04
Epoch 21/40 | Batch 1960/2018 | Loss: 0.6824 | LR: 1.52e-04
Epoch 21/40 | Batch 2000/2018 | Loss: 0.6814 | LR: 1.52e-04
  Sample - Pred: [34, 40, 20, 2, 23, 40, 29, 18, 40, 10, 3, 40, 15, 25, 21] | True: [34, 40, 20, 2, 23, 40, 29, 18, 40, 10, 3, 40, 20, 25, 9]

Epoch 21 Summary:
  Train Loss: 0.6826
  Val Loss: 0.7032
  PER: 0.1337
  Avg LR: 1.58e-04
------------------------------------------------------------
Epoch 22/40 | Batch 0/2018 | Loss: 0.6816 | LR: 1.51e-04
Epoch 22/40 | Batch 40/2018 | Loss: 0.6808 | LR: 1.51e-04
Epoch 22/40 | Batch 80/2018 | Loss: 0.6811 | LR: 1.51e-04
Epoch 22/40 | Batch 120/2018 | Loss: 0.6809 | LR: 1.51e-04
Epoch 22/40 | Batch 160/2018 | Loss: 0.6818 | LR: 1.51e-04
Epoch 22/40 | Batch 200/2018 | Loss: 0.6818 | LR: 1.50e-04
Epoch 22/40 | Batch 240/2018 | Loss: 0.6843 | LR: 1.50e-04
Epoch 22/40 | Batch 280/2018 | Loss: 0.6809 | LR: 1.50e-04
Epoch 22/40 | Batch 320/2018 | Loss: 0.6811 | LR: 1.50e-04
Epoch 22/40 | Batch 360/2018 | Loss: 0.6820 | LR: 1.49e-04
Epoch 22/40 | Batch 400/2018 | Loss: 0.6819 | LR: 1.49e-04
Epoch 22/40 | Batch 440/2018 | Loss: 0.6831 | LR: 1.49e-04
Epoch 22/40 | Batch 480/2018 | Loss: 0.6844 | LR: 1.49e-04
Epoch 22/40 | Batch 520/2018 | Loss: 0.6820 | LR: 1.48e-04
Epoch 22/40 | Batch 560/2018 | Loss: 0.6825 | LR: 1.48e-04
Epoch 22/40 | Batch 600/2018 | Loss: 0.6818 | LR: 1.48e-04
Epoch 22/40 | Batch 640/2018 | Loss: 0.6824 | LR: 1.48e-04
Epoch 22/40 | Batch 680/2018 | Loss: 0.6816 | LR: 1.47e-04
Epoch 22/40 | Batch 720/2018 | Loss: 0.6824 | LR: 1.47e-04
Epoch 22/40 | Batch 760/2018 | Loss: 0.6836 | LR: 1.47e-04
Epoch 22/40 | Batch 800/2018 | Loss: 0.6817 | LR: 1.47e-04
Epoch 22/40 | Batch 840/2018 | Loss: 0.6829 | LR: 1.46e-04
Epoch 22/40 | Batch 880/2018 | Loss: 0.6837 | LR: 1.46e-04
Epoch 22/40 | Batch 920/2018 | Loss: 0.6814 | LR: 1.46e-04
Epoch 22/40 | Batch 960/2018 | Loss: 0.6824 | LR: 1.46e-04
Epoch 22/40 | Batch 1000/2018 | Loss: 0.6815 | LR: 1.45e-04
Epoch 22/40 | Batch 1040/2018 | Loss: 0.6819 | LR: 1.45e-04
Epoch 22/40 | Batch 1080/2018 | Loss: 0.6818 | LR: 1.45e-04
Epoch 22/40 | Batch 1120/2018 | Loss: 0.6818 | LR: 1.45e-04
Epoch 22/40 | Batch 1160/2018 | Loss: 0.6822 | LR: 1.44e-04
Epoch 22/40 | Batch 1200/2018 | Loss: 0.6829 | LR: 1.44e-04
Epoch 22/40 | Batch 1240/2018 | Loss: 0.6822 | LR: 1.44e-04
Epoch 22/40 | Batch 1280/2018 | Loss: 0.6829 | LR: 1.44e-04
Epoch 22/40 | Batch 1320/2018 | Loss: 0.6828 | LR: 1.43e-04
Epoch 22/40 | Batch 1360/2018 | Loss: 0.6824 | LR: 1.43e-04
Epoch 22/40 | Batch 1400/2018 | Loss: 0.6841 | LR: 1.43e-04
Epoch 22/40 | Batch 1440/2018 | Loss: 0.6816 | LR: 1.43e-04
Epoch 22/40 | Batch 1480/2018 | Loss: 0.6805 | LR: 1.43e-04
Epoch 22/40 | Batch 1520/2018 | Loss: 0.6840 | LR: 1.42e-04
Epoch 22/40 | Batch 1560/2018 | Loss: 0.6823 | LR: 1.42e-04
Epoch 22/40 | Batch 1600/2018 | Loss: 0.6831 | LR: 1.42e-04
Epoch 22/40 | Batch 1640/2018 | Loss: 0.6817 | LR: 1.42e-04
Epoch 22/40 | Batch 1680/2018 | Loss: 0.6831 | LR: 1.41e-04
Epoch 22/40 | Batch 1720/2018 | Loss: 0.6813 | LR: 1.41e-04
Epoch 22/40 | Batch 1760/2018 | Loss: 0.6834 | LR: 1.41e-04
Epoch 22/40 | Batch 1800/2018 | Loss: 0.6813 | LR: 1.41e-04
Epoch 22/40 | Batch 1840/2018 | Loss: 0.6816 | LR: 1.40e-04
Epoch 22/40 | Batch 1880/2018 | Loss: 0.6843 | LR: 1.40e-04
Epoch 22/40 | Batch 1920/2018 | Loss: 0.6812 | LR: 1.40e-04
Epoch 22/40 | Batch 1960/2018 | Loss: 0.6847 | LR: 1.40e-04
Epoch 22/40 | Batch 2000/2018 | Loss: 0.6818 | LR: 1.39e-04
  Sample - Pred: [34, 40, 20, 2, 23, 40, 29, 18, 40, 10, 3, 40, 20, 3, 21] | True: [34, 40, 20, 2, 23, 40, 29, 18, 40, 10, 3, 40, 20, 25, 9]

Epoch 22 Summary:
  Train Loss: 0.6823
  Val Loss: 0.7032
  PER: 0.1323
  Avg LR: 1.45e-04
------------------------------------------------------------
Epoch 23/40 | Batch 0/2018 | Loss: 0.6812 | LR: 1.39e-04
Epoch 23/40 | Batch 40/2018 | Loss: 0.6837 | LR: 1.39e-04
Epoch 23/40 | Batch 80/2018 | Loss: 0.6813 | LR: 1.39e-04
Epoch 23/40 | Batch 120/2018 | Loss: 0.6843 | LR: 1.39e-04
Epoch 23/40 | Batch 160/2018 | Loss: 0.6839 | LR: 1.38e-04
Epoch 23/40 | Batch 200/2018 | Loss: 0.6836 | LR: 1.38e-04
Epoch 23/40 | Batch 240/2018 | Loss: 0.6811 | LR: 1.38e-04
Epoch 23/40 | Batch 280/2018 | Loss: 0.6808 | LR: 1.38e-04
Epoch 23/40 | Batch 320/2018 | Loss: 0.6821 | LR: 1.37e-04
Epoch 23/40 | Batch 360/2018 | Loss: 0.6816 | LR: 1.37e-04
Epoch 23/40 | Batch 400/2018 | Loss: 0.6813 | LR: 1.37e-04
Epoch 23/40 | Batch 440/2018 | Loss: 0.6808 | LR: 1.37e-04
Epoch 23/40 | Batch 480/2018 | Loss: 0.6818 | LR: 1.36e-04
Epoch 23/40 | Batch 520/2018 | Loss: 0.6820 | LR: 1.36e-04
Epoch 23/40 | Batch 560/2018 | Loss: 0.6808 | LR: 1.36e-04
Epoch 23/40 | Batch 600/2018 | Loss: 0.6812 | LR: 1.36e-04
Epoch 23/40 | Batch 640/2018 | Loss: 0.6831 | LR: 1.35e-04
Epoch 23/40 | Batch 680/2018 | Loss: 0.6817 | LR: 1.35e-04
Epoch 23/40 | Batch 720/2018 | Loss: 0.6810 | LR: 1.35e-04
Epoch 23/40 | Batch 760/2018 | Loss: 0.6820 | LR: 1.35e-04
Epoch 23/40 | Batch 800/2018 | Loss: 0.6805 | LR: 1.34e-04
Epoch 23/40 | Batch 840/2018 | Loss: 0.6815 | LR: 1.34e-04
Epoch 23/40 | Batch 880/2018 | Loss: 0.6810 | LR: 1.34e-04
Epoch 23/40 | Batch 920/2018 | Loss: 0.6817 | LR: 1.34e-04
Epoch 23/40 | Batch 960/2018 | Loss: 0.6806 | LR: 1.33e-04
Epoch 23/40 | Batch 1000/2018 | Loss: 0.6808 | LR: 1.33e-04
Epoch 23/40 | Batch 1040/2018 | Loss: 0.6810 | LR: 1.33e-04
Epoch 23/40 | Batch 1080/2018 | Loss: 0.6813 | LR: 1.33e-04
Epoch 23/40 | Batch 1120/2018 | Loss: 0.6808 | LR: 1.32e-04
Epoch 23/40 | Batch 1160/2018 | Loss: 0.6818 | LR: 1.32e-04
Epoch 23/40 | Batch 1200/2018 | Loss: 0.6821 | LR: 1.32e-04
Epoch 23/40 | Batch 1240/2018 | Loss: 0.6809 | LR: 1.32e-04
Epoch 23/40 | Batch 1280/2018 | Loss: 0.6811 | LR: 1.31e-04
Epoch 23/40 | Batch 1320/2018 | Loss: 0.6804 | LR: 1.31e-04
Epoch 23/40 | Batch 1360/2018 | Loss: 0.6815 | LR: 1.31e-04
Epoch 23/40 | Batch 1400/2018 | Loss: 0.6827 | LR: 1.31e-04
Epoch 23/40 | Batch 1440/2018 | Loss: 0.6826 | LR: 1.31e-04
Epoch 23/40 | Batch 1480/2018 | Loss: 0.6806 | LR: 1.30e-04
Epoch 23/40 | Batch 1520/2018 | Loss: 0.6816 | LR: 1.30e-04
Epoch 23/40 | Batch 1560/2018 | Loss: 0.6814 | LR: 1.30e-04
Epoch 23/40 | Batch 1600/2018 | Loss: 0.6811 | LR: 1.30e-04
Epoch 23/40 | Batch 1640/2018 | Loss: 0.6808 | LR: 1.29e-04
Epoch 23/40 | Batch 1680/2018 | Loss: 0.6824 | LR: 1.29e-04
Epoch 23/40 | Batch 1720/2018 | Loss: 0.6827 | LR: 1.29e-04
Epoch 23/40 | Batch 1760/2018 | Loss: 0.6810 | LR: 1.29e-04
Epoch 23/40 | Batch 1800/2018 | Loss: 0.6814 | LR: 1.28e-04
Epoch 23/40 | Batch 1840/2018 | Loss: 0.6814 | LR: 1.28e-04
Epoch 23/40 | Batch 1880/2018 | Loss: 0.6816 | LR: 1.28e-04
Epoch 23/40 | Batch 1920/2018 | Loss: 0.6811 | LR: 1.28e-04
Epoch 23/40 | Batch 1960/2018 | Loss: 0.6816 | LR: 1.27e-04
Epoch 23/40 | Batch 2000/2018 | Loss: 0.6823 | LR: 1.27e-04
  Sample - Pred: [34, 40, 20, 2, 23, 40, 29, 18, 40, 10, 3, 40, 20, 3, 21] | True: [34, 40, 20, 2, 23, 40, 29, 18, 40, 10, 3, 40, 20, 25, 9]

Epoch 23 Summary:
  Train Loss: 0.6818
  Val Loss: 0.7015
  PER: 0.1236
  Avg LR: 1.33e-04
------------------------------------------------------------
  ** New best model saved! PER: 0.1236
Epoch 24/40 | Batch 0/2018 | Loss: 0.6806 | LR: 1.27e-04
Epoch 24/40 | Batch 40/2018 | Loss: 0.6805 | LR: 1.27e-04
Epoch 24/40 | Batch 80/2018 | Loss: 0.6818 | LR: 1.27e-04
Epoch 24/40 | Batch 120/2018 | Loss: 0.6809 | LR: 1.26e-04
Epoch 24/40 | Batch 160/2018 | Loss: 0.6844 | LR: 1.26e-04
Epoch 24/40 | Batch 200/2018 | Loss: 0.6813 | LR: 1.26e-04
Epoch 24/40 | Batch 240/2018 | Loss: 0.6822 | LR: 1.26e-04
Epoch 24/40 | Batch 280/2018 | Loss: 0.6819 | LR: 1.25e-04
Epoch 24/40 | Batch 320/2018 | Loss: 0.6817 | LR: 1.25e-04
Epoch 24/40 | Batch 360/2018 | Loss: 0.6805 | LR: 1.25e-04
Epoch 24/40 | Batch 400/2018 | Loss: 0.6825 | LR: 1.25e-04
Epoch 24/40 | Batch 440/2018 | Loss: 0.6822 | LR: 1.24e-04
Epoch 24/40 | Batch 480/2018 | Loss: 0.6815 | LR: 1.24e-04
Epoch 24/40 | Batch 520/2018 | Loss: 0.6812 | LR: 1.24e-04
Epoch 24/40 | Batch 560/2018 | Loss: 0.6805 | LR: 1.24e-04
Epoch 24/40 | Batch 600/2018 | Loss: 0.6821 | LR: 1.23e-04
Epoch 24/40 | Batch 640/2018 | Loss: 0.6811 | LR: 1.23e-04
Epoch 24/40 | Batch 680/2018 | Loss: 0.6806 | LR: 1.23e-04
Epoch 24/40 | Batch 720/2018 | Loss: 0.6812 | LR: 1.23e-04
Epoch 24/40 | Batch 760/2018 | Loss: 0.6822 | LR: 1.23e-04
Epoch 24/40 | Batch 800/2018 | Loss: 0.6810 | LR: 1.22e-04
Epoch 24/40 | Batch 840/2018 | Loss: 0.6823 | LR: 1.22e-04
Epoch 24/40 | Batch 880/2018 | Loss: 0.6822 | LR: 1.22e-04
Epoch 24/40 | Batch 920/2018 | Loss: 0.6816 | LR: 1.22e-04
Epoch 24/40 | Batch 960/2018 | Loss: 0.6806 | LR: 1.21e-04
Epoch 24/40 | Batch 1000/2018 | Loss: 0.6807 | LR: 1.21e-04
Epoch 24/40 | Batch 1040/2018 | Loss: 0.6805 | LR: 1.21e-04
Epoch 24/40 | Batch 1080/2018 | Loss: 0.6803 | LR: 1.21e-04
Epoch 24/40 | Batch 1120/2018 | Loss: 0.6835 | LR: 1.20e-04
Epoch 24/40 | Batch 1160/2018 | Loss: 0.6802 | LR: 1.20e-04
Epoch 24/40 | Batch 1200/2018 | Loss: 0.6809 | LR: 1.20e-04
Epoch 24/40 | Batch 1240/2018 | Loss: 0.6819 | LR: 1.20e-04
Epoch 24/40 | Batch 1280/2018 | Loss: 0.6816 | LR: 1.19e-04
Epoch 24/40 | Batch 1320/2018 | Loss: 0.6810 | LR: 1.19e-04
Epoch 24/40 | Batch 1360/2018 | Loss: 0.6829 | LR: 1.19e-04
Epoch 24/40 | Batch 1400/2018 | Loss: 0.6808 | LR: 1.19e-04
Epoch 24/40 | Batch 1440/2018 | Loss: 0.6806 | LR: 1.18e-04
Epoch 24/40 | Batch 1480/2018 | Loss: 0.6820 | LR: 1.18e-04
Epoch 24/40 | Batch 1520/2018 | Loss: 0.6810 | LR: 1.18e-04
Epoch 24/40 | Batch 1560/2018 | Loss: 0.6820 | LR: 1.18e-04
Epoch 24/40 | Batch 1600/2018 | Loss: 0.6811 | LR: 1.18e-04
Epoch 24/40 | Batch 1640/2018 | Loss: 0.6804 | LR: 1.17e-04
Epoch 24/40 | Batch 1680/2018 | Loss: 0.6809 | LR: 1.17e-04
Epoch 24/40 | Batch 1720/2018 | Loss: 0.6828 | LR: 1.17e-04
Epoch 24/40 | Batch 1760/2018 | Loss: 0.6810 | LR: 1.17e-04
Epoch 24/40 | Batch 1800/2018 | Loss: 0.6807 | LR: 1.16e-04
Epoch 24/40 | Batch 1840/2018 | Loss: 0.6815 | LR: 1.16e-04
Epoch 24/40 | Batch 1880/2018 | Loss: 0.6806 | LR: 1.16e-04
Epoch 24/40 | Batch 1920/2018 | Loss: 0.6807 | LR: 1.16e-04
Epoch 24/40 | Batch 1960/2018 | Loss: 0.6815 | LR: 1.15e-04
Epoch 24/40 | Batch 2000/2018 | Loss: 0.6816 | LR: 1.15e-04
  Sample - Pred: [34, 40, 20, 2, 23, 40, 29, 18, 40, 10, 3, 40, 20, 3, 21] | True: [34, 40, 20, 2, 23, 40, 29, 18, 40, 10, 3, 40, 20, 25, 9]

Epoch 24 Summary:
  Train Loss: 0.6815
  Val Loss: 0.7018
  PER: 0.1235
  Avg LR: 1.21e-04
------------------------------------------------------------
  ** New best model saved! PER: 0.1235
Epoch 25/40 | Batch 0/2018 | Loss: 0.6804 | LR: 1.15e-04
Epoch 25/40 | Batch 40/2018 | Loss: 0.6811 | LR: 1.15e-04
Epoch 25/40 | Batch 80/2018 | Loss: 0.6810 | LR: 1.15e-04
Epoch 25/40 | Batch 120/2018 | Loss: 0.6803 | LR: 1.14e-04
Epoch 25/40 | Batch 160/2018 | Loss: 0.6807 | LR: 1.14e-04
Epoch 25/40 | Batch 200/2018 | Loss: 0.6814 | LR: 1.14e-04
Epoch 25/40 | Batch 240/2018 | Loss: 0.6814 | LR: 1.14e-04
Epoch 25/40 | Batch 280/2018 | Loss: 0.6860 | LR: 1.13e-04
Epoch 25/40 | Batch 320/2018 | Loss: 0.6814 | LR: 1.13e-04
Epoch 25/40 | Batch 360/2018 | Loss: 0.6812 | LR: 1.13e-04
Epoch 25/40 | Batch 400/2018 | Loss: 0.6810 | LR: 1.13e-04
Epoch 25/40 | Batch 440/2018 | Loss: 0.6815 | LR: 1.12e-04
Epoch 25/40 | Batch 480/2018 | Loss: 0.6803 | LR: 1.12e-04
Epoch 25/40 | Batch 520/2018 | Loss: 0.6815 | LR: 1.12e-04
Epoch 25/40 | Batch 560/2018 | Loss: 0.6822 | LR: 1.12e-04
Epoch 25/40 | Batch 600/2018 | Loss: 0.6824 | LR: 1.12e-04
Epoch 25/40 | Batch 640/2018 | Loss: 0.6813 | LR: 1.11e-04
Epoch 25/40 | Batch 680/2018 | Loss: 0.6804 | LR: 1.11e-04
Epoch 25/40 | Batch 720/2018 | Loss: 0.6807 | LR: 1.11e-04
Epoch 25/40 | Batch 760/2018 | Loss: 0.6804 | LR: 1.11e-04
Epoch 25/40 | Batch 800/2018 | Loss: 0.6807 | LR: 1.10e-04
Epoch 25/40 | Batch 840/2018 | Loss: 0.6822 | LR: 1.10e-04
Epoch 25/40 | Batch 880/2018 | Loss: 0.6809 | LR: 1.10e-04
Epoch 25/40 | Batch 920/2018 | Loss: 0.6802 | LR: 1.10e-04
Epoch 25/40 | Batch 960/2018 | Loss: 0.6809 | LR: 1.09e-04
Epoch 25/40 | Batch 1000/2018 | Loss: 0.6807 | LR: 1.09e-04
Epoch 25/40 | Batch 1040/2018 | Loss: 0.6807 | LR: 1.09e-04
Epoch 25/40 | Batch 1080/2018 | Loss: 0.6811 | LR: 1.09e-04
Epoch 25/40 | Batch 1120/2018 | Loss: 0.6805 | LR: 1.08e-04
Epoch 25/40 | Batch 1160/2018 | Loss: 0.6810 | LR: 1.08e-04
Epoch 25/40 | Batch 1200/2018 | Loss: 0.6811 | LR: 1.08e-04
Epoch 25/40 | Batch 1240/2018 | Loss: 0.6817 | LR: 1.08e-04
Epoch 25/40 | Batch 1280/2018 | Loss: 0.6805 | LR: 1.08e-04
Epoch 25/40 | Batch 1320/2018 | Loss: 0.6806 | LR: 1.07e-04
Epoch 25/40 | Batch 1360/2018 | Loss: 0.6804 | LR: 1.07e-04
Epoch 25/40 | Batch 1400/2018 | Loss: 0.6816 | LR: 1.07e-04
Epoch 25/40 | Batch 1440/2018 | Loss: 0.6852 | LR: 1.07e-04
Epoch 25/40 | Batch 1480/2018 | Loss: 0.6810 | LR: 1.06e-04
Epoch 25/40 | Batch 1520/2018 | Loss: 0.6837 | LR: 1.06e-04
Epoch 25/40 | Batch 1560/2018 | Loss: 0.6825 | LR: 1.06e-04
Epoch 25/40 | Batch 1600/2018 | Loss: 0.6808 | LR: 1.06e-04
Epoch 25/40 | Batch 1640/2018 | Loss: 0.6844 | LR: 1.05e-04
Epoch 25/40 | Batch 1680/2018 | Loss: 0.6809 | LR: 1.05e-04
Epoch 25/40 | Batch 1720/2018 | Loss: 0.6804 | LR: 1.05e-04
Epoch 25/40 | Batch 1760/2018 | Loss: 0.6807 | LR: 1.05e-04
Epoch 25/40 | Batch 1800/2018 | Loss: 0.6813 | LR: 1.05e-04
Epoch 25/40 | Batch 1840/2018 | Loss: 0.6823 | LR: 1.04e-04
Epoch 25/40 | Batch 1880/2018 | Loss: 0.6805 | LR: 1.04e-04
Epoch 25/40 | Batch 1920/2018 | Loss: 0.6807 | LR: 1.04e-04
Epoch 25/40 | Batch 1960/2018 | Loss: 0.6805 | LR: 1.04e-04
Epoch 25/40 | Batch 2000/2018 | Loss: 0.6816 | LR: 1.03e-04
  Sample - Pred: [34, 40, 20, 2, 23, 40, 29, 18, 40, 10, 3, 40, 20, 3, 21] | True: [34, 40, 20, 2, 23, 40, 29, 18, 40, 10, 3, 40, 20, 25, 9]

Epoch 25 Summary:
  Train Loss: 0.6812
  Val Loss: 0.7010
  PER: 0.1213
  Avg LR: 1.09e-04
------------------------------------------------------------
  ** New best model saved! PER: 0.1213
Epoch 26/40 | Batch 0/2018 | Loss: 0.6806 | LR: 1.03e-04
Epoch 26/40 | Batch 40/2018 | Loss: 0.6812 | LR: 1.03e-04
Epoch 26/40 | Batch 80/2018 | Loss: 0.6807 | LR: 1.03e-04
Epoch 26/40 | Batch 120/2018 | Loss: 0.6806 | LR: 1.03e-04
Epoch 26/40 | Batch 160/2018 | Loss: 0.6806 | LR: 1.02e-04
Epoch 26/40 | Batch 200/2018 | Loss: 0.6801 | LR: 1.02e-04
Epoch 26/40 | Batch 240/2018 | Loss: 0.6803 | LR: 1.02e-04
Epoch 26/40 | Batch 280/2018 | Loss: 0.6812 | LR: 1.02e-04
Epoch 26/40 | Batch 320/2018 | Loss: 0.6815 | LR: 1.01e-04
Epoch 26/40 | Batch 360/2018 | Loss: 0.6814 | LR: 1.01e-04
Epoch 26/40 | Batch 400/2018 | Loss: 0.6802 | LR: 1.01e-04
Epoch 26/40 | Batch 440/2018 | Loss: 0.6804 | LR: 1.01e-04
Epoch 26/40 | Batch 480/2018 | Loss: 0.6826 | LR: 1.01e-04
Epoch 26/40 | Batch 520/2018 | Loss: 0.6807 | LR: 1.00e-04
Epoch 26/40 | Batch 560/2018 | Loss: 0.6806 | LR: 1.00e-04
Epoch 26/40 | Batch 600/2018 | Loss: 0.6807 | LR: 9.98e-05
Epoch 26/40 | Batch 640/2018 | Loss: 0.6809 | LR: 9.96e-05
Epoch 26/40 | Batch 680/2018 | Loss: 0.6809 | LR: 9.94e-05
Epoch 26/40 | Batch 720/2018 | Loss: 0.6805 | LR: 9.92e-05
Epoch 26/40 | Batch 760/2018 | Loss: 0.6814 | LR: 9.89e-05
Epoch 26/40 | Batch 800/2018 | Loss: 0.6834 | LR: 9.87e-05
Epoch 26/40 | Batch 840/2018 | Loss: 0.6809 | LR: 9.85e-05
Epoch 26/40 | Batch 880/2018 | Loss: 0.6803 | LR: 9.83e-05
Epoch 26/40 | Batch 920/2018 | Loss: 0.6809 | LR: 9.80e-05
Epoch 26/40 | Batch 960/2018 | Loss: 0.6804 | LR: 9.78e-05
Epoch 26/40 | Batch 1000/2018 | Loss: 0.6822 | LR: 9.76e-05
Epoch 26/40 | Batch 1040/2018 | Loss: 0.6808 | LR: 9.73e-05
Epoch 26/40 | Batch 1080/2018 | Loss: 0.6802 | LR: 9.71e-05
Epoch 26/40 | Batch 1120/2018 | Loss: 0.6808 | LR: 9.69e-05
Epoch 26/40 | Batch 1160/2018 | Loss: 0.6813 | LR: 9.67e-05
Epoch 26/40 | Batch 1200/2018 | Loss: 0.6811 | LR: 9.64e-05
Epoch 26/40 | Batch 1240/2018 | Loss: 0.6816 | LR: 9.62e-05
Epoch 26/40 | Batch 1280/2018 | Loss: 0.6816 | LR: 9.60e-05
Epoch 26/40 | Batch 1320/2018 | Loss: 0.6801 | LR: 9.58e-05
Epoch 26/40 | Batch 1360/2018 | Loss: 0.6811 | LR: 9.55e-05
Epoch 26/40 | Batch 1400/2018 | Loss: 0.6805 | LR: 9.53e-05
Epoch 26/40 | Batch 1440/2018 | Loss: 0.6807 | LR: 9.51e-05
Epoch 26/40 | Batch 1480/2018 | Loss: 0.6807 | LR: 9.49e-05
Epoch 26/40 | Batch 1520/2018 | Loss: 0.6808 | LR: 9.46e-05
Epoch 26/40 | Batch 1560/2018 | Loss: 0.6808 | LR: 9.44e-05
Epoch 26/40 | Batch 1600/2018 | Loss: 0.6807 | LR: 9.42e-05
Epoch 26/40 | Batch 1640/2018 | Loss: 0.6809 | LR: 9.40e-05
Epoch 26/40 | Batch 1680/2018 | Loss: 0.6805 | LR: 9.37e-05
Epoch 26/40 | Batch 1720/2018 | Loss: 0.6818 | LR: 9.35e-05
Epoch 26/40 | Batch 1760/2018 | Loss: 0.6808 | LR: 9.33e-05
Epoch 26/40 | Batch 1800/2018 | Loss: 0.6804 | LR: 9.31e-05
Epoch 26/40 | Batch 1840/2018 | Loss: 0.6817 | LR: 9.28e-05
Epoch 26/40 | Batch 1880/2018 | Loss: 0.6801 | LR: 9.26e-05
Epoch 26/40 | Batch 1920/2018 | Loss: 0.6805 | LR: 9.24e-05
Epoch 26/40 | Batch 1960/2018 | Loss: 0.6807 | LR: 9.22e-05
Epoch 26/40 | Batch 2000/2018 | Loss: 0.6812 | LR: 9.19e-05
  Sample - Pred: [34, 40, 20, 2, 23, 40, 29, 18, 40, 10, 3, 40, 20, 3, 21] | True: [34, 40, 20, 2, 23, 40, 29, 18, 40, 10, 3, 40, 20, 25, 9]

Epoch 26 Summary:
  Train Loss: 0.6810
  Val Loss: 0.7008
  PER: 0.1198
  Avg LR: 9.75e-05
------------------------------------------------------------
  ** New best model saved! PER: 0.1198
Epoch 27/40 | Batch 0/2018 | Loss: 0.6809 | LR: 9.18e-05
Epoch 27/40 | Batch 40/2018 | Loss: 0.6813 | LR: 9.16e-05
Epoch 27/40 | Batch 80/2018 | Loss: 0.6822 | LR: 9.14e-05
Epoch 27/40 | Batch 120/2018 | Loss: 0.6801 | LR: 9.12e-05
Epoch 27/40 | Batch 160/2018 | Loss: 0.6806 | LR: 9.10e-05
Epoch 27/40 | Batch 200/2018 | Loss: 0.6802 | LR: 9.07e-05
Epoch 27/40 | Batch 240/2018 | Loss: 0.6808 | LR: 9.05e-05
Epoch 27/40 | Batch 280/2018 | Loss: 0.6802 | LR: 9.03e-05
Epoch 27/40 | Batch 320/2018 | Loss: 0.6800 | LR: 9.01e-05
Epoch 27/40 | Batch 360/2018 | Loss: 0.6803 | LR: 8.98e-05
Epoch 27/40 | Batch 400/2018 | Loss: 0.6803 | LR: 8.96e-05
Epoch 27/40 | Batch 440/2018 | Loss: 0.6809 | LR: 8.94e-05
Epoch 27/40 | Batch 480/2018 | Loss: 0.6804 | LR: 8.92e-05
Epoch 27/40 | Batch 520/2018 | Loss: 0.6805 | LR: 8.90e-05
Epoch 27/40 | Batch 560/2018 | Loss: 0.6807 | LR: 8.87e-05
Epoch 27/40 | Batch 600/2018 | Loss: 0.6808 | LR: 8.85e-05
Epoch 27/40 | Batch 640/2018 | Loss: 0.6816 | LR: 8.83e-05
Epoch 27/40 | Batch 680/2018 | Loss: 0.6806 | LR: 8.81e-05
Epoch 27/40 | Batch 720/2018 | Loss: 0.6802 | LR: 8.79e-05
Epoch 27/40 | Batch 760/2018 | Loss: 0.6805 | LR: 8.76e-05
Epoch 27/40 | Batch 800/2018 | Loss: 0.6804 | LR: 8.74e-05
Epoch 27/40 | Batch 840/2018 | Loss: 0.6801 | LR: 8.72e-05
Epoch 27/40 | Batch 880/2018 | Loss: 0.6809 | LR: 8.70e-05
Epoch 27/40 | Batch 920/2018 | Loss: 0.6806 | LR: 8.68e-05
Epoch 27/40 | Batch 960/2018 | Loss: 0.6810 | LR: 8.65e-05
Epoch 27/40 | Batch 1000/2018 | Loss: 0.6812 | LR: 8.63e-05
Epoch 27/40 | Batch 1040/2018 | Loss: 0.6808 | LR: 8.61e-05
Epoch 27/40 | Batch 1080/2018 | Loss: 0.6811 | LR: 8.59e-05
Epoch 27/40 | Batch 1120/2018 | Loss: 0.6811 | LR: 8.57e-05
Epoch 27/40 | Batch 1160/2018 | Loss: 0.6807 | LR: 8.55e-05
Epoch 27/40 | Batch 1200/2018 | Loss: 0.6811 | LR: 8.52e-05
Epoch 27/40 | Batch 1240/2018 | Loss: 0.6806 | LR: 8.50e-05
Epoch 27/40 | Batch 1280/2018 | Loss: 0.6816 | LR: 8.48e-05
Epoch 27/40 | Batch 1320/2018 | Loss: 0.6802 | LR: 8.46e-05
Epoch 27/40 | Batch 1360/2018 | Loss: 0.6812 | LR: 8.44e-05
Epoch 27/40 | Batch 1400/2018 | Loss: 0.6809 | LR: 8.42e-05
Epoch 27/40 | Batch 1440/2018 | Loss: 0.6802 | LR: 8.39e-05
Epoch 27/40 | Batch 1480/2018 | Loss: 0.6811 | LR: 8.37e-05
Epoch 27/40 | Batch 1520/2018 | Loss: 0.6805 | LR: 8.35e-05
Epoch 27/40 | Batch 1560/2018 | Loss: 0.6803 | LR: 8.33e-05
Epoch 27/40 | Batch 1600/2018 | Loss: 0.6807 | LR: 8.31e-05
Epoch 27/40 | Batch 1640/2018 | Loss: 0.6806 | LR: 8.29e-05
Epoch 27/40 | Batch 1680/2018 | Loss: 0.6802 | LR: 8.26e-05
Epoch 27/40 | Batch 1720/2018 | Loss: 0.6802 | LR: 8.24e-05
Epoch 27/40 | Batch 1760/2018 | Loss: 0.6805 | LR: 8.22e-05
Epoch 27/40 | Batch 1800/2018 | Loss: 0.6804 | LR: 8.20e-05
Epoch 27/40 | Batch 1840/2018 | Loss: 0.6804 | LR: 8.18e-05
Epoch 27/40 | Batch 1880/2018 | Loss: 0.6804 | LR: 8.16e-05
Epoch 27/40 | Batch 1920/2018 | Loss: 0.6803 | LR: 8.13e-05
Epoch 27/40 | Batch 1960/2018 | Loss: 0.6804 | LR: 8.11e-05
Epoch 27/40 | Batch 2000/2018 | Loss: 0.6810 | LR: 8.09e-05
  Sample - Pred: [34, 40, 20, 2, 23, 40, 29, 18, 40, 10, 3, 40, 20, 3, 21] | True: [34, 40, 20, 2, 23, 40, 29, 18, 40, 10, 3, 40, 20, 25, 9]

Epoch 27 Summary:
  Train Loss: 0.6808
  Val Loss: 0.7008
  PER: 0.1185
  Avg LR: 8.63e-05
------------------------------------------------------------
  ** New best model saved! PER: 0.1185
Epoch 28/40 | Batch 0/2018 | Loss: 0.6805 | LR: 8.08e-05
Epoch 28/40 | Batch 40/2018 | Loss: 0.6803 | LR: 8.06e-05
Epoch 28/40 | Batch 80/2018 | Loss: 0.6803 | LR: 8.04e-05
Epoch 28/40 | Batch 120/2018 | Loss: 0.6803 | LR: 8.02e-05
Epoch 28/40 | Batch 160/2018 | Loss: 0.6812 | LR: 8.00e-05
Epoch 28/40 | Batch 200/2018 | Loss: 0.6805 | LR: 7.98e-05
Epoch 28/40 | Batch 240/2018 | Loss: 0.6802 | LR: 7.95e-05
Epoch 28/40 | Batch 280/2018 | Loss: 0.6805 | LR: 7.93e-05
Epoch 28/40 | Batch 320/2018 | Loss: 0.6802 | LR: 7.91e-05
Epoch 28/40 | Batch 360/2018 | Loss: 0.6813 | LR: 7.89e-05
Epoch 28/40 | Batch 400/2018 | Loss: 0.6805 | LR: 7.87e-05
Epoch 28/40 | Batch 440/2018 | Loss: 0.6802 | LR: 7.85e-05
Epoch 28/40 | Batch 480/2018 | Loss: 0.6801 | LR: 7.83e-05
Epoch 28/40 | Batch 520/2018 | Loss: 0.6804 | LR: 7.81e-05
Epoch 28/40 | Batch 560/2018 | Loss: 0.6815 | LR: 7.78e-05
Epoch 28/40 | Batch 600/2018 | Loss: 0.6806 | LR: 7.76e-05
Epoch 28/40 | Batch 640/2018 | Loss: 0.6804 | LR: 7.74e-05
Epoch 28/40 | Batch 680/2018 | Loss: 0.6802 | LR: 7.72e-05
Epoch 28/40 | Batch 720/2018 | Loss: 0.6800 | LR: 7.70e-05
Epoch 28/40 | Batch 760/2018 | Loss: 0.6805 | LR: 7.68e-05
Epoch 28/40 | Batch 800/2018 | Loss: 0.6808 | LR: 7.66e-05
Epoch 28/40 | Batch 840/2018 | Loss: 0.6804 | LR: 7.64e-05
Epoch 28/40 | Batch 880/2018 | Loss: 0.6806 | LR: 7.62e-05
Epoch 28/40 | Batch 920/2018 | Loss: 0.6803 | LR: 7.60e-05
Epoch 28/40 | Batch 960/2018 | Loss: 0.6802 | LR: 7.57e-05
Epoch 28/40 | Batch 1000/2018 | Loss: 0.6813 | LR: 7.55e-05
Epoch 28/40 | Batch 1040/2018 | Loss: 0.6809 | LR: 7.53e-05
Epoch 28/40 | Batch 1080/2018 | Loss: 0.6812 | LR: 7.51e-05
Epoch 28/40 | Batch 1120/2018 | Loss: 0.6802 | LR: 7.49e-05
Epoch 28/40 | Batch 1160/2018 | Loss: 0.6804 | LR: 7.47e-05
Epoch 28/40 | Batch 1200/2018 | Loss: 0.6808 | LR: 7.45e-05
Epoch 28/40 | Batch 1240/2018 | Loss: 0.6803 | LR: 7.43e-05
Epoch 28/40 | Batch 1280/2018 | Loss: 0.6804 | LR: 7.41e-05
Epoch 28/40 | Batch 1320/2018 | Loss: 0.6817 | LR: 7.39e-05
Epoch 28/40 | Batch 1360/2018 | Loss: 0.6799 | LR: 7.37e-05
Epoch 28/40 | Batch 1400/2018 | Loss: 0.6803 | LR: 7.35e-05
Epoch 28/40 | Batch 1440/2018 | Loss: 0.6807 | LR: 7.32e-05
Epoch 28/40 | Batch 1480/2018 | Loss: 0.6805 | LR: 7.30e-05
Epoch 28/40 | Batch 1520/2018 | Loss: 0.6812 | LR: 7.28e-05
Epoch 28/40 | Batch 1560/2018 | Loss: 0.6803 | LR: 7.26e-05
Epoch 28/40 | Batch 1600/2018 | Loss: 0.6813 | LR: 7.24e-05
Epoch 28/40 | Batch 1640/2018 | Loss: 0.6805 | LR: 7.22e-05
Epoch 28/40 | Batch 1680/2018 | Loss: 0.6800 | LR: 7.20e-05
Epoch 28/40 | Batch 1720/2018 | Loss: 0.6803 | LR: 7.18e-05
Epoch 28/40 | Batch 1760/2018 | Loss: 0.6811 | LR: 7.16e-05
Epoch 28/40 | Batch 1800/2018 | Loss: 0.6815 | LR: 7.14e-05
Epoch 28/40 | Batch 1840/2018 | Loss: 0.6825 | LR: 7.12e-05
Epoch 28/40 | Batch 1880/2018 | Loss: 0.6804 | LR: 7.10e-05
Epoch 28/40 | Batch 1920/2018 | Loss: 0.6803 | LR: 7.08e-05
Epoch 28/40 | Batch 1960/2018 | Loss: 0.6805 | LR: 7.06e-05
Epoch 28/40 | Batch 2000/2018 | Loss: 0.6803 | LR: 7.04e-05
  Sample - Pred: [34, 40, 20, 2, 23, 40, 29, 18, 40, 10, 3, 40, 20, 25, 21] | True: [34, 40, 20, 2, 23, 40, 29, 18, 40, 10, 3, 40, 20, 25, 9]

Epoch 28 Summary:
  Train Loss: 0.6806
  Val Loss: 0.7000
  PER: 0.1157
  Avg LR: 7.55e-05
------------------------------------------------------------
  ** New best model saved! PER: 0.1157
Epoch 29/40 | Batch 0/2018 | Loss: 0.6805 | LR: 7.03e-05
Epoch 29/40 | Batch 40/2018 | Loss: 0.6800 | LR: 7.01e-05
Epoch 29/40 | Batch 80/2018 | Loss: 0.6808 | LR: 6.99e-05
Epoch 29/40 | Batch 120/2018 | Loss: 0.6803 | LR: 6.97e-05
Epoch 29/40 | Batch 160/2018 | Loss: 0.6802 | LR: 6.95e-05
Epoch 29/40 | Batch 200/2018 | Loss: 0.6805 | LR: 6.93e-05
Epoch 29/40 | Batch 240/2018 | Loss: 0.6804 | LR: 6.91e-05
Epoch 29/40 | Batch 280/2018 | Loss: 0.6806 | LR: 6.89e-05
Epoch 29/40 | Batch 320/2018 | Loss: 0.6811 | LR: 6.87e-05
Epoch 29/40 | Batch 360/2018 | Loss: 0.6803 | LR: 6.85e-05
Epoch 29/40 | Batch 400/2018 | Loss: 0.6802 | LR: 6.83e-05
Epoch 29/40 | Batch 440/2018 | Loss: 0.6808 | LR: 6.81e-05
Epoch 29/40 | Batch 480/2018 | Loss: 0.6803 | LR: 6.78e-05
Epoch 29/40 | Batch 520/2018 | Loss: 0.6804 | LR: 6.76e-05
Epoch 29/40 | Batch 560/2018 | Loss: 0.6809 | LR: 6.74e-05
Epoch 29/40 | Batch 600/2018 | Loss: 0.6802 | LR: 6.72e-05
Epoch 29/40 | Batch 640/2018 | Loss: 0.6801 | LR: 6.70e-05
Epoch 29/40 | Batch 680/2018 | Loss: 0.6803 | LR: 6.68e-05
Epoch 29/40 | Batch 720/2018 | Loss: 0.6801 | LR: 6.66e-05
Epoch 29/40 | Batch 760/2018 | Loss: 0.6803 | LR: 6.64e-05
Epoch 29/40 | Batch 800/2018 | Loss: 0.6803 | LR: 6.62e-05
Epoch 29/40 | Batch 840/2018 | Loss: 0.6799 | LR: 6.60e-05
Epoch 29/40 | Batch 880/2018 | Loss: 0.6806 | LR: 6.59e-05
Epoch 29/40 | Batch 920/2018 | Loss: 0.6800 | LR: 6.57e-05
Epoch 29/40 | Batch 960/2018 | Loss: 0.6805 | LR: 6.55e-05
Epoch 29/40 | Batch 1000/2018 | Loss: 0.6809 | LR: 6.53e-05
Epoch 29/40 | Batch 1040/2018 | Loss: 0.6802 | LR: 6.51e-05
Epoch 29/40 | Batch 1080/2018 | Loss: 0.6807 | LR: 6.49e-05
Epoch 29/40 | Batch 1120/2018 | Loss: 0.6803 | LR: 6.47e-05
Epoch 29/40 | Batch 1160/2018 | Loss: 0.6804 | LR: 6.45e-05
Epoch 29/40 | Batch 1200/2018 | Loss: 0.6818 | LR: 6.43e-05
Epoch 29/40 | Batch 1240/2018 | Loss: 0.6806 | LR: 6.41e-05
Epoch 29/40 | Batch 1280/2018 | Loss: 0.6800 | LR: 6.39e-05
Epoch 29/40 | Batch 1320/2018 | Loss: 0.6800 | LR: 6.37e-05
Epoch 29/40 | Batch 1360/2018 | Loss: 0.6803 | LR: 6.35e-05
Epoch 29/40 | Batch 1400/2018 | Loss: 0.6859 | LR: 6.33e-05
Epoch 29/40 | Batch 1440/2018 | Loss: 0.6806 | LR: 6.31e-05
Epoch 29/40 | Batch 1480/2018 | Loss: 0.6800 | LR: 6.29e-05
Epoch 29/40 | Batch 1520/2018 | Loss: 0.6804 | LR: 6.27e-05
Epoch 29/40 | Batch 1560/2018 | Loss: 0.6803 | LR: 6.25e-05
Epoch 29/40 | Batch 1600/2018 | Loss: 0.6817 | LR: 6.23e-05
Epoch 29/40 | Batch 1640/2018 | Loss: 0.6802 | LR: 6.21e-05
Epoch 29/40 | Batch 1680/2018 | Loss: 0.6801 | LR: 6.19e-05
Epoch 29/40 | Batch 1720/2018 | Loss: 0.6806 | LR: 6.17e-05
Epoch 29/40 | Batch 1760/2018 | Loss: 0.6808 | LR: 6.15e-05
Epoch 29/40 | Batch 1800/2018 | Loss: 0.6829 | LR: 6.13e-05
Epoch 29/40 | Batch 1840/2018 | Loss: 0.6807 | LR: 6.11e-05
Epoch 29/40 | Batch 1880/2018 | Loss: 0.6803 | LR: 6.10e-05
Epoch 29/40 | Batch 1920/2018 | Loss: 0.6807 | LR: 6.08e-05
Epoch 29/40 | Batch 1960/2018 | Loss: 0.6800 | LR: 6.06e-05
Epoch 29/40 | Batch 2000/2018 | Loss: 0.6801 | LR: 6.04e-05
  Sample - Pred: [34, 40, 20, 2, 23, 40, 29, 18, 40, 10, 3, 40, 20, 3, 21] | True: [34, 40, 20, 2, 23, 40, 29, 18, 40, 10, 3, 40, 20, 25, 9]

Epoch 29 Summary:
  Train Loss: 0.6804
  Val Loss: 0.7019
  PER: 0.1242
  Avg LR: 6.52e-05
------------------------------------------------------------
Epoch 30/40 | Batch 0/2018 | Loss: 0.6814 | LR: 6.03e-05
Epoch 30/40 | Batch 40/2018 | Loss: 0.6806 | LR: 6.01e-05
Epoch 30/40 | Batch 80/2018 | Loss: 0.6803 | LR: 5.99e-05
Epoch 30/40 | Batch 120/2018 | Loss: 0.6802 | LR: 5.97e-05
Epoch 30/40 | Batch 160/2018 | Loss: 0.6802 | LR: 5.95e-05
Epoch 30/40 | Batch 200/2018 | Loss: 0.6803 | LR: 5.93e-05
Epoch 30/40 | Batch 240/2018 | Loss: 0.6807 | LR: 5.91e-05
Epoch 30/40 | Batch 280/2018 | Loss: 0.6803 | LR: 5.90e-05
Epoch 30/40 | Batch 320/2018 | Loss: 0.6802 | LR: 5.88e-05
Epoch 30/40 | Batch 360/2018 | Loss: 0.6802 | LR: 5.86e-05
Epoch 30/40 | Batch 400/2018 | Loss: 0.6800 | LR: 5.84e-05
Epoch 30/40 | Batch 440/2018 | Loss: 0.6804 | LR: 5.82e-05
Epoch 30/40 | Batch 480/2018 | Loss: 0.6805 | LR: 5.80e-05
Epoch 30/40 | Batch 520/2018 | Loss: 0.6800 | LR: 5.78e-05
Epoch 30/40 | Batch 560/2018 | Loss: 0.6803 | LR: 5.76e-05
Epoch 30/40 | Batch 600/2018 | Loss: 0.6799 | LR: 5.74e-05
Epoch 30/40 | Batch 640/2018 | Loss: 0.6802 | LR: 5.72e-05
Epoch 30/40 | Batch 680/2018 | Loss: 0.6806 | LR: 5.71e-05
Epoch 30/40 | Batch 720/2018 | Loss: 0.6802 | LR: 5.69e-05
Epoch 30/40 | Batch 760/2018 | Loss: 0.6800 | LR: 5.67e-05
Epoch 30/40 | Batch 800/2018 | Loss: 0.6799 | LR: 5.65e-05
Epoch 30/40 | Batch 840/2018 | Loss: 0.6802 | LR: 5.63e-05
Epoch 30/40 | Batch 880/2018 | Loss: 0.6801 | LR: 5.61e-05
Epoch 30/40 | Batch 920/2018 | Loss: 0.6805 | LR: 5.59e-05
Epoch 30/40 | Batch 960/2018 | Loss: 0.6803 | LR: 5.58e-05
Epoch 30/40 | Batch 1000/2018 | Loss: 0.6802 | LR: 5.56e-05
Epoch 30/40 | Batch 1040/2018 | Loss: 0.6806 | LR: 5.54e-05
Epoch 30/40 | Batch 1080/2018 | Loss: 0.6802 | LR: 5.52e-05
Epoch 30/40 | Batch 1120/2018 | Loss: 0.6804 | LR: 5.50e-05
Epoch 30/40 | Batch 1160/2018 | Loss: 0.6805 | LR: 5.48e-05
Epoch 30/40 | Batch 1200/2018 | Loss: 0.6800 | LR: 5.46e-05
Epoch 30/40 | Batch 1240/2018 | Loss: 0.6801 | LR: 5.45e-05
Epoch 30/40 | Batch 1280/2018 | Loss: 0.6803 | LR: 5.43e-05
Epoch 30/40 | Batch 1320/2018 | Loss: 0.6805 | LR: 5.41e-05
Epoch 30/40 | Batch 1360/2018 | Loss: 0.6803 | LR: 5.39e-05
Epoch 30/40 | Batch 1400/2018 | Loss: 0.6804 | LR: 5.37e-05
Epoch 30/40 | Batch 1440/2018 | Loss: 0.6800 | LR: 5.35e-05
Epoch 30/40 | Batch 1480/2018 | Loss: 0.6805 | LR: 5.34e-05
Epoch 30/40 | Batch 1520/2018 | Loss: 0.6805 | LR: 5.32e-05
Epoch 30/40 | Batch 1560/2018 | Loss: 0.6806 | LR: 5.30e-05
Epoch 30/40 | Batch 1600/2018 | Loss: 0.6802 | LR: 5.28e-05
Epoch 30/40 | Batch 1640/2018 | Loss: 0.6802 | LR: 5.26e-05
Epoch 30/40 | Batch 1680/2018 | Loss: 0.6800 | LR: 5.24e-05
Epoch 30/40 | Batch 1720/2018 | Loss: 0.6800 | LR: 5.23e-05
Epoch 30/40 | Batch 1760/2018 | Loss: 0.6804 | LR: 5.21e-05
Epoch 30/40 | Batch 1800/2018 | Loss: 0.6801 | LR: 5.19e-05
Epoch 30/40 | Batch 1840/2018 | Loss: 0.6811 | LR: 5.17e-05
Epoch 30/40 | Batch 1880/2018 | Loss: 0.6806 | LR: 5.15e-05
Epoch 30/40 | Batch 1920/2018 | Loss: 0.6800 | LR: 5.14e-05
Epoch 30/40 | Batch 1960/2018 | Loss: 0.6802 | LR: 5.12e-05
Epoch 30/40 | Batch 2000/2018 | Loss: 0.6801 | LR: 5.10e-05
  Sample - Pred: [34, 40, 20, 2, 23, 40, 29, 18, 40, 10, 3, 40, 20, 25, 21] | True: [34, 40, 20, 2, 23, 40, 29, 18, 40, 10, 3, 40, 20, 25, 9]

Epoch 30 Summary:
  Train Loss: 0.6803
  Val Loss: 0.6996
  PER: 0.1135
  Avg LR: 5.55e-05
------------------------------------------------------------
  ** New best model saved! PER: 0.1135
Epoch 31/40 | Batch 0/2018 | Loss: 0.6804 | LR: 5.09e-05
Epoch 31/40 | Batch 40/2018 | Loss: 0.6800 | LR: 5.07e-05
Epoch 31/40 | Batch 80/2018 | Loss: 0.6801 | LR: 5.06e-05
Epoch 31/40 | Batch 120/2018 | Loss: 0.6810 | LR: 5.04e-05
Epoch 31/40 | Batch 160/2018 | Loss: 0.6801 | LR: 5.02e-05
Epoch 31/40 | Batch 200/2018 | Loss: 0.6799 | LR: 5.00e-05
Epoch 31/40 | Batch 240/2018 | Loss: 0.6863 | LR: 4.99e-05
Epoch 31/40 | Batch 280/2018 | Loss: 0.6800 | LR: 4.97e-05
Epoch 31/40 | Batch 320/2018 | Loss: 0.6804 | LR: 4.95e-05
Epoch 31/40 | Batch 360/2018 | Loss: 0.6802 | LR: 4.93e-05
Epoch 31/40 | Batch 400/2018 | Loss: 0.6801 | LR: 4.91e-05
Epoch 31/40 | Batch 440/2018 | Loss: 0.6814 | LR: 4.90e-05
Epoch 31/40 | Batch 480/2018 | Loss: 0.6800 | LR: 4.88e-05
Epoch 31/40 | Batch 520/2018 | Loss: 0.6804 | LR: 4.86e-05
Epoch 31/40 | Batch 560/2018 | Loss: 0.6802 | LR: 4.84e-05
Epoch 31/40 | Batch 600/2018 | Loss: 0.6801 | LR: 4.83e-05
Epoch 31/40 | Batch 640/2018 | Loss: 0.6801 | LR: 4.81e-05
Epoch 31/40 | Batch 680/2018 | Loss: 0.6799 | LR: 4.79e-05
Epoch 31/40 | Batch 720/2018 | Loss: 0.6802 | LR: 4.77e-05
Epoch 31/40 | Batch 760/2018 | Loss: 0.6800 | LR: 4.76e-05
Epoch 31/40 | Batch 800/2018 | Loss: 0.6803 | LR: 4.74e-05
Epoch 31/40 | Batch 840/2018 | Loss: 0.6801 | LR: 4.72e-05
Epoch 31/40 | Batch 880/2018 | Loss: 0.6801 | LR: 4.71e-05
Epoch 31/40 | Batch 920/2018 | Loss: 0.6801 | LR: 4.69e-05
Epoch 31/40 | Batch 960/2018 | Loss: 0.6801 | LR: 4.67e-05
Epoch 31/40 | Batch 1000/2018 | Loss: 0.6799 | LR: 4.65e-05
Epoch 31/40 | Batch 1040/2018 | Loss: 0.6802 | LR: 4.64e-05
Epoch 31/40 | Batch 1080/2018 | Loss: 0.6800 | LR: 4.62e-05
Epoch 31/40 | Batch 1120/2018 | Loss: 0.6800 | LR: 4.60e-05
Epoch 31/40 | Batch 1160/2018 | Loss: 0.6801 | LR: 4.58e-05
Epoch 31/40 | Batch 1200/2018 | Loss: 0.6801 | LR: 4.57e-05
Epoch 31/40 | Batch 1240/2018 | Loss: 0.6803 | LR: 4.55e-05
Epoch 31/40 | Batch 1280/2018 | Loss: 0.6804 | LR: 4.53e-05
Epoch 31/40 | Batch 1320/2018 | Loss: 0.6803 | LR: 4.52e-05
Epoch 31/40 | Batch 1360/2018 | Loss: 0.6799 | LR: 4.50e-05
Epoch 31/40 | Batch 1400/2018 | Loss: 0.6803 | LR: 4.48e-05
Epoch 31/40 | Batch 1440/2018 | Loss: 0.6801 | LR: 4.47e-05
Epoch 31/40 | Batch 1480/2018 | Loss: 0.6801 | LR: 4.45e-05
Epoch 31/40 | Batch 1520/2018 | Loss: 0.6801 | LR: 4.43e-05
Epoch 31/40 | Batch 1560/2018 | Loss: 0.6803 | LR: 4.42e-05
Epoch 31/40 | Batch 1600/2018 | Loss: 0.6800 | LR: 4.40e-05
Epoch 31/40 | Batch 1640/2018 | Loss: 0.6803 | LR: 4.38e-05
Epoch 31/40 | Batch 1680/2018 | Loss: 0.6803 | LR: 4.36e-05
Epoch 31/40 | Batch 1720/2018 | Loss: 0.6800 | LR: 4.35e-05
Epoch 31/40 | Batch 1760/2018 | Loss: 0.6802 | LR: 4.33e-05
Epoch 31/40 | Batch 1800/2018 | Loss: 0.6802 | LR: 4.31e-05
Epoch 31/40 | Batch 1840/2018 | Loss: 0.6804 | LR: 4.30e-05
Epoch 31/40 | Batch 1880/2018 | Loss: 0.6801 | LR: 4.28e-05
Epoch 31/40 | Batch 1920/2018 | Loss: 0.6800 | LR: 4.26e-05
Epoch 31/40 | Batch 1960/2018 | Loss: 0.6801 | LR: 4.25e-05
Epoch 31/40 | Batch 2000/2018 | Loss: 0.6803 | LR: 4.23e-05
  Sample - Pred: [34, 40, 20, 2, 23, 40, 29, 18, 40, 10, 3, 40, 20, 3, 21] | True: [34, 40, 20, 2, 23, 40, 29, 18, 40, 10, 3, 40, 20, 25, 9]

Epoch 31 Summary:
  Train Loss: 0.6802
  Val Loss: 0.6995
  PER: 0.1132
  Avg LR: 4.65e-05
------------------------------------------------------------
  ** New best model saved! PER: 0.1132
Epoch 32/40 | Batch 0/2018 | Loss: 0.6802 | LR: 4.22e-05
Epoch 32/40 | Batch 40/2018 | Loss: 0.6802 | LR: 4.21e-05
Epoch 32/40 | Batch 80/2018 | Loss: 0.6803 | LR: 4.19e-05
Epoch 32/40 | Batch 120/2018 | Loss: 0.6804 | LR: 4.18e-05
Epoch 32/40 | Batch 160/2018 | Loss: 0.6798 | LR: 4.16e-05
Epoch 32/40 | Batch 200/2018 | Loss: 0.6800 | LR: 4.14e-05
Epoch 32/40 | Batch 240/2018 | Loss: 0.6799 | LR: 4.13e-05
Epoch 32/40 | Batch 280/2018 | Loss: 0.6807 | LR: 4.11e-05
Epoch 32/40 | Batch 320/2018 | Loss: 0.6800 | LR: 4.09e-05
Epoch 32/40 | Batch 360/2018 | Loss: 0.6799 | LR: 4.08e-05
Epoch 32/40 | Batch 400/2018 | Loss: 0.6803 | LR: 4.06e-05
Epoch 32/40 | Batch 440/2018 | Loss: 0.6804 | LR: 4.04e-05
Epoch 32/40 | Batch 480/2018 | Loss: 0.6800 | LR: 4.03e-05
Epoch 32/40 | Batch 520/2018 | Loss: 0.6800 | LR: 4.01e-05
Epoch 32/40 | Batch 560/2018 | Loss: 0.6799 | LR: 4.00e-05
Epoch 32/40 | Batch 600/2018 | Loss: 0.6804 | LR: 3.98e-05
Epoch 32/40 | Batch 640/2018 | Loss: 0.6803 | LR: 3.96e-05
Epoch 32/40 | Batch 680/2018 | Loss: 0.6799 | LR: 3.95e-05
Epoch 32/40 | Batch 720/2018 | Loss: 0.6800 | LR: 3.93e-05
Epoch 32/40 | Batch 760/2018 | Loss: 0.6799 | LR: 3.92e-05
Epoch 32/40 | Batch 800/2018 | Loss: 0.6823 | LR: 3.90e-05
Epoch 32/40 | Batch 840/2018 | Loss: 0.6801 | LR: 3.88e-05
Epoch 32/40 | Batch 880/2018 | Loss: 0.6800 | LR: 3.87e-05
Epoch 32/40 | Batch 920/2018 | Loss: 0.6800 | LR: 3.85e-05
Epoch 32/40 | Batch 960/2018 | Loss: 0.6800 | LR: 3.84e-05
Epoch 32/40 | Batch 1000/2018 | Loss: 0.6799 | LR: 3.82e-05
Epoch 32/40 | Batch 1040/2018 | Loss: 0.6801 | LR: 3.81e-05
Epoch 32/40 | Batch 1080/2018 | Loss: 0.6800 | LR: 3.79e-05
Epoch 32/40 | Batch 1120/2018 | Loss: 0.6800 | LR: 3.77e-05
Epoch 32/40 | Batch 1160/2018 | Loss: 0.6802 | LR: 3.76e-05
Epoch 32/40 | Batch 1200/2018 | Loss: 0.6803 | LR: 3.74e-05
Epoch 32/40 | Batch 1240/2018 | Loss: 0.6801 | LR: 3.73e-05
Epoch 32/40 | Batch 1280/2018 | Loss: 0.6800 | LR: 3.71e-05
Epoch 32/40 | Batch 1320/2018 | Loss: 0.6800 | LR: 3.70e-05
Epoch 32/40 | Batch 1360/2018 | Loss: 0.6801 | LR: 3.68e-05
Epoch 32/40 | Batch 1400/2018 | Loss: 0.6808 | LR: 3.67e-05
Epoch 32/40 | Batch 1440/2018 | Loss: 0.6800 | LR: 3.65e-05
Epoch 32/40 | Batch 1480/2018 | Loss: 0.6798 | LR: 3.64e-05
Epoch 32/40 | Batch 1520/2018 | Loss: 0.6803 | LR: 3.62e-05
Epoch 32/40 | Batch 1560/2018 | Loss: 0.6800 | LR: 3.60e-05
Epoch 32/40 | Batch 1600/2018 | Loss: 0.6799 | LR: 3.59e-05
Epoch 32/40 | Batch 1640/2018 | Loss: 0.6800 | LR: 3.57e-05
Epoch 32/40 | Batch 1680/2018 | Loss: 0.6800 | LR: 3.56e-05
Epoch 32/40 | Batch 1720/2018 | Loss: 0.6809 | LR: 3.54e-05
Epoch 32/40 | Batch 1760/2018 | Loss: 0.6802 | LR: 3.53e-05
Epoch 32/40 | Batch 1800/2018 | Loss: 0.6801 | LR: 3.51e-05
Epoch 32/40 | Batch 1840/2018 | Loss: 0.6802 | LR: 3.50e-05
Epoch 32/40 | Batch 1880/2018 | Loss: 0.6805 | LR: 3.48e-05
Epoch 32/40 | Batch 1920/2018 | Loss: 0.6802 | LR: 3.47e-05
Epoch 32/40 | Batch 1960/2018 | Loss: 0.6800 | LR: 3.45e-05
Epoch 32/40 | Batch 2000/2018 | Loss: 0.6801 | LR: 3.44e-05
  Sample - Pred: [34, 40, 20, 2, 23, 40, 29, 18, 40, 10, 3, 40, 20, 3, 21] | True: [34, 40, 20, 2, 23, 40, 29, 18, 40, 10, 3, 40, 20, 25, 9]

Epoch 32 Summary:
  Train Loss: 0.6801
  Val Loss: 0.6991
  PER: 0.1109
  Avg LR: 3.82e-05
------------------------------------------------------------
  ** New best model saved! PER: 0.1109
Epoch 33/40 | Batch 0/2018 | Loss: 0.6800 | LR: 3.43e-05
Epoch 33/40 | Batch 40/2018 | Loss: 0.6801 | LR: 3.42e-05
Epoch 33/40 | Batch 80/2018 | Loss: 0.6798 | LR: 3.40e-05
Epoch 33/40 | Batch 120/2018 | Loss: 0.6801 | LR: 3.39e-05
Epoch 33/40 | Batch 160/2018 | Loss: 0.6803 | LR: 3.37e-05
Epoch 33/40 | Batch 200/2018 | Loss: 0.6799 | LR: 3.36e-05
Epoch 33/40 | Batch 240/2018 | Loss: 0.6802 | LR: 3.34e-05
Epoch 33/40 | Batch 280/2018 | Loss: 0.6802 | LR: 3.33e-05
Epoch 33/40 | Batch 320/2018 | Loss: 0.6801 | LR: 3.31e-05
Epoch 33/40 | Batch 360/2018 | Loss: 0.6801 | LR: 3.30e-05
Epoch 33/40 | Batch 400/2018 | Loss: 0.6799 | LR: 3.28e-05
Epoch 33/40 | Batch 440/2018 | Loss: 0.6799 | LR: 3.27e-05
Epoch 33/40 | Batch 480/2018 | Loss: 0.6799 | LR: 3.25e-05
Epoch 33/40 | Batch 520/2018 | Loss: 0.6800 | LR: 3.24e-05
Epoch 33/40 | Batch 560/2018 | Loss: 0.6800 | LR: 3.23e-05
Epoch 33/40 | Batch 600/2018 | Loss: 0.6799 | LR: 3.21e-05
Epoch 33/40 | Batch 640/2018 | Loss: 0.6799 | LR: 3.20e-05
Epoch 33/40 | Batch 680/2018 | Loss: 0.6802 | LR: 3.18e-05
Epoch 33/40 | Batch 720/2018 | Loss: 0.6800 | LR: 3.17e-05
Epoch 33/40 | Batch 760/2018 | Loss: 0.6803 | LR: 3.15e-05
Epoch 33/40 | Batch 800/2018 | Loss: 0.6801 | LR: 3.14e-05
Epoch 33/40 | Batch 840/2018 | Loss: 0.6808 | LR: 3.12e-05
Epoch 33/40 | Batch 880/2018 | Loss: 0.6798 | LR: 3.11e-05
Epoch 33/40 | Batch 920/2018 | Loss: 0.6800 | LR: 3.10e-05
Epoch 33/40 | Batch 960/2018 | Loss: 0.6802 | LR: 3.08e-05
Epoch 33/40 | Batch 1000/2018 | Loss: 0.6800 | LR: 3.07e-05
Epoch 33/40 | Batch 1040/2018 | Loss: 0.6799 | LR: 3.05e-05
Epoch 33/40 | Batch 1080/2018 | Loss: 0.6800 | LR: 3.04e-05
Epoch 33/40 | Batch 1120/2018 | Loss: 0.6801 | LR: 3.03e-05
Epoch 33/40 | Batch 1160/2018 | Loss: 0.6801 | LR: 3.01e-05
Epoch 33/40 | Batch 1200/2018 | Loss: 0.6799 | LR: 3.00e-05
Epoch 33/40 | Batch 1240/2018 | Loss: 0.6801 | LR: 2.98e-05
Epoch 33/40 | Batch 1280/2018 | Loss: 0.6802 | LR: 2.97e-05
Epoch 33/40 | Batch 1320/2018 | Loss: 0.6799 | LR: 2.96e-05
Epoch 33/40 | Batch 1360/2018 | Loss: 0.6799 | LR: 2.94e-05
Epoch 33/40 | Batch 1400/2018 | Loss: 0.6801 | LR: 2.93e-05
Epoch 33/40 | Batch 1440/2018 | Loss: 0.6801 | LR: 2.91e-05
Epoch 33/40 | Batch 1480/2018 | Loss: 0.6799 | LR: 2.90e-05
Epoch 33/40 | Batch 1520/2018 | Loss: 0.6800 | LR: 2.89e-05
Epoch 33/40 | Batch 1560/2018 | Loss: 0.6806 | LR: 2.87e-05
Epoch 33/40 | Batch 1600/2018 | Loss: 0.6800 | LR: 2.86e-05
Epoch 33/40 | Batch 1640/2018 | Loss: 0.6800 | LR: 2.85e-05
Epoch 33/40 | Batch 1680/2018 | Loss: 0.6800 | LR: 2.83e-05
Epoch 33/40 | Batch 1720/2018 | Loss: 0.6800 | LR: 2.82e-05
Epoch 33/40 | Batch 1760/2018 | Loss: 0.6799 | LR: 2.80e-05
Epoch 33/40 | Batch 1800/2018 | Loss: 0.6799 | LR: 2.79e-05
Epoch 33/40 | Batch 1840/2018 | Loss: 0.6800 | LR: 2.78e-05
Epoch 33/40 | Batch 1880/2018 | Loss: 0.6801 | LR: 2.76e-05
Epoch 33/40 | Batch 1920/2018 | Loss: 0.6799 | LR: 2.75e-05
Epoch 33/40 | Batch 1960/2018 | Loss: 0.6801 | LR: 2.74e-05
Epoch 33/40 | Batch 2000/2018 | Loss: 0.6799 | LR: 2.72e-05
  Sample - Pred: [34, 40, 20, 2, 23, 40, 29, 18, 40, 10, 3, 40, 20, 25, 21] | True: [34, 40, 20, 2, 23, 40, 29, 18, 40, 10, 3, 40, 20, 25, 9]

Epoch 33 Summary:
  Train Loss: 0.6801
  Val Loss: 0.6992
  PER: 0.1109
  Avg LR: 3.07e-05
------------------------------------------------------------
Epoch 34/40 | Batch 0/2018 | Loss: 0.6801 | LR: 2.72e-05
Epoch 34/40 | Batch 40/2018 | Loss: 0.6799 | LR: 2.70e-05
Epoch 34/40 | Batch 80/2018 | Loss: 0.6799 | LR: 2.69e-05
Epoch 34/40 | Batch 120/2018 | Loss: 0.6801 | LR: 2.68e-05
Epoch 34/40 | Batch 160/2018 | Loss: 0.6799 | LR: 2.67e-05
Epoch 34/40 | Batch 200/2018 | Loss: 0.6800 | LR: 2.65e-05
Epoch 34/40 | Batch 240/2018 | Loss: 0.6799 | LR: 2.64e-05
Epoch 34/40 | Batch 280/2018 | Loss: 0.6798 | LR: 2.63e-05
Epoch 34/40 | Batch 320/2018 | Loss: 0.6803 | LR: 2.61e-05
Epoch 34/40 | Batch 360/2018 | Loss: 0.6800 | LR: 2.60e-05
Epoch 34/40 | Batch 400/2018 | Loss: 0.6799 | LR: 2.59e-05
Epoch 34/40 | Batch 440/2018 | Loss: 0.6801 | LR: 2.57e-05
Epoch 34/40 | Batch 480/2018 | Loss: 0.6802 | LR: 2.56e-05
Epoch 34/40 | Batch 520/2018 | Loss: 0.6800 | LR: 2.55e-05
Epoch 34/40 | Batch 560/2018 | Loss: 0.6798 | LR: 2.54e-05
Epoch 34/40 | Batch 600/2018 | Loss: 0.6800 | LR: 2.52e-05
Epoch 34/40 | Batch 640/2018 | Loss: 0.6800 | LR: 2.51e-05
Epoch 34/40 | Batch 680/2018 | Loss: 0.6800 | LR: 2.50e-05
Epoch 34/40 | Batch 720/2018 | Loss: 0.6799 | LR: 2.48e-05
Epoch 34/40 | Batch 760/2018 | Loss: 0.6798 | LR: 2.47e-05
Epoch 34/40 | Batch 800/2018 | Loss: 0.6800 | LR: 2.46e-05
Epoch 34/40 | Batch 840/2018 | Loss: 0.6800 | LR: 2.45e-05
Epoch 34/40 | Batch 880/2018 | Loss: 0.6800 | LR: 2.43e-05
Epoch 34/40 | Batch 920/2018 | Loss: 0.6799 | LR: 2.42e-05
Epoch 34/40 | Batch 960/2018 | Loss: 0.6801 | LR: 2.41e-05
Epoch 34/40 | Batch 1000/2018 | Loss: 0.6798 | LR: 2.40e-05
Epoch 34/40 | Batch 1040/2018 | Loss: 0.6802 | LR: 2.38e-05
Epoch 34/40 | Batch 1080/2018 | Loss: 0.6798 | LR: 2.37e-05
Epoch 34/40 | Batch 1120/2018 | Loss: 0.6801 | LR: 2.36e-05
Epoch 34/40 | Batch 1160/2018 | Loss: 0.6800 | LR: 2.35e-05
Epoch 34/40 | Batch 1200/2018 | Loss: 0.6799 | LR: 2.33e-05
Epoch 34/40 | Batch 1240/2018 | Loss: 0.6798 | LR: 2.32e-05
Epoch 34/40 | Batch 1280/2018 | Loss: 0.6798 | LR: 2.31e-05
Epoch 34/40 | Batch 1320/2018 | Loss: 0.6800 | LR: 2.30e-05
Epoch 34/40 | Batch 1360/2018 | Loss: 0.6798 | LR: 2.29e-05
Epoch 34/40 | Batch 1400/2018 | Loss: 0.6800 | LR: 2.27e-05
Epoch 34/40 | Batch 1440/2018 | Loss: 0.6799 | LR: 2.26e-05
Epoch 34/40 | Batch 1480/2018 | Loss: 0.6800 | LR: 2.25e-05
Epoch 34/40 | Batch 1520/2018 | Loss: 0.6799 | LR: 2.24e-05
Epoch 34/40 | Batch 1560/2018 | Loss: 0.6799 | LR: 2.22e-05
Epoch 34/40 | Batch 1600/2018 | Loss: 0.6798 | LR: 2.21e-05
Epoch 34/40 | Batch 1640/2018 | Loss: 0.6798 | LR: 2.20e-05
Epoch 34/40 | Batch 1680/2018 | Loss: 0.6799 | LR: 2.19e-05
Epoch 34/40 | Batch 1720/2018 | Loss: 0.6799 | LR: 2.18e-05
Epoch 34/40 | Batch 1760/2018 | Loss: 0.6800 | LR: 2.17e-05
Epoch 34/40 | Batch 1800/2018 | Loss: 0.6808 | LR: 2.15e-05
Epoch 34/40 | Batch 1840/2018 | Loss: 0.6806 | LR: 2.14e-05
Epoch 34/40 | Batch 1880/2018 | Loss: 0.6799 | LR: 2.13e-05
Epoch 34/40 | Batch 1920/2018 | Loss: 0.6798 | LR: 2.12e-05
Epoch 34/40 | Batch 1960/2018 | Loss: 0.6798 | LR: 2.11e-05
Epoch 34/40 | Batch 2000/2018 | Loss: 0.6799 | LR: 2.10e-05
  Sample - Pred: [34, 40, 20, 2, 23, 40, 29, 18, 40, 10, 3, 40, 20, 25, 21] | True: [34, 40, 20, 2, 23, 40, 29, 18, 40, 10, 3, 40, 20, 25, 9]

Epoch 34 Summary:
  Train Loss: 0.6800
  Val Loss: 0.6987
  PER: 0.1083
  Avg LR: 2.40e-05
------------------------------------------------------------
  ** New best model saved! PER: 0.1083
Epoch 35/40 | Batch 0/2018 | Loss: 0.6798 | LR: 2.09e-05
Epoch 35/40 | Batch 40/2018 | Loss: 0.6801 | LR: 2.08e-05
Epoch 35/40 | Batch 80/2018 | Loss: 0.6799 | LR: 2.07e-05
Epoch 35/40 | Batch 120/2018 | Loss: 0.6799 | LR: 2.06e-05
Epoch 35/40 | Batch 160/2018 | Loss: 0.6801 | LR: 2.04e-05
Epoch 35/40 | Batch 200/2018 | Loss: 0.6799 | LR: 2.03e-05
Epoch 35/40 | Batch 240/2018 | Loss: 0.6798 | LR: 2.02e-05
Epoch 35/40 | Batch 280/2018 | Loss: 0.6798 | LR: 2.01e-05
Epoch 35/40 | Batch 320/2018 | Loss: 0.6799 | LR: 2.00e-05
Epoch 35/40 | Batch 360/2018 | Loss: 0.6800 | LR: 1.99e-05
Epoch 35/40 | Batch 400/2018 | Loss: 0.6798 | LR: 1.98e-05
Epoch 35/40 | Batch 440/2018 | Loss: 0.6801 | LR: 1.96e-05
Epoch 35/40 | Batch 480/2018 | Loss: 0.6799 | LR: 1.95e-05
Epoch 35/40 | Batch 520/2018 | Loss: 0.6798 | LR: 1.94e-05
Epoch 35/40 | Batch 560/2018 | Loss: 0.6801 | LR: 1.93e-05
Epoch 35/40 | Batch 600/2018 | Loss: 0.6805 | LR: 1.92e-05
Epoch 35/40 | Batch 640/2018 | Loss: 0.6801 | LR: 1.91e-05
Epoch 35/40 | Batch 680/2018 | Loss: 0.6798 | LR: 1.90e-05
Epoch 35/40 | Batch 720/2018 | Loss: 0.6798 | LR: 1.89e-05
Epoch 35/40 | Batch 760/2018 | Loss: 0.6805 | LR: 1.88e-05
Epoch 35/40 | Batch 800/2018 | Loss: 0.6798 | LR: 1.87e-05
Epoch 35/40 | Batch 840/2018 | Loss: 0.6799 | LR: 1.85e-05
Epoch 35/40 | Batch 880/2018 | Loss: 0.6799 | LR: 1.84e-05
Epoch 35/40 | Batch 920/2018 | Loss: 0.6799 | LR: 1.83e-05
Epoch 35/40 | Batch 960/2018 | Loss: 0.6798 | LR: 1.82e-05
Epoch 35/40 | Batch 1000/2018 | Loss: 0.6800 | LR: 1.81e-05
Epoch 35/40 | Batch 1040/2018 | Loss: 0.6800 | LR: 1.80e-05
Epoch 35/40 | Batch 1080/2018 | Loss: 0.6800 | LR: 1.79e-05
Epoch 35/40 | Batch 1120/2018 | Loss: 0.6801 | LR: 1.78e-05
Epoch 35/40 | Batch 1160/2018 | Loss: 0.6798 | LR: 1.77e-05
Epoch 35/40 | Batch 1200/2018 | Loss: 0.6798 | LR: 1.76e-05
Epoch 35/40 | Batch 1240/2018 | Loss: 0.6799 | LR: 1.75e-05
Epoch 35/40 | Batch 1280/2018 | Loss: 0.6801 | LR: 1.74e-05
Epoch 35/40 | Batch 1320/2018 | Loss: 0.6801 | LR: 1.73e-05
Epoch 35/40 | Batch 1360/2018 | Loss: 0.6799 | LR: 1.72e-05
Epoch 35/40 | Batch 1400/2018 | Loss: 0.6799 | LR: 1.71e-05
Epoch 35/40 | Batch 1440/2018 | Loss: 0.6801 | LR: 1.70e-05
Epoch 35/40 | Batch 1480/2018 | Loss: 0.6800 | LR: 1.69e-05
Epoch 35/40 | Batch 1520/2018 | Loss: 0.6803 | LR: 1.68e-05
Epoch 35/40 | Batch 1560/2018 | Loss: 0.6800 | LR: 1.67e-05
Epoch 35/40 | Batch 1600/2018 | Loss: 0.6799 | LR: 1.65e-05
Epoch 35/40 | Batch 1640/2018 | Loss: 0.6798 | LR: 1.64e-05
Epoch 35/40 | Batch 1680/2018 | Loss: 0.6799 | LR: 1.63e-05
Epoch 35/40 | Batch 1720/2018 | Loss: 0.6798 | LR: 1.62e-05
Epoch 35/40 | Batch 1760/2018 | Loss: 0.6799 | LR: 1.61e-05
Epoch 35/40 | Batch 1800/2018 | Loss: 0.6798 | LR: 1.60e-05
Epoch 35/40 | Batch 1840/2018 | Loss: 0.6799 | LR: 1.59e-05
Epoch 35/40 | Batch 1880/2018 | Loss: 0.6799 | LR: 1.58e-05
Epoch 35/40 | Batch 1920/2018 | Loss: 0.6801 | LR: 1.57e-05
Epoch 35/40 | Batch 1960/2018 | Loss: 0.6800 | LR: 1.56e-05
Epoch 35/40 | Batch 2000/2018 | Loss: 0.6799 | LR: 1.56e-05
  Sample - Pred: [34, 40, 20, 2, 23, 40, 29, 18, 40, 10, 3, 40, 20, 3, 21] | True: [34, 40, 20, 2, 23, 40, 29, 18, 40, 10, 3, 40, 20, 25, 9]

Epoch 35 Summary:
  Train Loss: 0.6800
  Val Loss: 0.6985
  PER: 0.1064
  Avg LR: 1.81e-05
------------------------------------------------------------
  ** New best model saved! PER: 0.1064
Epoch 36/40 | Batch 0/2018 | Loss: 0.6800 | LR: 1.55e-05
Epoch 36/40 | Batch 40/2018 | Loss: 0.6797 | LR: 1.54e-05
Epoch 36/40 | Batch 80/2018 | Loss: 0.6799 | LR: 1.53e-05
Epoch 36/40 | Batch 120/2018 | Loss: 0.6800 | LR: 1.52e-05
Epoch 36/40 | Batch 160/2018 | Loss: 0.6799 | LR: 1.51e-05
Epoch 36/40 | Batch 200/2018 | Loss: 0.6801 | LR: 1.50e-05
Epoch 36/40 | Batch 240/2018 | Loss: 0.6799 | LR: 1.49e-05
Epoch 36/40 | Batch 280/2018 | Loss: 0.6799 | LR: 1.48e-05
Epoch 36/40 | Batch 320/2018 | Loss: 0.6799 | LR: 1.47e-05
Epoch 36/40 | Batch 360/2018 | Loss: 0.6799 | LR: 1.46e-05
Epoch 36/40 | Batch 400/2018 | Loss: 0.6798 | LR: 1.45e-05
Epoch 36/40 | Batch 440/2018 | Loss: 0.6798 | LR: 1.45e-05
Epoch 36/40 | Batch 480/2018 | Loss: 0.6800 | LR: 1.44e-05
Epoch 36/40 | Batch 520/2018 | Loss: 0.6799 | LR: 1.43e-05
Epoch 36/40 | Batch 560/2018 | Loss: 0.6798 | LR: 1.42e-05
Epoch 36/40 | Batch 600/2018 | Loss: 0.6798 | LR: 1.41e-05
Epoch 36/40 | Batch 640/2018 | Loss: 0.6799 | LR: 1.40e-05
Epoch 36/40 | Batch 680/2018 | Loss: 0.6798 | LR: 1.39e-05
Epoch 36/40 | Batch 720/2018 | Loss: 0.6798 | LR: 1.38e-05
Epoch 36/40 | Batch 760/2018 | Loss: 0.6801 | LR: 1.37e-05
Epoch 36/40 | Batch 800/2018 | Loss: 0.6798 | LR: 1.36e-05
Epoch 36/40 | Batch 840/2018 | Loss: 0.6799 | LR: 1.35e-05
Epoch 36/40 | Batch 880/2018 | Loss: 0.6798 | LR: 1.34e-05
Epoch 36/40 | Batch 920/2018 | Loss: 0.6802 | LR: 1.34e-05
Epoch 36/40 | Batch 960/2018 | Loss: 0.6799 | LR: 1.33e-05
Epoch 36/40 | Batch 1000/2018 | Loss: 0.6802 | LR: 1.32e-05
Epoch 36/40 | Batch 1040/2018 | Loss: 0.6800 | LR: 1.31e-05
Epoch 36/40 | Batch 1080/2018 | Loss: 0.6799 | LR: 1.30e-05
Epoch 36/40 | Batch 1120/2018 | Loss: 0.6798 | LR: 1.29e-05
Epoch 36/40 | Batch 1160/2018 | Loss: 0.6798 | LR: 1.28e-05
Epoch 36/40 | Batch 1200/2018 | Loss: 0.6799 | LR: 1.27e-05
Epoch 36/40 | Batch 1240/2018 | Loss: 0.6799 | LR: 1.27e-05
Epoch 36/40 | Batch 1280/2018 | Loss: 0.6799 | LR: 1.26e-05
Epoch 36/40 | Batch 1320/2018 | Loss: 0.6798 | LR: 1.25e-05
Epoch 36/40 | Batch 1360/2018 | Loss: 0.6798 | LR: 1.24e-05
Epoch 36/40 | Batch 1400/2018 | Loss: 0.6800 | LR: 1.23e-05
Epoch 36/40 | Batch 1440/2018 | Loss: 0.6800 | LR: 1.22e-05
Epoch 36/40 | Batch 1480/2018 | Loss: 0.6798 | LR: 1.21e-05
Epoch 36/40 | Batch 1520/2018 | Loss: 0.6798 | LR: 1.21e-05
Epoch 36/40 | Batch 1560/2018 | Loss: 0.6798 | LR: 1.20e-05
Epoch 36/40 | Batch 1600/2018 | Loss: 0.6798 | LR: 1.19e-05
Epoch 36/40 | Batch 1640/2018 | Loss: 0.6799 | LR: 1.18e-05
Epoch 36/40 | Batch 1680/2018 | Loss: 0.6800 | LR: 1.17e-05
Epoch 36/40 | Batch 1720/2018 | Loss: 0.6800 | LR: 1.16e-05
Epoch 36/40 | Batch 1760/2018 | Loss: 0.6803 | LR: 1.16e-05
Epoch 36/40 | Batch 1800/2018 | Loss: 0.6800 | LR: 1.15e-05
Epoch 36/40 | Batch 1840/2018 | Loss: 0.6799 | LR: 1.14e-05
Epoch 36/40 | Batch 1880/2018 | Loss: 0.6799 | LR: 1.13e-05
Epoch 36/40 | Batch 1920/2018 | Loss: 0.6799 | LR: 1.12e-05
Epoch 36/40 | Batch 1960/2018 | Loss: 0.6800 | LR: 1.12e-05
Epoch 36/40 | Batch 2000/2018 | Loss: 0.6799 | LR: 1.11e-05
  Sample - Pred: [34, 40, 20, 2, 23, 40, 29, 18, 40, 10, 3, 40, 20, 25, 21] | True: [34, 40, 20, 2, 23, 40, 29, 18, 40, 10, 3, 40, 20, 25, 9]

Epoch 36 Summary:
  Train Loss: 0.6799
  Val Loss: 0.6986
  PER: 0.1072
  Avg LR: 1.32e-05
------------------------------------------------------------
Epoch 37/40 | Batch 0/2018 | Loss: 0.6798 | LR: 1.10e-05
Epoch 37/40 | Batch 40/2018 | Loss: 0.6798 | LR: 1.10e-05
Epoch 37/40 | Batch 80/2018 | Loss: 0.6800 | LR: 1.09e-05
Epoch 37/40 | Batch 120/2018 | Loss: 0.6799 | LR: 1.08e-05
Epoch 37/40 | Batch 160/2018 | Loss: 0.6799 | LR: 1.07e-05
Epoch 37/40 | Batch 200/2018 | Loss: 0.6800 | LR: 1.07e-05
Epoch 37/40 | Batch 240/2018 | Loss: 0.6798 | LR: 1.06e-05
Epoch 37/40 | Batch 280/2018 | Loss: 0.6798 | LR: 1.05e-05
Epoch 37/40 | Batch 320/2018 | Loss: 0.6799 | LR: 1.04e-05
Epoch 37/40 | Batch 360/2018 | Loss: 0.6800 | LR: 1.04e-05
Epoch 37/40 | Batch 400/2018 | Loss: 0.6800 | LR: 1.03e-05
Epoch 37/40 | Batch 440/2018 | Loss: 0.6798 | LR: 1.02e-05
Epoch 37/40 | Batch 480/2018 | Loss: 0.6798 | LR: 1.01e-05
Epoch 37/40 | Batch 520/2018 | Loss: 0.6799 | LR: 1.01e-05
Epoch 37/40 | Batch 560/2018 | Loss: 0.6798 | LR: 9.98e-06
Epoch 37/40 | Batch 600/2018 | Loss: 0.6798 | LR: 9.90e-06
Epoch 37/40 | Batch 640/2018 | Loss: 0.6797 | LR: 9.83e-06
Epoch 37/40 | Batch 680/2018 | Loss: 0.6799 | LR: 9.76e-06
Epoch 37/40 | Batch 720/2018 | Loss: 0.6798 | LR: 9.69e-06
Epoch 37/40 | Batch 760/2018 | Loss: 0.6799 | LR: 9.61e-06
Epoch 37/40 | Batch 800/2018 | Loss: 0.6799 | LR: 9.54e-06
Epoch 37/40 | Batch 840/2018 | Loss: 0.6799 | LR: 9.47e-06
Epoch 37/40 | Batch 880/2018 | Loss: 0.6801 | LR: 9.40e-06
Epoch 37/40 | Batch 920/2018 | Loss: 0.6798 | LR: 9.33e-06
Epoch 37/40 | Batch 960/2018 | Loss: 0.6799 | LR: 9.26e-06
Epoch 37/40 | Batch 1000/2018 | Loss: 0.6798 | LR: 9.19e-06
Epoch 37/40 | Batch 1040/2018 | Loss: 0.6797 | LR: 9.12e-06
Epoch 37/40 | Batch 1080/2018 | Loss: 0.6799 | LR: 9.05e-06
Epoch 37/40 | Batch 1120/2018 | Loss: 0.6798 | LR: 8.98e-06
Epoch 37/40 | Batch 1160/2018 | Loss: 0.6798 | LR: 8.91e-06
Epoch 37/40 | Batch 1200/2018 | Loss: 0.6798 | LR: 8.85e-06
Epoch 37/40 | Batch 1240/2018 | Loss: 0.6800 | LR: 8.78e-06
Epoch 37/40 | Batch 1280/2018 | Loss: 0.6798 | LR: 8.71e-06
Epoch 37/40 | Batch 1320/2018 | Loss: 0.6799 | LR: 8.65e-06
Epoch 37/40 | Batch 1360/2018 | Loss: 0.6798 | LR: 8.58e-06
Epoch 37/40 | Batch 1400/2018 | Loss: 0.6798 | LR: 8.51e-06
Epoch 37/40 | Batch 1440/2018 | Loss: 0.6798 | LR: 8.45e-06
Epoch 37/40 | Batch 1480/2018 | Loss: 0.6798 | LR: 8.38e-06
Epoch 37/40 | Batch 1520/2018 | Loss: 0.6798 | LR: 8.32e-06
Epoch 37/40 | Batch 1560/2018 | Loss: 0.6798 | LR: 8.25e-06
Epoch 37/40 | Batch 1600/2018 | Loss: 0.6798 | LR: 8.19e-06
Epoch 37/40 | Batch 1640/2018 | Loss: 0.6799 | LR: 8.13e-06
Epoch 37/40 | Batch 1680/2018 | Loss: 0.6799 | LR: 8.06e-06
Epoch 37/40 | Batch 1720/2018 | Loss: 0.6799 | LR: 8.00e-06
Epoch 37/40 | Batch 1760/2018 | Loss: 0.6799 | LR: 7.94e-06
Epoch 37/40 | Batch 1800/2018 | Loss: 0.6799 | LR: 7.88e-06
Epoch 37/40 | Batch 1840/2018 | Loss: 0.6799 | LR: 7.81e-06
Epoch 37/40 | Batch 1880/2018 | Loss: 0.6801 | LR: 7.75e-06
Epoch 37/40 | Batch 1920/2018 | Loss: 0.6800 | LR: 7.69e-06
Epoch 37/40 | Batch 1960/2018 | Loss: 0.6799 | LR: 7.63e-06
Epoch 37/40 | Batch 2000/2018 | Loss: 0.6799 | LR: 7.57e-06
  Sample - Pred: [34, 40, 20, 2, 23, 40, 29, 18, 40, 10, 3, 40, 20, 25, 21] | True: [34, 40, 20, 2, 23, 40, 29, 18, 40, 10, 3, 40, 20, 25, 9]

Epoch 37 Summary:
  Train Loss: 0.6799
  Val Loss: 0.6983
  PER: 0.1051
  Avg LR: 9.21e-06
------------------------------------------------------------
  ** New best model saved! PER: 0.1051
Epoch 38/40 | Batch 0/2018 | Loss: 0.6799 | LR: 7.54e-06
Epoch 38/40 | Batch 40/2018 | Loss: 0.6800 | LR: 7.48e-06
Epoch 38/40 | Batch 80/2018 | Loss: 0.6799 | LR: 7.43e-06
Epoch 38/40 | Batch 120/2018 | Loss: 0.6801 | LR: 7.37e-06
Epoch 38/40 | Batch 160/2018 | Loss: 0.6799 | LR: 7.31e-06
Epoch 38/40 | Batch 200/2018 | Loss: 0.6799 | LR: 7.25e-06
Epoch 38/40 | Batch 240/2018 | Loss: 0.6800 | LR: 7.19e-06
Epoch 38/40 | Batch 280/2018 | Loss: 0.6802 | LR: 7.14e-06
Epoch 38/40 | Batch 320/2018 | Loss: 0.6798 | LR: 7.08e-06
Epoch 38/40 | Batch 360/2018 | Loss: 0.6800 | LR: 7.02e-06
Epoch 38/40 | Batch 400/2018 | Loss: 0.6798 | LR: 6.97e-06
Epoch 38/40 | Batch 440/2018 | Loss: 0.6799 | LR: 6.91e-06
Epoch 38/40 | Batch 480/2018 | Loss: 0.6799 | LR: 6.86e-06
Epoch 38/40 | Batch 520/2018 | Loss: 0.6798 | LR: 6.80e-06
Epoch 38/40 | Batch 560/2018 | Loss: 0.6802 | LR: 6.75e-06
Epoch 38/40 | Batch 600/2018 | Loss: 0.6799 | LR: 6.69e-06
Epoch 38/40 | Batch 640/2018 | Loss: 0.6798 | LR: 6.64e-06
Epoch 38/40 | Batch 680/2018 | Loss: 0.6799 | LR: 6.58e-06
Epoch 38/40 | Batch 720/2018 | Loss: 0.6800 | LR: 6.53e-06
Epoch 38/40 | Batch 760/2018 | Loss: 0.6798 | LR: 6.48e-06
Epoch 38/40 | Batch 800/2018 | Loss: 0.6799 | LR: 6.43e-06
Epoch 38/40 | Batch 840/2018 | Loss: 0.6799 | LR: 6.38e-06
Epoch 38/40 | Batch 880/2018 | Loss: 0.6798 | LR: 6.32e-06
Epoch 38/40 | Batch 920/2018 | Loss: 0.6799 | LR: 6.27e-06
Epoch 38/40 | Batch 960/2018 | Loss: 0.6798 | LR: 6.22e-06
Epoch 38/40 | Batch 1000/2018 | Loss: 0.6801 | LR: 6.17e-06
Epoch 38/40 | Batch 1040/2018 | Loss: 0.6801 | LR: 6.12e-06
Epoch 38/40 | Batch 1080/2018 | Loss: 0.6799 | LR: 6.07e-06
Epoch 38/40 | Batch 1120/2018 | Loss: 0.6798 | LR: 6.02e-06
Epoch 38/40 | Batch 1160/2018 | Loss: 0.6798 | LR: 5.97e-06
Epoch 38/40 | Batch 1200/2018 | Loss: 0.6800 | LR: 5.93e-06
Epoch 38/40 | Batch 1240/2018 | Loss: 0.6798 | LR: 5.88e-06
Epoch 38/40 | Batch 1280/2018 | Loss: 0.6803 | LR: 5.83e-06
Epoch 38/40 | Batch 1320/2018 | Loss: 0.6798 | LR: 5.78e-06
Epoch 38/40 | Batch 1360/2018 | Loss: 0.6798 | LR: 5.74e-06
Epoch 38/40 | Batch 1400/2018 | Loss: 0.6798 | LR: 5.69e-06
Epoch 38/40 | Batch 1440/2018 | Loss: 0.6799 | LR: 5.65e-06
Epoch 38/40 | Batch 1480/2018 | Loss: 0.6798 | LR: 5.60e-06
Epoch 38/40 | Batch 1520/2018 | Loss: 0.6799 | LR: 5.55e-06
Epoch 38/40 | Batch 1560/2018 | Loss: 0.6799 | LR: 5.51e-06
Epoch 38/40 | Batch 1600/2018 | Loss: 0.6797 | LR: 5.47e-06
Epoch 38/40 | Batch 1640/2018 | Loss: 0.6798 | LR: 5.42e-06
Epoch 38/40 | Batch 1680/2018 | Loss: 0.6800 | LR: 5.38e-06
Epoch 38/40 | Batch 1720/2018 | Loss: 0.6799 | LR: 5.33e-06
Epoch 38/40 | Batch 1760/2018 | Loss: 0.6799 | LR: 5.29e-06
Epoch 38/40 | Batch 1800/2018 | Loss: 0.6798 | LR: 5.25e-06
Epoch 38/40 | Batch 1840/2018 | Loss: 0.6799 | LR: 5.21e-06
Epoch 38/40 | Batch 1880/2018 | Loss: 0.6800 | LR: 5.17e-06
Epoch 38/40 | Batch 1920/2018 | Loss: 0.6798 | LR: 5.12e-06
Epoch 38/40 | Batch 1960/2018 | Loss: 0.6798 | LR: 5.08e-06
Epoch 38/40 | Batch 2000/2018 | Loss: 0.6799 | LR: 5.04e-06
  Sample - Pred: [34, 40, 20, 2, 23, 40, 29, 18, 40, 10, 3, 40, 20, 25, 21] | True: [34, 40, 20, 2, 23, 40, 29, 18, 40, 10, 3, 40, 20, 25, 9]

Epoch 38 Summary:
  Train Loss: 0.6799
  Val Loss: 0.6983
  PER: 0.1048
  Avg LR: 6.20e-06
------------------------------------------------------------
  ** New best model saved! PER: 0.1048
Epoch 39/40 | Batch 0/2018 | Loss: 0.6798 | LR: 5.03e-06
Epoch 39/40 | Batch 40/2018 | Loss: 0.6798 | LR: 4.99e-06
Epoch 39/40 | Batch 80/2018 | Loss: 0.6799 | LR: 4.95e-06
Epoch 39/40 | Batch 120/2018 | Loss: 0.6799 | LR: 4.91e-06
Epoch 39/40 | Batch 160/2018 | Loss: 0.6799 | LR: 4.87e-06
Epoch 39/40 | Batch 200/2018 | Loss: 0.6799 | LR: 4.83e-06
Epoch 39/40 | Batch 240/2018 | Loss: 0.6799 | LR: 4.79e-06
Epoch 39/40 | Batch 280/2018 | Loss: 0.6800 | LR: 4.75e-06
Epoch 39/40 | Batch 320/2018 | Loss: 0.6799 | LR: 4.72e-06
Epoch 39/40 | Batch 360/2018 | Loss: 0.6801 | LR: 4.68e-06
Epoch 39/40 | Batch 400/2018 | Loss: 0.6799 | LR: 4.64e-06
Epoch 39/40 | Batch 440/2018 | Loss: 0.6804 | LR: 4.61e-06
Epoch 39/40 | Batch 480/2018 | Loss: 0.6797 | LR: 4.57e-06
Epoch 39/40 | Batch 520/2018 | Loss: 0.6798 | LR: 4.54e-06
Epoch 39/40 | Batch 560/2018 | Loss: 0.6797 | LR: 4.50e-06
Epoch 39/40 | Batch 600/2018 | Loss: 0.6798 | LR: 4.47e-06
Epoch 39/40 | Batch 640/2018 | Loss: 0.6798 | LR: 4.43e-06
Epoch 39/40 | Batch 680/2018 | Loss: 0.6798 | LR: 4.40e-06
Epoch 39/40 | Batch 720/2018 | Loss: 0.6798 | LR: 4.37e-06
Epoch 39/40 | Batch 760/2018 | Loss: 0.6799 | LR: 4.34e-06
Epoch 39/40 | Batch 800/2018 | Loss: 0.6798 | LR: 4.30e-06
Epoch 39/40 | Batch 840/2018 | Loss: 0.6799 | LR: 4.27e-06
Epoch 39/40 | Batch 880/2018 | Loss: 0.6800 | LR: 4.24e-06
Epoch 39/40 | Batch 920/2018 | Loss: 0.6799 | LR: 4.21e-06
Epoch 39/40 | Batch 960/2018 | Loss: 0.6800 | LR: 4.18e-06
Epoch 39/40 | Batch 1000/2018 | Loss: 0.6799 | LR: 4.15e-06
Epoch 39/40 | Batch 1040/2018 | Loss: 0.6800 | LR: 4.12e-06
Epoch 39/40 | Batch 1080/2018 | Loss: 0.6799 | LR: 4.09e-06
Epoch 39/40 | Batch 1120/2018 | Loss: 0.6799 | LR: 4.06e-06
Epoch 39/40 | Batch 1160/2018 | Loss: 0.6798 | LR: 4.03e-06
Epoch 39/40 | Batch 1200/2018 | Loss: 0.6799 | LR: 4.00e-06
Epoch 39/40 | Batch 1240/2018 | Loss: 0.6800 | LR: 3.97e-06
Epoch 39/40 | Batch 1280/2018 | Loss: 0.6798 | LR: 3.95e-06
Epoch 39/40 | Batch 1320/2018 | Loss: 0.6800 | LR: 3.92e-06
Epoch 39/40 | Batch 1360/2018 | Loss: 0.6799 | LR: 3.89e-06
Epoch 39/40 | Batch 1400/2018 | Loss: 0.6799 | LR: 3.87e-06
Epoch 39/40 | Batch 1440/2018 | Loss: 0.6799 | LR: 3.84e-06
Epoch 39/40 | Batch 1480/2018 | Loss: 0.6801 | LR: 3.81e-06
Epoch 39/40 | Batch 1520/2018 | Loss: 0.6798 | LR: 3.79e-06
Epoch 39/40 | Batch 1560/2018 | Loss: 0.6800 | LR: 3.76e-06
Epoch 39/40 | Batch 1600/2018 | Loss: 0.6798 | LR: 3.74e-06
Epoch 39/40 | Batch 1640/2018 | Loss: 0.6799 | LR: 3.71e-06
Epoch 39/40 | Batch 1680/2018 | Loss: 0.6799 | LR: 3.69e-06
Epoch 39/40 | Batch 1720/2018 | Loss: 0.6799 | LR: 3.67e-06
Epoch 39/40 | Batch 1760/2018 | Loss: 0.6799 | LR: 3.65e-06
Epoch 39/40 | Batch 1800/2018 | Loss: 0.6798 | LR: 3.62e-06
Epoch 39/40 | Batch 1840/2018 | Loss: 0.6798 | LR: 3.60e-06
Epoch 39/40 | Batch 1880/2018 | Loss: 0.6798 | LR: 3.58e-06
Epoch 39/40 | Batch 1920/2018 | Loss: 0.6800 | LR: 3.56e-06
Epoch 39/40 | Batch 1960/2018 | Loss: 0.6800 | LR: 3.54e-06
Epoch 39/40 | Batch 2000/2018 | Loss: 0.6799 | LR: 3.52e-06
  Sample - Pred: [34, 40, 20, 2, 23, 40, 29, 18, 40, 10, 3, 40, 20, 25, 21] | True: [34, 40, 20, 2, 23, 40, 29, 18, 40, 10, 3, 40, 20, 25, 9]

Epoch 39 Summary:
  Train Loss: 0.6799
  Val Loss: 0.6984
  PER: 0.1054
  Avg LR: 4.18e-06
------------------------------------------------------------
Epoch 40/40 | Batch 0/2018 | Loss: 0.6798 | LR: 3.51e-06
Epoch 40/40 | Batch 40/2018 | Loss: 0.6797 | LR: 3.49e-06
Epoch 40/40 | Batch 80/2018 | Loss: 0.6800 | LR: 3.47e-06
Epoch 40/40 | Batch 120/2018 | Loss: 0.6799 | LR: 3.45e-06
Epoch 40/40 | Batch 160/2018 | Loss: 0.6798 | LR: 3.43e-06
Epoch 40/40 | Batch 200/2018 | Loss: 0.6800 | LR: 3.41e-06
Epoch 40/40 | Batch 240/2018 | Loss: 0.6798 | LR: 3.39e-06
Epoch 40/40 | Batch 280/2018 | Loss: 0.6798 | LR: 3.38e-06
Epoch 40/40 | Batch 320/2018 | Loss: 0.6799 | LR: 3.36e-06
Epoch 40/40 | Batch 360/2018 | Loss: 0.6798 | LR: 3.34e-06
Epoch 40/40 | Batch 400/2018 | Loss: 0.6798 | LR: 3.33e-06
Epoch 40/40 | Batch 440/2018 | Loss: 0.6800 | LR: 3.31e-06
Epoch 40/40 | Batch 480/2018 | Loss: 0.6801 | LR: 3.29e-06
Epoch 40/40 | Batch 520/2018 | Loss: 0.6798 | LR: 3.28e-06
Epoch 40/40 | Batch 560/2018 | Loss: 0.6798 | LR: 3.26e-06
Epoch 40/40 | Batch 600/2018 | Loss: 0.6800 | LR: 3.25e-06
Epoch 40/40 | Batch 640/2018 | Loss: 0.6799 | LR: 3.24e-06
Epoch 40/40 | Batch 680/2018 | Loss: 0.6799 | LR: 3.22e-06
Epoch 40/40 | Batch 720/2018 | Loss: 0.6800 | LR: 3.21e-06
Epoch 40/40 | Batch 760/2018 | Loss: 0.6802 | LR: 3.20e-06
Epoch 40/40 | Batch 800/2018 | Loss: 0.6798 | LR: 3.18e-06
Epoch 40/40 | Batch 840/2018 | Loss: 0.6798 | LR: 3.17e-06
Epoch 40/40 | Batch 880/2018 | Loss: 0.6799 | LR: 3.16e-06
Epoch 40/40 | Batch 920/2018 | Loss: 0.6799 | LR: 3.15e-06
Epoch 40/40 | Batch 960/2018 | Loss: 0.6799 | LR: 3.14e-06
Epoch 40/40 | Batch 1000/2018 | Loss: 0.6799 | LR: 3.13e-06
Epoch 40/40 | Batch 1040/2018 | Loss: 0.6798 | LR: 3.12e-06
Epoch 40/40 | Batch 1080/2018 | Loss: 0.6799 | LR: 3.11e-06
Epoch 40/40 | Batch 1120/2018 | Loss: 0.6799 | LR: 3.10e-06
Epoch 40/40 | Batch 1160/2018 | Loss: 0.6800 | LR: 3.09e-06
Epoch 40/40 | Batch 1200/2018 | Loss: 0.6798 | LR: 3.08e-06
Epoch 40/40 | Batch 1240/2018 | Loss: 0.6799 | LR: 3.08e-06
Epoch 40/40 | Batch 1280/2018 | Loss: 0.6799 | LR: 3.07e-06
Epoch 40/40 | Batch 1320/2018 | Loss: 0.6798 | LR: 3.06e-06
Epoch 40/40 | Batch 1360/2018 | Loss: 0.6800 | LR: 3.05e-06
Epoch 40/40 | Batch 1400/2018 | Loss: 0.6799 | LR: 3.05e-06
Epoch 40/40 | Batch 1440/2018 | Loss: 0.6799 | LR: 3.04e-06
Epoch 40/40 | Batch 1480/2018 | Loss: 0.6797 | LR: 3.04e-06
Epoch 40/40 | Batch 1520/2018 | Loss: 0.6801 | LR: 3.03e-06
Epoch 40/40 | Batch 1560/2018 | Loss: 0.6798 | LR: 3.03e-06
Epoch 40/40 | Batch 1600/2018 | Loss: 0.6798 | LR: 3.02e-06
Epoch 40/40 | Batch 1640/2018 | Loss: 0.6799 | LR: 3.02e-06
Epoch 40/40 | Batch 1680/2018 | Loss: 0.6798 | LR: 3.01e-06
Epoch 40/40 | Batch 1720/2018 | Loss: 0.6798 | LR: 3.01e-06
Epoch 40/40 | Batch 1760/2018 | Loss: 0.6799 | LR: 3.01e-06
Epoch 40/40 | Batch 1800/2018 | Loss: 0.6799 | LR: 3.01e-06
Epoch 40/40 | Batch 1840/2018 | Loss: 0.6798 | LR: 3.00e-06
Epoch 40/40 | Batch 1880/2018 | Loss: 0.6798 | LR: 3.00e-06
Epoch 40/40 | Batch 1920/2018 | Loss: 0.6799 | LR: 3.00e-06
Epoch 40/40 | Batch 1960/2018 | Loss: 0.6798 | LR: 3.00e-06
Epoch 40/40 | Batch 2000/2018 | Loss: 0.6798 | LR: 3.00e-06
  Sample - Pred: [34, 40, 20, 2, 23, 40, 29, 18, 40, 10, 3, 40, 20, 25, 21] | True: [34, 40, 20, 2, 23, 40, 29, 18, 40, 10, 3, 40, 20, 25, 9]

Epoch 40 Summary:
  Train Loss: 0.6799
  Val Loss: 0.6984
  PER: 0.1050
  Avg LR: 3.17e-06
------------------------------------------------------------

============================================================
Training Complete!
Best PER: 0.1048 (Epoch 38)
Models saved to: /outputs/exp07_d512_lr3e4_20251128_043602
