============================================================
Brain-to-Text Transformer Training
============================================================
PyTorch version: 2.1.0+cu121
CUDA available: True
CUDA version: 12.1
GPU: NVIDIA GeForce RTX 3080
============================================================

Configuration:
  data_dir: /data/t15_copyTask_neuralData/hdf5_data_final
  output_dir: /outputs/exp10_d896_b1_20251128_043602
  max_days: 45
  d_model: 896
  epochs: 25
  batch_size: 1
  lr: 0.0001
  num_workers: 2
  warmup_epochs: 2
  patience: 10
  min_delta: 0.001
  resume: False
  cuda: True
  log_interval: 40
  save_interval: 1
============================================================
Using CUDA: NVIDIA GeForce RTX 3080
CUDA Memory: 10.74 GB
TF32 enabled for faster matrix operations
TensorBoard logs: /outputs/exp10_d896_b1_20251128_043602/tensorboard

Loading data from: /data/t15_copyTask_neuralData/hdf5_data_final
Loaded 8072 trials from 45 days (train)

Label distribution (train):
  0 (BLANK): 3821756 (94.7%)
  1 (AA): 3403 (0.1%)
  2 (AE): 4373 (0.1%)
  3 (AH): 12662 (0.3%)
  4 (AO): 2341 (0.1%)
  5 (AW): 1316 (0.0%)
  6 (AY): 5337 (0.1%)
  7 (B): 2593 (0.1%)
  8 (CH): 736 (0.0%)
  9 (D): 6260 (0.2%)
  ... (41 unique labels total)
Found 41 validation files (some sessions may not have val data)
Loaded 1426 trials from 41 days (val)

Label distribution (val):
  0 (BLANK): 671608 (94.2%)
  1 (AA): 661 (0.1%)
  2 (AE): 772 (0.1%)
  3 (AH): 2705 (0.4%)
  4 (AO): 544 (0.1%)
  5 (AW): 226 (0.0%)
  6 (AY): 809 (0.1%)
  7 (B): 468 (0.1%)
  8 (CH): 167 (0.0%)
  9 (D): 1274 (0.2%)
  ... (41 unique labels total)

Creating model with d_model=896, 45 days
/usr/local/lib/python3.10/dist-packages/torch/nn/modules/transformer.py:282: UserWarning: enable_nested_tensor is True, but self.use_nested_tensor is False because encoder_layer.norm_first was True
  warnings.warn(f"enable_nested_tensor is True, but self.use_nested_tensor is False because {why_not_sparsity_fast_path}")
Applied Xavier initialization to all layers
Total parameters: 90,607,145
Trainable parameters: 90,607,145
LR Scheduler: 16144 warmup steps, 201800 total steps
Early stopping: patience=10, min_delta=0.001

Starting training for 25 epochs...
============================================================
Epoch 1/25 | Batch 0/8072 | Loss: 3.8474 | LR: 0.00e+00
Epoch 1/25 | Batch 40/8072 | Loss: 2.0239 | LR: 2.48e-07
Epoch 1/25 | Batch 80/8072 | Loss: 1.6207 | LR: 4.96e-07
Epoch 1/25 | Batch 120/8072 | Loss: 1.3796 | LR: 7.43e-07
Epoch 1/25 | Batch 160/8072 | Loss: 0.9137 | LR: 9.91e-07
Epoch 1/25 | Batch 200/8072 | Loss: 0.9543 | LR: 1.24e-06
Epoch 1/25 | Batch 240/8072 | Loss: 0.8065 | LR: 1.49e-06
Epoch 1/25 | Batch 280/8072 | Loss: 0.7951 | LR: 1.73e-06
Epoch 1/25 | Batch 320/8072 | Loss: 0.8442 | LR: 1.98e-06
Epoch 1/25 | Batch 360/8072 | Loss: 0.9575 | LR: 2.23e-06
Epoch 1/25 | Batch 400/8072 | Loss: 0.8765 | LR: 2.48e-06
Epoch 1/25 | Batch 440/8072 | Loss: 0.7381 | LR: 2.73e-06
Epoch 1/25 | Batch 480/8072 | Loss: 0.8162 | LR: 2.97e-06
Epoch 1/25 | Batch 520/8072 | Loss: 0.8387 | LR: 3.22e-06
Epoch 1/25 | Batch 560/8072 | Loss: 0.8244 | LR: 3.47e-06
Epoch 1/25 | Batch 600/8072 | Loss: 0.7720 | LR: 3.72e-06
Epoch 1/25 | Batch 640/8072 | Loss: 0.7603 | LR: 3.96e-06
Epoch 1/25 | Batch 680/8072 | Loss: 0.7732 | LR: 4.21e-06
Epoch 1/25 | Batch 720/8072 | Loss: 0.8482 | LR: 4.46e-06
Epoch 1/25 | Batch 760/8072 | Loss: 0.8571 | LR: 4.71e-06
Epoch 1/25 | Batch 800/8072 | Loss: 0.8577 | LR: 4.96e-06
Epoch 1/25 | Batch 840/8072 | Loss: 0.7396 | LR: 5.20e-06
Epoch 1/25 | Batch 880/8072 | Loss: 0.8307 | LR: 5.45e-06
Epoch 1/25 | Batch 920/8072 | Loss: 0.7897 | LR: 5.70e-06
Epoch 1/25 | Batch 960/8072 | Loss: 0.8042 | LR: 5.95e-06
Epoch 1/25 | Batch 1000/8072 | Loss: 0.8411 | LR: 6.19e-06
Epoch 1/25 | Batch 1040/8072 | Loss: 0.8044 | LR: 6.44e-06
Epoch 1/25 | Batch 1080/8072 | Loss: 0.7492 | LR: 6.69e-06
Epoch 1/25 | Batch 1120/8072 | Loss: 0.8058 | LR: 6.94e-06
Epoch 1/25 | Batch 1160/8072 | Loss: 0.7371 | LR: 7.19e-06
Epoch 1/25 | Batch 1200/8072 | Loss: 0.7474 | LR: 7.43e-06
Epoch 1/25 | Batch 1240/8072 | Loss: 0.9003 | LR: 7.68e-06
Epoch 1/25 | Batch 1280/8072 | Loss: 0.8295 | LR: 7.93e-06
Epoch 1/25 | Batch 1320/8072 | Loss: 0.8338 | LR: 8.18e-06
Epoch 1/25 | Batch 1360/8072 | Loss: 0.8138 | LR: 8.42e-06
Epoch 1/25 | Batch 1400/8072 | Loss: 0.7530 | LR: 8.67e-06
Epoch 1/25 | Batch 1440/8072 | Loss: 0.8447 | LR: 8.92e-06
Epoch 1/25 | Batch 1480/8072 | Loss: 0.8039 | LR: 9.17e-06
Epoch 1/25 | Batch 1520/8072 | Loss: 0.8739 | LR: 9.42e-06
Epoch 1/25 | Batch 1560/8072 | Loss: 0.7934 | LR: 9.66e-06
Epoch 1/25 | Batch 1600/8072 | Loss: 0.7727 | LR: 9.91e-06
Epoch 1/25 | Batch 1640/8072 | Loss: 0.7429 | LR: 1.02e-05
Epoch 1/25 | Batch 1680/8072 | Loss: 0.7562 | LR: 1.04e-05
Epoch 1/25 | Batch 1720/8072 | Loss: 0.7628 | LR: 1.07e-05
Epoch 1/25 | Batch 1760/8072 | Loss: 0.7632 | LR: 1.09e-05
Epoch 1/25 | Batch 1800/8072 | Loss: 0.7428 | LR: 1.11e-05
Epoch 1/25 | Batch 1840/8072 | Loss: 0.7508 | LR: 1.14e-05
Epoch 1/25 | Batch 1880/8072 | Loss: 0.8948 | LR: 1.16e-05
Epoch 1/25 | Batch 1920/8072 | Loss: 0.8025 | LR: 1.19e-05
Epoch 1/25 | Batch 1960/8072 | Loss: 0.8670 | LR: 1.21e-05
Epoch 1/25 | Batch 2000/8072 | Loss: 0.8024 | LR: 1.24e-05
Epoch 1/25 | Batch 2040/8072 | Loss: 0.7169 | LR: 1.26e-05
Epoch 1/25 | Batch 2080/8072 | Loss: 0.8148 | LR: 1.29e-05
Epoch 1/25 | Batch 2120/8072 | Loss: 0.7523 | LR: 1.31e-05
Epoch 1/25 | Batch 2160/8072 | Loss: 0.7978 | LR: 1.34e-05
Epoch 1/25 | Batch 2200/8072 | Loss: 0.8059 | LR: 1.36e-05
Epoch 1/25 | Batch 2240/8072 | Loss: 0.7232 | LR: 1.39e-05
Epoch 1/25 | Batch 2280/8072 | Loss: 0.7963 | LR: 1.41e-05
Epoch 1/25 | Batch 2320/8072 | Loss: 0.8667 | LR: 1.44e-05
Epoch 1/25 | Batch 2360/8072 | Loss: 0.7568 | LR: 1.46e-05
Epoch 1/25 | Batch 2400/8072 | Loss: 0.7811 | LR: 1.49e-05
Epoch 1/25 | Batch 2440/8072 | Loss: 0.8087 | LR: 1.51e-05
Epoch 1/25 | Batch 2480/8072 | Loss: 0.7653 | LR: 1.54e-05
Epoch 1/25 | Batch 2520/8072 | Loss: 0.8168 | LR: 1.56e-05
Epoch 1/25 | Batch 2560/8072 | Loss: 0.7951 | LR: 1.59e-05
Epoch 1/25 | Batch 2600/8072 | Loss: 0.7738 | LR: 1.61e-05
Epoch 1/25 | Batch 2640/8072 | Loss: 0.8158 | LR: 1.64e-05
Epoch 1/25 | Batch 2680/8072 | Loss: 0.7666 | LR: 1.66e-05
Epoch 1/25 | Batch 2720/8072 | Loss: 0.7239 | LR: 1.68e-05
Epoch 1/25 | Batch 2760/8072 | Loss: 0.7149 | LR: 1.71e-05
Epoch 1/25 | Batch 2800/8072 | Loss: 0.7976 | LR: 1.73e-05
Epoch 1/25 | Batch 2840/8072 | Loss: 0.7501 | LR: 1.76e-05
Epoch 1/25 | Batch 2880/8072 | Loss: 0.8012 | LR: 1.78e-05
Epoch 1/25 | Batch 2920/8072 | Loss: 0.7848 | LR: 1.81e-05
Epoch 1/25 | Batch 2960/8072 | Loss: 0.7984 | LR: 1.83e-05
Epoch 1/25 | Batch 3000/8072 | Loss: 0.7460 | LR: 1.86e-05
Epoch 1/25 | Batch 3040/8072 | Loss: 0.7295 | LR: 1.88e-05
Epoch 1/25 | Batch 3080/8072 | Loss: 0.7793 | LR: 1.91e-05
Epoch 1/25 | Batch 3120/8072 | Loss: 0.8152 | LR: 1.93e-05
Epoch 1/25 | Batch 3160/8072 | Loss: 0.7186 | LR: 1.96e-05
Epoch 1/25 | Batch 3200/8072 | Loss: 0.7638 | LR: 1.98e-05
Epoch 1/25 | Batch 3240/8072 | Loss: 0.8193 | LR: 2.01e-05
Epoch 1/25 | Batch 3280/8072 | Loss: 0.7210 | LR: 2.03e-05
Epoch 1/25 | Batch 3320/8072 | Loss: 0.7274 | LR: 2.06e-05
Epoch 1/25 | Batch 3360/8072 | Loss: 0.7761 | LR: 2.08e-05
Epoch 1/25 | Batch 3400/8072 | Loss: 0.8218 | LR: 2.11e-05
Epoch 1/25 | Batch 3440/8072 | Loss: 0.7270 | LR: 2.13e-05
Epoch 1/25 | Batch 3480/8072 | Loss: 0.8312 | LR: 2.16e-05
Epoch 1/25 | Batch 3520/8072 | Loss: 0.8324 | LR: 2.18e-05
Epoch 1/25 | Batch 3560/8072 | Loss: 0.7507 | LR: 2.21e-05
Epoch 1/25 | Batch 3600/8072 | Loss: 0.7689 | LR: 2.23e-05
Epoch 1/25 | Batch 3640/8072 | Loss: 0.7792 | LR: 2.25e-05
Epoch 1/25 | Batch 3680/8072 | Loss: 0.7499 | LR: 2.28e-05
Epoch 1/25 | Batch 3720/8072 | Loss: 0.7430 | LR: 2.30e-05
Epoch 1/25 | Batch 3760/8072 | Loss: 0.7498 | LR: 2.33e-05
Epoch 1/25 | Batch 3800/8072 | Loss: 0.7552 | LR: 2.35e-05
Epoch 1/25 | Batch 3840/8072 | Loss: 0.7806 | LR: 2.38e-05
Epoch 1/25 | Batch 3880/8072 | Loss: 0.7740 | LR: 2.40e-05
Epoch 1/25 | Batch 3920/8072 | Loss: 0.7785 | LR: 2.43e-05
Epoch 1/25 | Batch 3960/8072 | Loss: 0.7021 | LR: 2.45e-05
Epoch 1/25 | Batch 4000/8072 | Loss: 0.8505 | LR: 2.48e-05
Epoch 1/25 | Batch 4040/8072 | Loss: 0.8604 | LR: 2.50e-05
Epoch 1/25 | Batch 4080/8072 | Loss: 0.7509 | LR: 2.53e-05
Epoch 1/25 | Batch 4120/8072 | Loss: 0.8262 | LR: 2.55e-05
Epoch 1/25 | Batch 4160/8072 | Loss: 0.7621 | LR: 2.58e-05
Epoch 1/25 | Batch 4200/8072 | Loss: 0.7927 | LR: 2.60e-05
Epoch 1/25 | Batch 4240/8072 | Loss: 0.7818 | LR: 2.63e-05
Epoch 1/25 | Batch 4280/8072 | Loss: 0.7093 | LR: 2.65e-05
Epoch 1/25 | Batch 4320/8072 | Loss: 0.8290 | LR: 2.68e-05
Epoch 1/25 | Batch 4360/8072 | Loss: 0.7869 | LR: 2.70e-05
Epoch 1/25 | Batch 4400/8072 | Loss: 0.7407 | LR: 2.73e-05
Epoch 1/25 | Batch 4440/8072 | Loss: 0.7400 | LR: 2.75e-05
Epoch 1/25 | Batch 4480/8072 | Loss: 0.7384 | LR: 2.78e-05
Epoch 1/25 | Batch 4520/8072 | Loss: 0.7803 | LR: 2.80e-05
Epoch 1/25 | Batch 4560/8072 | Loss: 0.8079 | LR: 2.82e-05
Epoch 1/25 | Batch 4600/8072 | Loss: 0.7039 | LR: 2.85e-05
Epoch 1/25 | Batch 4640/8072 | Loss: 0.7351 | LR: 2.87e-05
Epoch 1/25 | Batch 4680/8072 | Loss: 0.8419 | LR: 2.90e-05
Epoch 1/25 | Batch 4720/8072 | Loss: 0.7561 | LR: 2.92e-05
Epoch 1/25 | Batch 4760/8072 | Loss: 0.7662 | LR: 2.95e-05
Epoch 1/25 | Batch 4800/8072 | Loss: 0.7315 | LR: 2.97e-05
Epoch 1/25 | Batch 4840/8072 | Loss: 0.8128 | LR: 3.00e-05
Epoch 1/25 | Batch 4880/8072 | Loss: 0.7555 | LR: 3.02e-05
Epoch 1/25 | Batch 4920/8072 | Loss: 0.7680 | LR: 3.05e-05
Epoch 1/25 | Batch 4960/8072 | Loss: 0.7396 | LR: 3.07e-05
Epoch 1/25 | Batch 5000/8072 | Loss: 0.8236 | LR: 3.10e-05
Epoch 1/25 | Batch 5040/8072 | Loss: 0.7318 | LR: 3.12e-05
Epoch 1/25 | Batch 5080/8072 | Loss: 0.7542 | LR: 3.15e-05
Epoch 1/25 | Batch 5120/8072 | Loss: 0.7485 | LR: 3.17e-05
Epoch 1/25 | Batch 5160/8072 | Loss: 0.7847 | LR: 3.20e-05
Epoch 1/25 | Batch 5200/8072 | Loss: 0.7119 | LR: 3.22e-05
Epoch 1/25 | Batch 5240/8072 | Loss: 0.7228 | LR: 3.25e-05
Epoch 1/25 | Batch 5280/8072 | Loss: 0.7936 | LR: 3.27e-05
Epoch 1/25 | Batch 5320/8072 | Loss: 0.7629 | LR: 3.30e-05
Epoch 1/25 | Batch 5360/8072 | Loss: 0.7084 | LR: 3.32e-05
Epoch 1/25 | Batch 5400/8072 | Loss: 0.7723 | LR: 3.34e-05
Epoch 1/25 | Batch 5440/8072 | Loss: 0.7998 | LR: 3.37e-05
Epoch 1/25 | Batch 5480/8072 | Loss: 0.7013 | LR: 3.39e-05
Epoch 1/25 | Batch 5520/8072 | Loss: 0.7261 | LR: 3.42e-05
Epoch 1/25 | Batch 5560/8072 | Loss: 0.7227 | LR: 3.44e-05
Epoch 1/25 | Batch 5600/8072 | Loss: 0.7317 | LR: 3.47e-05
Epoch 1/25 | Batch 5640/8072 | Loss: 0.7582 | LR: 3.49e-05
Epoch 1/25 | Batch 5680/8072 | Loss: 0.7761 | LR: 3.52e-05
Epoch 1/25 | Batch 5720/8072 | Loss: 0.7811 | LR: 3.54e-05
Epoch 1/25 | Batch 5760/8072 | Loss: 0.7095 | LR: 3.57e-05
Epoch 1/25 | Batch 5800/8072 | Loss: 0.7801 | LR: 3.59e-05
Epoch 1/25 | Batch 5840/8072 | Loss: 0.7481 | LR: 3.62e-05
Epoch 1/25 | Batch 5880/8072 | Loss: 0.7656 | LR: 3.64e-05
Epoch 1/25 | Batch 5920/8072 | Loss: 0.7543 | LR: 3.67e-05
Epoch 1/25 | Batch 5960/8072 | Loss: 0.7733 | LR: 3.69e-05
Epoch 1/25 | Batch 6000/8072 | Loss: 0.7739 | LR: 3.72e-05
Epoch 1/25 | Batch 6040/8072 | Loss: 0.7244 | LR: 3.74e-05
Epoch 1/25 | Batch 6080/8072 | Loss: 0.7227 | LR: 3.77e-05
Epoch 1/25 | Batch 6120/8072 | Loss: 0.7426 | LR: 3.79e-05
Epoch 1/25 | Batch 6160/8072 | Loss: 0.7897 | LR: 3.82e-05
Epoch 1/25 | Batch 6200/8072 | Loss: 0.7481 | LR: 3.84e-05
Epoch 1/25 | Batch 6240/8072 | Loss: 0.7495 | LR: 3.87e-05
Epoch 1/25 | Batch 6280/8072 | Loss: 0.7623 | LR: 3.89e-05
Epoch 1/25 | Batch 6320/8072 | Loss: 0.7165 | LR: 3.91e-05
Epoch 1/25 | Batch 6360/8072 | Loss: 0.7807 | LR: 3.94e-05
Epoch 1/25 | Batch 6400/8072 | Loss: 0.7911 | LR: 3.96e-05
Epoch 1/25 | Batch 6440/8072 | Loss: 0.8153 | LR: 3.99e-05
Epoch 1/25 | Batch 6480/8072 | Loss: 0.7421 | LR: 4.01e-05
Epoch 1/25 | Batch 6520/8072 | Loss: 0.7528 | LR: 4.04e-05
Epoch 1/25 | Batch 6560/8072 | Loss: 0.7983 | LR: 4.06e-05
Epoch 1/25 | Batch 6600/8072 | Loss: 0.7196 | LR: 4.09e-05
Epoch 1/25 | Batch 6640/8072 | Loss: 0.7789 | LR: 4.11e-05
Epoch 1/25 | Batch 6680/8072 | Loss: 0.7745 | LR: 4.14e-05
Epoch 1/25 | Batch 6720/8072 | Loss: 0.7922 | LR: 4.16e-05
Epoch 1/25 | Batch 6760/8072 | Loss: 0.7725 | LR: 4.19e-05
Epoch 1/25 | Batch 6800/8072 | Loss: 0.7079 | LR: 4.21e-05
Epoch 1/25 | Batch 6840/8072 | Loss: 0.7331 | LR: 4.24e-05
Epoch 1/25 | Batch 6880/8072 | Loss: 0.7307 | LR: 4.26e-05
Epoch 1/25 | Batch 6920/8072 | Loss: 0.7617 | LR: 4.29e-05
Epoch 1/25 | Batch 6960/8072 | Loss: 0.8005 | LR: 4.31e-05
Epoch 1/25 | Batch 7000/8072 | Loss: 0.7318 | LR: 4.34e-05
Epoch 1/25 | Batch 7040/8072 | Loss: 0.7378 | LR: 4.36e-05
Epoch 1/25 | Batch 7080/8072 | Loss: 0.7808 | LR: 4.39e-05
Epoch 1/25 | Batch 7120/8072 | Loss: 0.7652 | LR: 4.41e-05
Epoch 1/25 | Batch 7160/8072 | Loss: 0.7920 | LR: 4.44e-05
Epoch 1/25 | Batch 7200/8072 | Loss: 0.7003 | LR: 4.46e-05
Epoch 1/25 | Batch 7240/8072 | Loss: 0.7114 | LR: 4.48e-05
Epoch 1/25 | Batch 7280/8072 | Loss: 0.7423 | LR: 4.51e-05
Epoch 1/25 | Batch 7320/8072 | Loss: 0.7430 | LR: 4.53e-05
Epoch 1/25 | Batch 7360/8072 | Loss: 0.7275 | LR: 4.56e-05
Epoch 1/25 | Batch 7400/8072 | Loss: 0.7235 | LR: 4.58e-05
Epoch 1/25 | Batch 7440/8072 | Loss: 0.8135 | LR: 4.61e-05
Epoch 1/25 | Batch 7480/8072 | Loss: 0.7602 | LR: 4.63e-05
Epoch 1/25 | Batch 7520/8072 | Loss: 0.7363 | LR: 4.66e-05
Epoch 1/25 | Batch 7560/8072 | Loss: 0.7058 | LR: 4.68e-05
Epoch 1/25 | Batch 7600/8072 | Loss: 0.8105 | LR: 4.71e-05
Epoch 1/25 | Batch 7640/8072 | Loss: 0.7686 | LR: 4.73e-05
Epoch 1/25 | Batch 7680/8072 | Loss: 0.7450 | LR: 4.76e-05
Epoch 1/25 | Batch 7720/8072 | Loss: 0.7138 | LR: 4.78e-05
Epoch 1/25 | Batch 7760/8072 | Loss: 0.7222 | LR: 4.81e-05
Epoch 1/25 | Batch 7800/8072 | Loss: 0.7337 | LR: 4.83e-05
Epoch 1/25 | Batch 7840/8072 | Loss: 0.7700 | LR: 4.86e-05
Epoch 1/25 | Batch 7880/8072 | Loss: 0.8531 | LR: 4.88e-05
Epoch 1/25 | Batch 7920/8072 | Loss: 0.7268 | LR: 4.91e-05
Epoch 1/25 | Batch 7960/8072 | Loss: 0.7556 | LR: 4.93e-05
Epoch 1/25 | Batch 8000/8072 | Loss: 0.7362 | LR: 4.96e-05
Epoch 1/25 | Batch 8040/8072 | Loss: 0.8359 | LR: 4.98e-05
  Sample - Pred: [34, 40, 16, 2, 23, 31, 29, 3, 40, 3, 40, 16, 3, 23, 40] | True: [34, 40, 20, 2, 23, 40, 29, 18, 40, 10, 3, 40, 20, 25, 9]

Epoch 1 Summary:
  Train Loss: 0.7941
  Val Loss: 0.7639
  PER: 0.4766
  Avg LR: 2.50e-05
------------------------------------------------------------
  ** New best model saved! PER: 0.4766
Epoch 2/25 | Batch 0/8072 | Loss: 0.8735 | LR: 5.00e-05
Epoch 2/25 | Batch 40/8072 | Loss: 0.7554 | LR: 5.02e-05
Epoch 2/25 | Batch 80/8072 | Loss: 0.7799 | LR: 5.05e-05
Epoch 2/25 | Batch 120/8072 | Loss: 0.7373 | LR: 5.07e-05
Epoch 2/25 | Batch 160/8072 | Loss: 0.8698 | LR: 5.10e-05
Epoch 2/25 | Batch 200/8072 | Loss: 0.7230 | LR: 5.12e-05
Epoch 2/25 | Batch 240/8072 | Loss: 0.7721 | LR: 5.15e-05
Epoch 2/25 | Batch 280/8072 | Loss: 0.7394 | LR: 5.17e-05
Epoch 2/25 | Batch 320/8072 | Loss: 0.7073 | LR: 5.20e-05
Epoch 2/25 | Batch 360/8072 | Loss: 0.8150 | LR: 5.22e-05
Epoch 2/25 | Batch 400/8072 | Loss: 0.7468 | LR: 5.25e-05
Epoch 2/25 | Batch 440/8072 | Loss: 0.6969 | LR: 5.27e-05
Epoch 2/25 | Batch 480/8072 | Loss: 0.7760 | LR: 5.30e-05
Epoch 2/25 | Batch 520/8072 | Loss: 0.7381 | LR: 5.32e-05
Epoch 2/25 | Batch 560/8072 | Loss: 0.7253 | LR: 5.35e-05
Epoch 2/25 | Batch 600/8072 | Loss: 0.7464 | LR: 5.37e-05
Epoch 2/25 | Batch 640/8072 | Loss: 0.7906 | LR: 5.40e-05
Epoch 2/25 | Batch 680/8072 | Loss: 0.8274 | LR: 5.42e-05
Epoch 2/25 | Batch 720/8072 | Loss: 0.7118 | LR: 5.45e-05
Epoch 2/25 | Batch 760/8072 | Loss: 0.7054 | LR: 5.47e-05
Epoch 2/25 | Batch 800/8072 | Loss: 0.7250 | LR: 5.50e-05
Epoch 2/25 | Batch 840/8072 | Loss: 0.7242 | LR: 5.52e-05
Epoch 2/25 | Batch 880/8072 | Loss: 0.7485 | LR: 5.55e-05
Epoch 2/25 | Batch 920/8072 | Loss: 0.7665 | LR: 5.57e-05
Epoch 2/25 | Batch 960/8072 | Loss: 0.7734 | LR: 5.59e-05
Epoch 2/25 | Batch 1000/8072 | Loss: 0.7125 | LR: 5.62e-05
Epoch 2/25 | Batch 1040/8072 | Loss: 0.7103 | LR: 5.64e-05
Epoch 2/25 | Batch 1080/8072 | Loss: 0.7343 | LR: 5.67e-05
Epoch 2/25 | Batch 1120/8072 | Loss: 0.7932 | LR: 5.69e-05
Epoch 2/25 | Batch 1160/8072 | Loss: 0.7718 | LR: 5.72e-05
Epoch 2/25 | Batch 1200/8072 | Loss: 0.7373 | LR: 5.74e-05
Epoch 2/25 | Batch 1240/8072 | Loss: 0.7415 | LR: 5.77e-05
Epoch 2/25 | Batch 1280/8072 | Loss: 0.7388 | LR: 5.79e-05
Epoch 2/25 | Batch 1320/8072 | Loss: 0.7978 | LR: 5.82e-05
Epoch 2/25 | Batch 1360/8072 | Loss: 0.8254 | LR: 5.84e-05
Epoch 2/25 | Batch 1400/8072 | Loss: 0.7631 | LR: 5.87e-05
Epoch 2/25 | Batch 1440/8072 | Loss: 0.7661 | LR: 5.89e-05
Epoch 2/25 | Batch 1480/8072 | Loss: 0.6966 | LR: 5.92e-05
Epoch 2/25 | Batch 1520/8072 | Loss: 0.7113 | LR: 5.94e-05
Epoch 2/25 | Batch 1560/8072 | Loss: 0.7503 | LR: 5.97e-05
Epoch 2/25 | Batch 1600/8072 | Loss: 0.7177 | LR: 5.99e-05
Epoch 2/25 | Batch 1640/8072 | Loss: 0.7857 | LR: 6.02e-05
Epoch 2/25 | Batch 1680/8072 | Loss: 0.7989 | LR: 6.04e-05
Epoch 2/25 | Batch 1720/8072 | Loss: 0.7186 | LR: 6.07e-05
Epoch 2/25 | Batch 1760/8072 | Loss: 0.7329 | LR: 6.09e-05
Epoch 2/25 | Batch 1800/8072 | Loss: 0.7531 | LR: 6.11e-05
Epoch 2/25 | Batch 1840/8072 | Loss: 0.7287 | LR: 6.14e-05
Epoch 2/25 | Batch 1880/8072 | Loss: 0.7845 | LR: 6.16e-05
Epoch 2/25 | Batch 1920/8072 | Loss: 0.7451 | LR: 6.19e-05
Epoch 2/25 | Batch 1960/8072 | Loss: 0.6943 | LR: 6.21e-05
Epoch 2/25 | Batch 2000/8072 | Loss: 0.7067 | LR: 6.24e-05
Epoch 2/25 | Batch 2040/8072 | Loss: 0.7244 | LR: 6.26e-05
Epoch 2/25 | Batch 2080/8072 | Loss: 0.7487 | LR: 6.29e-05
Epoch 2/25 | Batch 2120/8072 | Loss: 0.7360 | LR: 6.31e-05
Epoch 2/25 | Batch 2160/8072 | Loss: 0.6886 | LR: 6.34e-05
Epoch 2/25 | Batch 2200/8072 | Loss: 0.7421 | LR: 6.36e-05
Epoch 2/25 | Batch 2240/8072 | Loss: 0.7566 | LR: 6.39e-05
Epoch 2/25 | Batch 2280/8072 | Loss: 0.8305 | LR: 6.41e-05
Epoch 2/25 | Batch 2320/8072 | Loss: 0.7781 | LR: 6.44e-05
Epoch 2/25 | Batch 2360/8072 | Loss: 0.7661 | LR: 6.46e-05
Epoch 2/25 | Batch 2400/8072 | Loss: 0.7394 | LR: 6.49e-05
Epoch 2/25 | Batch 2440/8072 | Loss: 0.7016 | LR: 6.51e-05
Epoch 2/25 | Batch 2480/8072 | Loss: 0.7321 | LR: 6.54e-05
Epoch 2/25 | Batch 2520/8072 | Loss: 0.7451 | LR: 6.56e-05
Epoch 2/25 | Batch 2560/8072 | Loss: 0.7803 | LR: 6.59e-05
Epoch 2/25 | Batch 2600/8072 | Loss: 0.8271 | LR: 6.61e-05
Epoch 2/25 | Batch 2640/8072 | Loss: 0.6933 | LR: 6.64e-05
Epoch 2/25 | Batch 2680/8072 | Loss: 0.7084 | LR: 6.66e-05
Epoch 2/25 | Batch 2720/8072 | Loss: 0.8210 | LR: 6.68e-05
Epoch 2/25 | Batch 2760/8072 | Loss: 0.7450 | LR: 6.71e-05
Epoch 2/25 | Batch 2800/8072 | Loss: 0.7070 | LR: 6.73e-05
Epoch 2/25 | Batch 2840/8072 | Loss: 0.7023 | LR: 6.76e-05
Epoch 2/25 | Batch 2880/8072 | Loss: 0.7481 | LR: 6.78e-05
Epoch 2/25 | Batch 2920/8072 | Loss: 0.7212 | LR: 6.81e-05
Epoch 2/25 | Batch 2960/8072 | Loss: 0.7397 | LR: 6.83e-05
Epoch 2/25 | Batch 3000/8072 | Loss: 0.7165 | LR: 6.86e-05
Epoch 2/25 | Batch 3040/8072 | Loss: 0.7323 | LR: 6.88e-05
Epoch 2/25 | Batch 3080/8072 | Loss: 0.8629 | LR: 6.91e-05
Epoch 2/25 | Batch 3120/8072 | Loss: 0.7692 | LR: 6.93e-05
Epoch 2/25 | Batch 3160/8072 | Loss: 0.7504 | LR: 6.96e-05
Epoch 2/25 | Batch 3200/8072 | Loss: 0.7534 | LR: 6.98e-05
Epoch 2/25 | Batch 3240/8072 | Loss: 0.8143 | LR: 7.01e-05
Epoch 2/25 | Batch 3280/8072 | Loss: 0.7032 | LR: 7.03e-05
Epoch 2/25 | Batch 3320/8072 | Loss: 0.7082 | LR: 7.06e-05
Epoch 2/25 | Batch 3360/8072 | Loss: 0.7182 | LR: 7.08e-05
Epoch 2/25 | Batch 3400/8072 | Loss: 0.7214 | LR: 7.11e-05
Epoch 2/25 | Batch 3440/8072 | Loss: 0.7628 | LR: 7.13e-05
Epoch 2/25 | Batch 3480/8072 | Loss: 0.7823 | LR: 7.16e-05
Epoch 2/25 | Batch 3520/8072 | Loss: 0.7537 | LR: 7.18e-05
Epoch 2/25 | Batch 3560/8072 | Loss: 0.7010 | LR: 7.21e-05
Epoch 2/25 | Batch 3600/8072 | Loss: 0.6991 | LR: 7.23e-05
Epoch 2/25 | Batch 3640/8072 | Loss: 0.7454 | LR: 7.25e-05
Epoch 2/25 | Batch 3680/8072 | Loss: 0.7099 | LR: 7.28e-05
Epoch 2/25 | Batch 3720/8072 | Loss: 0.7525 | LR: 7.30e-05
Epoch 2/25 | Batch 3760/8072 | Loss: 0.7186 | LR: 7.33e-05
Epoch 2/25 | Batch 3800/8072 | Loss: 0.7710 | LR: 7.35e-05
Epoch 2/25 | Batch 3840/8072 | Loss: 0.7596 | LR: 7.38e-05
Epoch 2/25 | Batch 3880/8072 | Loss: 0.7693 | LR: 7.40e-05
Epoch 2/25 | Batch 3920/8072 | Loss: 0.7509 | LR: 7.43e-05
Epoch 2/25 | Batch 3960/8072 | Loss: 0.7007 | LR: 7.45e-05
Epoch 2/25 | Batch 4000/8072 | Loss: 0.7333 | LR: 7.48e-05
Epoch 2/25 | Batch 4040/8072 | Loss: 0.9129 | LR: 7.50e-05
Epoch 2/25 | Batch 4080/8072 | Loss: 0.7482 | LR: 7.53e-05
Epoch 2/25 | Batch 4120/8072 | Loss: 0.7255 | LR: 7.55e-05
Epoch 2/25 | Batch 4160/8072 | Loss: 0.7635 | LR: 7.58e-05
Epoch 2/25 | Batch 4200/8072 | Loss: 0.7410 | LR: 7.60e-05
Epoch 2/25 | Batch 4240/8072 | Loss: 0.7359 | LR: 7.63e-05
Epoch 2/25 | Batch 4280/8072 | Loss: 0.7232 | LR: 7.65e-05
Epoch 2/25 | Batch 4320/8072 | Loss: 0.7662 | LR: 7.68e-05
Epoch 2/25 | Batch 4360/8072 | Loss: 0.7179 | LR: 7.70e-05
Epoch 2/25 | Batch 4400/8072 | Loss: 0.7403 | LR: 7.73e-05
Epoch 2/25 | Batch 4440/8072 | Loss: 0.7142 | LR: 7.75e-05
Epoch 2/25 | Batch 4480/8072 | Loss: 0.7339 | LR: 7.78e-05
Epoch 2/25 | Batch 4520/8072 | Loss: 0.7482 | LR: 7.80e-05
Epoch 2/25 | Batch 4560/8072 | Loss: 0.7477 | LR: 7.82e-05
Epoch 2/25 | Batch 4600/8072 | Loss: 0.7023 | LR: 7.85e-05
Epoch 2/25 | Batch 4640/8072 | Loss: 0.7237 | LR: 7.87e-05
Epoch 2/25 | Batch 4680/8072 | Loss: 0.7499 | LR: 7.90e-05
Epoch 2/25 | Batch 4720/8072 | Loss: 0.7241 | LR: 7.92e-05
Epoch 2/25 | Batch 4760/8072 | Loss: 0.6890 | LR: 7.95e-05
Epoch 2/25 | Batch 4800/8072 | Loss: 0.7400 | LR: 7.97e-05
Epoch 2/25 | Batch 4840/8072 | Loss: 0.7574 | LR: 8.00e-05
Epoch 2/25 | Batch 4880/8072 | Loss: 0.7477 | LR: 8.02e-05
Epoch 2/25 | Batch 4920/8072 | Loss: 0.7398 | LR: 8.05e-05
Epoch 2/25 | Batch 4960/8072 | Loss: 0.7767 | LR: 8.07e-05
Epoch 2/25 | Batch 5000/8072 | Loss: 0.7288 | LR: 8.10e-05
Epoch 2/25 | Batch 5040/8072 | Loss: 0.7482 | LR: 8.12e-05
Epoch 2/25 | Batch 5080/8072 | Loss: 0.7570 | LR: 8.15e-05
Epoch 2/25 | Batch 5120/8072 | Loss: 0.7179 | LR: 8.17e-05
Epoch 2/25 | Batch 5160/8072 | Loss: 0.7094 | LR: 8.20e-05
Epoch 2/25 | Batch 5200/8072 | Loss: 0.7513 | LR: 8.22e-05
Epoch 2/25 | Batch 5240/8072 | Loss: 0.8861 | LR: 8.25e-05
Epoch 2/25 | Batch 5280/8072 | Loss: 0.7607 | LR: 8.27e-05
Epoch 2/25 | Batch 5320/8072 | Loss: 0.7019 | LR: 8.30e-05
Epoch 2/25 | Batch 5360/8072 | Loss: 0.7213 | LR: 8.32e-05
Epoch 2/25 | Batch 5400/8072 | Loss: 0.7797 | LR: 8.34e-05
Epoch 2/25 | Batch 5440/8072 | Loss: 0.7793 | LR: 8.37e-05
Epoch 2/25 | Batch 5480/8072 | Loss: 0.7623 | LR: 8.39e-05
Epoch 2/25 | Batch 5520/8072 | Loss: 0.7280 | LR: 8.42e-05
Epoch 2/25 | Batch 5560/8072 | Loss: 0.7820 | LR: 8.44e-05
Epoch 2/25 | Batch 5600/8072 | Loss: 0.7027 | LR: 8.47e-05
Epoch 2/25 | Batch 5640/8072 | Loss: 0.7869 | LR: 8.49e-05
Epoch 2/25 | Batch 5680/8072 | Loss: 0.7753 | LR: 8.52e-05
Epoch 2/25 | Batch 5720/8072 | Loss: 0.7349 | LR: 8.54e-05
Epoch 2/25 | Batch 5760/8072 | Loss: 0.7250 | LR: 8.57e-05
Epoch 2/25 | Batch 5800/8072 | Loss: 0.7624 | LR: 8.59e-05
Epoch 2/25 | Batch 5840/8072 | Loss: 0.7590 | LR: 8.62e-05
Epoch 2/25 | Batch 5880/8072 | Loss: 0.7420 | LR: 8.64e-05
Epoch 2/25 | Batch 5920/8072 | Loss: 0.7109 | LR: 8.67e-05
Epoch 2/25 | Batch 5960/8072 | Loss: 0.7433 | LR: 8.69e-05
Epoch 2/25 | Batch 6000/8072 | Loss: 0.7057 | LR: 8.72e-05
Epoch 2/25 | Batch 6040/8072 | Loss: 0.7188 | LR: 8.74e-05
Epoch 2/25 | Batch 6080/8072 | Loss: 0.7632 | LR: 8.77e-05
Epoch 2/25 | Batch 6120/8072 | Loss: 0.7010 | LR: 8.79e-05
Epoch 2/25 | Batch 6160/8072 | Loss: 0.8333 | LR: 8.82e-05
Epoch 2/25 | Batch 6200/8072 | Loss: 0.7197 | LR: 8.84e-05
Epoch 2/25 | Batch 6240/8072 | Loss: 0.6867 | LR: 8.87e-05
Epoch 2/25 | Batch 6280/8072 | Loss: 0.7078 | LR: 8.89e-05
Epoch 2/25 | Batch 6320/8072 | Loss: 0.7497 | LR: 8.91e-05
Epoch 2/25 | Batch 6360/8072 | Loss: 0.7052 | LR: 8.94e-05
Epoch 2/25 | Batch 6400/8072 | Loss: 0.7122 | LR: 8.96e-05
Epoch 2/25 | Batch 6440/8072 | Loss: 0.7327 | LR: 8.99e-05
Epoch 2/25 | Batch 6480/8072 | Loss: 0.7275 | LR: 9.01e-05
Epoch 2/25 | Batch 6520/8072 | Loss: 0.7683 | LR: 9.04e-05
Epoch 2/25 | Batch 6560/8072 | Loss: 0.7411 | LR: 9.06e-05
Epoch 2/25 | Batch 6600/8072 | Loss: 0.7293 | LR: 9.09e-05
Epoch 2/25 | Batch 6640/8072 | Loss: 0.7521 | LR: 9.11e-05
Epoch 2/25 | Batch 6680/8072 | Loss: 0.7620 | LR: 9.14e-05
Epoch 2/25 | Batch 6720/8072 | Loss: 0.7372 | LR: 9.16e-05
Epoch 2/25 | Batch 6760/8072 | Loss: 0.6959 | LR: 9.19e-05
Epoch 2/25 | Batch 6800/8072 | Loss: 0.7958 | LR: 9.21e-05
Epoch 2/25 | Batch 6840/8072 | Loss: 0.6902 | LR: 9.24e-05
Epoch 2/25 | Batch 6880/8072 | Loss: 0.7017 | LR: 9.26e-05
Epoch 2/25 | Batch 6920/8072 | Loss: 0.7840 | LR: 9.29e-05
Epoch 2/25 | Batch 6960/8072 | Loss: 0.7716 | LR: 9.31e-05
Epoch 2/25 | Batch 7000/8072 | Loss: 0.7759 | LR: 9.34e-05
Epoch 2/25 | Batch 7040/8072 | Loss: 0.7227 | LR: 9.36e-05
Epoch 2/25 | Batch 7080/8072 | Loss: 0.7334 | LR: 9.39e-05
Epoch 2/25 | Batch 7120/8072 | Loss: 0.6906 | LR: 9.41e-05
Epoch 2/25 | Batch 7160/8072 | Loss: 0.7162 | LR: 9.44e-05
Epoch 2/25 | Batch 7200/8072 | Loss: 0.7291 | LR: 9.46e-05
Epoch 2/25 | Batch 7240/8072 | Loss: 0.7209 | LR: 9.48e-05
Epoch 2/25 | Batch 7280/8072 | Loss: 0.7546 | LR: 9.51e-05
Epoch 2/25 | Batch 7320/8072 | Loss: 0.7079 | LR: 9.53e-05
Epoch 2/25 | Batch 7360/8072 | Loss: 0.7176 | LR: 9.56e-05
Epoch 2/25 | Batch 7400/8072 | Loss: 0.7236 | LR: 9.58e-05
Epoch 2/25 | Batch 7440/8072 | Loss: 0.6912 | LR: 9.61e-05
Epoch 2/25 | Batch 7480/8072 | Loss: 0.7617 | LR: 9.63e-05
Epoch 2/25 | Batch 7520/8072 | Loss: 0.8311 | LR: 9.66e-05
Epoch 2/25 | Batch 7560/8072 | Loss: 0.7038 | LR: 9.68e-05
Epoch 2/25 | Batch 7600/8072 | Loss: 0.7216 | LR: 9.71e-05
Epoch 2/25 | Batch 7640/8072 | Loss: 0.7170 | LR: 9.73e-05
Epoch 2/25 | Batch 7680/8072 | Loss: 0.7441 | LR: 9.76e-05
Epoch 2/25 | Batch 7720/8072 | Loss: 0.7359 | LR: 9.78e-05
Epoch 2/25 | Batch 7760/8072 | Loss: 0.6939 | LR: 9.81e-05
Epoch 2/25 | Batch 7800/8072 | Loss: 0.7208 | LR: 9.83e-05
Epoch 2/25 | Batch 7840/8072 | Loss: 0.7260 | LR: 9.86e-05
Epoch 2/25 | Batch 7880/8072 | Loss: 0.7499 | LR: 9.88e-05
Epoch 2/25 | Batch 7920/8072 | Loss: 0.7245 | LR: 9.91e-05
Epoch 2/25 | Batch 7960/8072 | Loss: 0.7322 | LR: 9.93e-05
Epoch 2/25 | Batch 8000/8072 | Loss: 0.6911 | LR: 9.96e-05
Epoch 2/25 | Batch 8040/8072 | Loss: 0.7533 | LR: 9.98e-05
  Sample - Pred: [34, 40, 9, 2, 23, 31, 29, 18, 40, 36, 3, 40, 20, 1, 23] | True: [34, 40, 20, 2, 23, 40, 29, 18, 40, 10, 3, 40, 20, 25, 9]

Epoch 2 Summary:
  Train Loss: 0.7416
  Val Loss: 0.7540
  PER: 0.3926
  Avg LR: 7.50e-05
------------------------------------------------------------
  ** New best model saved! PER: 0.3926
Epoch 3/25 | Batch 0/8072 | Loss: 0.7152 | LR: 1.00e-04
Epoch 3/25 | Batch 40/8072 | Loss: 0.7368 | LR: 1.00e-04
Epoch 3/25 | Batch 80/8072 | Loss: 0.7021 | LR: 1.00e-04
Epoch 3/25 | Batch 120/8072 | Loss: 0.7557 | LR: 1.00e-04
Epoch 3/25 | Batch 160/8072 | Loss: 0.6884 | LR: 1.00e-04
Epoch 3/25 | Batch 200/8072 | Loss: 0.7317 | LR: 1.00e-04
Epoch 3/25 | Batch 240/8072 | Loss: 0.7054 | LR: 1.00e-04
Epoch 3/25 | Batch 280/8072 | Loss: 0.7330 | LR: 1.00e-04
Epoch 3/25 | Batch 320/8072 | Loss: 0.7851 | LR: 1.00e-04
Epoch 3/25 | Batch 360/8072 | Loss: 0.7799 | LR: 1.00e-04
Epoch 3/25 | Batch 400/8072 | Loss: 0.7037 | LR: 1.00e-04
Epoch 3/25 | Batch 440/8072 | Loss: 0.7011 | LR: 1.00e-04
Epoch 3/25 | Batch 480/8072 | Loss: 0.7322 | LR: 1.00e-04
Epoch 3/25 | Batch 520/8072 | Loss: 0.7552 | LR: 1.00e-04
Epoch 3/25 | Batch 560/8072 | Loss: 0.7341 | LR: 1.00e-04
Epoch 3/25 | Batch 600/8072 | Loss: 0.7446 | LR: 1.00e-04
Epoch 3/25 | Batch 640/8072 | Loss: 0.7143 | LR: 1.00e-04
Epoch 3/25 | Batch 680/8072 | Loss: 0.7364 | LR: 1.00e-04
Epoch 3/25 | Batch 720/8072 | Loss: 0.7541 | LR: 1.00e-04
Epoch 3/25 | Batch 760/8072 | Loss: 0.7313 | LR: 1.00e-04
Epoch 3/25 | Batch 800/8072 | Loss: 0.7167 | LR: 1.00e-04
Epoch 3/25 | Batch 840/8072 | Loss: 0.7952 | LR: 1.00e-04
Epoch 3/25 | Batch 880/8072 | Loss: 0.7279 | LR: 1.00e-04
Epoch 3/25 | Batch 920/8072 | Loss: 0.6920 | LR: 1.00e-04
Epoch 3/25 | Batch 960/8072 | Loss: 0.7233 | LR: 1.00e-04
Epoch 3/25 | Batch 1000/8072 | Loss: 0.7475 | LR: 1.00e-04
Epoch 3/25 | Batch 1040/8072 | Loss: 0.7491 | LR: 1.00e-04
Epoch 3/25 | Batch 1080/8072 | Loss: 0.7122 | LR: 1.00e-04
Epoch 3/25 | Batch 1120/8072 | Loss: 0.6849 | LR: 1.00e-04
Epoch 3/25 | Batch 1160/8072 | Loss: 0.7375 | LR: 1.00e-04
Epoch 3/25 | Batch 1200/8072 | Loss: 0.7586 | LR: 1.00e-04
Epoch 3/25 | Batch 1240/8072 | Loss: 0.7203 | LR: 1.00e-04
Epoch 3/25 | Batch 1280/8072 | Loss: 0.7481 | LR: 1.00e-04
Epoch 3/25 | Batch 1320/8072 | Loss: 0.7387 | LR: 1.00e-04
Epoch 3/25 | Batch 1360/8072 | Loss: 0.7333 | LR: 1.00e-04
Epoch 3/25 | Batch 1400/8072 | Loss: 0.7496 | LR: 1.00e-04
Epoch 3/25 | Batch 1440/8072 | Loss: 0.7597 | LR: 1.00e-04
Epoch 3/25 | Batch 1480/8072 | Loss: 0.6913 | LR: 1.00e-04
Epoch 3/25 | Batch 1520/8072 | Loss: 0.7531 | LR: 1.00e-04
Epoch 3/25 | Batch 1560/8072 | Loss: 0.6980 | LR: 1.00e-04
Epoch 3/25 | Batch 1600/8072 | Loss: 0.7646 | LR: 1.00e-04
Epoch 3/25 | Batch 1640/8072 | Loss: 0.7334 | LR: 1.00e-04
Epoch 3/25 | Batch 1680/8072 | Loss: 0.7985 | LR: 1.00e-04
Epoch 3/25 | Batch 1720/8072 | Loss: 0.7284 | LR: 1.00e-04
Epoch 3/25 | Batch 1760/8072 | Loss: 0.6967 | LR: 1.00e-04
Epoch 3/25 | Batch 1800/8072 | Loss: 0.7940 | LR: 1.00e-04
Epoch 3/25 | Batch 1840/8072 | Loss: 0.7179 | LR: 1.00e-04
Epoch 3/25 | Batch 1880/8072 | Loss: 0.8369 | LR: 1.00e-04
Epoch 3/25 | Batch 1920/8072 | Loss: 0.7446 | LR: 1.00e-04
Epoch 3/25 | Batch 1960/8072 | Loss: 0.7082 | LR: 1.00e-04
Epoch 3/25 | Batch 2000/8072 | Loss: 0.7582 | LR: 1.00e-04
Epoch 3/25 | Batch 2040/8072 | Loss: 0.7098 | LR: 1.00e-04
Epoch 3/25 | Batch 2080/8072 | Loss: 0.6968 | LR: 1.00e-04
Epoch 3/25 | Batch 2120/8072 | Loss: 0.7519 | LR: 1.00e-04
Epoch 3/25 | Batch 2160/8072 | Loss: 0.7020 | LR: 1.00e-04
Epoch 3/25 | Batch 2200/8072 | Loss: 0.7406 | LR: 1.00e-04
Epoch 3/25 | Batch 2240/8072 | Loss: 0.7762 | LR: 1.00e-04
Epoch 3/25 | Batch 2280/8072 | Loss: 0.9161 | LR: 1.00e-04
Epoch 3/25 | Batch 2320/8072 | Loss: 0.7479 | LR: 1.00e-04
Epoch 3/25 | Batch 2360/8072 | Loss: 0.7574 | LR: 1.00e-04
Epoch 3/25 | Batch 2400/8072 | Loss: 0.7158 | LR: 1.00e-04
Epoch 3/25 | Batch 2440/8072 | Loss: 0.7005 | LR: 1.00e-04
Epoch 3/25 | Batch 2480/8072 | Loss: 0.7639 | LR: 1.00e-04
Epoch 3/25 | Batch 2520/8072 | Loss: 0.7511 | LR: 1.00e-04
Epoch 3/25 | Batch 2560/8072 | Loss: 0.7267 | LR: 1.00e-04
Epoch 3/25 | Batch 2600/8072 | Loss: 0.8306 | LR: 1.00e-04
Epoch 3/25 | Batch 2640/8072 | Loss: 0.7710 | LR: 1.00e-04
Epoch 3/25 | Batch 2680/8072 | Loss: 0.7244 | LR: 9.99e-05
Epoch 3/25 | Batch 2720/8072 | Loss: 0.7226 | LR: 9.99e-05
Epoch 3/25 | Batch 2760/8072 | Loss: 0.7391 | LR: 9.99e-05
Epoch 3/25 | Batch 2800/8072 | Loss: 0.7171 | LR: 9.99e-05
Epoch 3/25 | Batch 2840/8072 | Loss: 0.7463 | LR: 9.99e-05
Epoch 3/25 | Batch 2880/8072 | Loss: 0.7087 | LR: 9.99e-05
Epoch 3/25 | Batch 2920/8072 | Loss: 0.7054 | LR: 9.99e-05
Epoch 3/25 | Batch 2960/8072 | Loss: 0.7371 | LR: 9.99e-05
Epoch 3/25 | Batch 3000/8072 | Loss: 0.7339 | LR: 9.99e-05
Epoch 3/25 | Batch 3040/8072 | Loss: 0.6920 | LR: 9.99e-05
Epoch 3/25 | Batch 3080/8072 | Loss: 0.7777 | LR: 9.99e-05
Epoch 3/25 | Batch 3120/8072 | Loss: 0.8011 | LR: 9.99e-05
Epoch 3/25 | Batch 3160/8072 | Loss: 0.7084 | LR: 9.99e-05
Epoch 3/25 | Batch 3200/8072 | Loss: 0.6956 | LR: 9.99e-05
Epoch 3/25 | Batch 3240/8072 | Loss: 0.7419 | LR: 9.99e-05
Epoch 3/25 | Batch 3280/8072 | Loss: 0.7685 | LR: 9.99e-05
Epoch 3/25 | Batch 3320/8072 | Loss: 0.6888 | LR: 9.99e-05
Epoch 3/25 | Batch 3360/8072 | Loss: 0.7009 | LR: 9.99e-05
Epoch 3/25 | Batch 3400/8072 | Loss: 0.6969 | LR: 9.99e-05
Epoch 3/25 | Batch 3440/8072 | Loss: 0.7463 | LR: 9.99e-05
Epoch 3/25 | Batch 3480/8072 | Loss: 0.7452 | LR: 9.99e-05
Epoch 3/25 | Batch 3520/8072 | Loss: 0.7743 | LR: 9.99e-05
Epoch 3/25 | Batch 3560/8072 | Loss: 0.7315 | LR: 9.99e-05
Epoch 3/25 | Batch 3600/8072 | Loss: 0.7014 | LR: 9.99e-05
Epoch 3/25 | Batch 3640/8072 | Loss: 0.7177 | LR: 9.99e-05
Epoch 3/25 | Batch 3680/8072 | Loss: 0.7194 | LR: 9.99e-05
Epoch 3/25 | Batch 3720/8072 | Loss: 0.6921 | LR: 9.99e-05
Epoch 3/25 | Batch 3760/8072 | Loss: 0.6937 | LR: 9.99e-05
Epoch 3/25 | Batch 3800/8072 | Loss: 0.7533 | LR: 9.99e-05
Epoch 3/25 | Batch 3840/8072 | Loss: 0.7237 | LR: 9.99e-05
Epoch 3/25 | Batch 3880/8072 | Loss: 0.7490 | LR: 9.99e-05
Epoch 3/25 | Batch 3920/8072 | Loss: 0.7284 | LR: 9.99e-05
Epoch 3/25 | Batch 3960/8072 | Loss: 0.7106 | LR: 9.99e-05
Epoch 3/25 | Batch 4000/8072 | Loss: 0.7075 | LR: 9.99e-05
Epoch 3/25 | Batch 4040/8072 | Loss: 0.7568 | LR: 9.99e-05
Epoch 3/25 | Batch 4080/8072 | Loss: 0.7796 | LR: 9.99e-05
Epoch 3/25 | Batch 4120/8072 | Loss: 0.7076 | LR: 9.99e-05
Epoch 3/25 | Batch 4160/8072 | Loss: 0.7006 | LR: 9.99e-05
Epoch 3/25 | Batch 4200/8072 | Loss: 0.7125 | LR: 9.99e-05
Epoch 3/25 | Batch 4240/8072 | Loss: 0.7042 | LR: 9.99e-05
Epoch 3/25 | Batch 4280/8072 | Loss: 0.7099 | LR: 9.99e-05
Epoch 3/25 | Batch 4320/8072 | Loss: 0.6943 | LR: 9.99e-05
Epoch 3/25 | Batch 4360/8072 | Loss: 0.7138 | LR: 9.99e-05
Epoch 3/25 | Batch 4400/8072 | Loss: 0.6908 | LR: 9.99e-05
Epoch 3/25 | Batch 4440/8072 | Loss: 0.7104 | LR: 9.99e-05
Epoch 3/25 | Batch 4480/8072 | Loss: 0.7608 | LR: 9.99e-05
Epoch 3/25 | Batch 4520/8072 | Loss: 0.7839 | LR: 9.99e-05
Epoch 3/25 | Batch 4560/8072 | Loss: 0.6974 | LR: 9.99e-05
Epoch 3/25 | Batch 4600/8072 | Loss: 0.7003 | LR: 9.99e-05
Epoch 3/25 | Batch 4640/8072 | Loss: 0.6991 | LR: 9.98e-05
Epoch 3/25 | Batch 4680/8072 | Loss: 0.7106 | LR: 9.98e-05
Epoch 3/25 | Batch 4720/8072 | Loss: 0.7024 | LR: 9.98e-05
Epoch 3/25 | Batch 4760/8072 | Loss: 0.7985 | LR: 9.98e-05
Epoch 3/25 | Batch 4800/8072 | Loss: 0.6928 | LR: 9.98e-05
Epoch 3/25 | Batch 4840/8072 | Loss: 0.7575 | LR: 9.98e-05
Epoch 3/25 | Batch 4880/8072 | Loss: 0.7213 | LR: 9.98e-05
Epoch 3/25 | Batch 4920/8072 | Loss: 0.6942 | LR: 9.98e-05
Epoch 3/25 | Batch 4960/8072 | Loss: 0.6899 | LR: 9.98e-05
Epoch 3/25 | Batch 5000/8072 | Loss: 0.7378 | LR: 9.98e-05
Epoch 3/25 | Batch 5040/8072 | Loss: 0.7035 | LR: 9.98e-05
Epoch 3/25 | Batch 5080/8072 | Loss: 0.7045 | LR: 9.98e-05
Epoch 3/25 | Batch 5120/8072 | Loss: 0.7096 | LR: 9.98e-05
Epoch 3/25 | Batch 5160/8072 | Loss: 0.7195 | LR: 9.98e-05
Epoch 3/25 | Batch 5200/8072 | Loss: 0.6881 | LR: 9.98e-05
Epoch 3/25 | Batch 5240/8072 | Loss: 0.7409 | LR: 9.98e-05
Epoch 3/25 | Batch 5280/8072 | Loss: 0.7193 | LR: 9.98e-05
Epoch 3/25 | Batch 5320/8072 | Loss: 0.6983 | LR: 9.98e-05
Epoch 3/25 | Batch 5360/8072 | Loss: 0.7612 | LR: 9.98e-05
Epoch 3/25 | Batch 5400/8072 | Loss: 0.7323 | LR: 9.98e-05
Epoch 3/25 | Batch 5440/8072 | Loss: 0.6947 | LR: 9.98e-05
Epoch 3/25 | Batch 5480/8072 | Loss: 0.7025 | LR: 9.98e-05
Epoch 3/25 | Batch 5520/8072 | Loss: 0.6937 | LR: 9.98e-05
Epoch 3/25 | Batch 5560/8072 | Loss: 0.7025 | LR: 9.98e-05
Epoch 3/25 | Batch 5600/8072 | Loss: 0.7351 | LR: 9.98e-05
Epoch 3/25 | Batch 5640/8072 | Loss: 0.7503 | LR: 9.98e-05
Epoch 3/25 | Batch 5680/8072 | Loss: 0.7464 | LR: 9.98e-05
Epoch 3/25 | Batch 5720/8072 | Loss: 0.7328 | LR: 9.98e-05
Epoch 3/25 | Batch 5760/8072 | Loss: 0.7360 | LR: 9.98e-05
Epoch 3/25 | Batch 5800/8072 | Loss: 0.7905 | LR: 9.98e-05
Epoch 3/25 | Batch 5840/8072 | Loss: 0.7160 | LR: 9.98e-05
Epoch 3/25 | Batch 5880/8072 | Loss: 0.7127 | LR: 9.98e-05
Epoch 3/25 | Batch 5920/8072 | Loss: 0.7129 | LR: 9.98e-05
Epoch 3/25 | Batch 5960/8072 | Loss: 0.7480 | LR: 9.97e-05
Epoch 3/25 | Batch 6000/8072 | Loss: 0.7095 | LR: 9.97e-05
Epoch 3/25 | Batch 6040/8072 | Loss: 0.7102 | LR: 9.97e-05
Epoch 3/25 | Batch 6080/8072 | Loss: 0.7106 | LR: 9.97e-05
Epoch 3/25 | Batch 6120/8072 | Loss: 0.7139 | LR: 9.97e-05
Epoch 3/25 | Batch 6160/8072 | Loss: 0.7610 | LR: 9.97e-05
Epoch 3/25 | Batch 6200/8072 | Loss: 0.6837 | LR: 9.97e-05
Epoch 3/25 | Batch 6240/8072 | Loss: 0.6994 | LR: 9.97e-05
Epoch 3/25 | Batch 6280/8072 | Loss: 0.7438 | LR: 9.97e-05
Epoch 3/25 | Batch 6320/8072 | Loss: 0.7303 | LR: 9.97e-05
Epoch 3/25 | Batch 6360/8072 | Loss: 0.7412 | LR: 9.97e-05
Epoch 3/25 | Batch 6400/8072 | Loss: 0.7094 | LR: 9.97e-05
Epoch 3/25 | Batch 6440/8072 | Loss: 0.7284 | LR: 9.97e-05
Epoch 3/25 | Batch 6480/8072 | Loss: 0.7071 | LR: 9.97e-05
Epoch 3/25 | Batch 6520/8072 | Loss: 0.7431 | LR: 9.97e-05
Epoch 3/25 | Batch 6560/8072 | Loss: 0.7119 | LR: 9.97e-05
Epoch 3/25 | Batch 6600/8072 | Loss: 0.7680 | LR: 9.97e-05
Epoch 3/25 | Batch 6640/8072 | Loss: 0.7132 | LR: 9.97e-05
Epoch 3/25 | Batch 6680/8072 | Loss: 0.7700 | LR: 9.97e-05
Epoch 3/25 | Batch 6720/8072 | Loss: 0.6985 | LR: 9.97e-05
Epoch 3/25 | Batch 6760/8072 | Loss: 0.7345 | LR: 9.97e-05
Epoch 3/25 | Batch 6800/8072 | Loss: 0.7120 | LR: 9.97e-05
Epoch 3/25 | Batch 6840/8072 | Loss: 0.7306 | LR: 9.97e-05
Epoch 3/25 | Batch 6880/8072 | Loss: 0.7357 | LR: 9.97e-05
Epoch 3/25 | Batch 6920/8072 | Loss: 0.7307 | LR: 9.97e-05
Epoch 3/25 | Batch 6960/8072 | Loss: 0.7131 | LR: 9.97e-05
Epoch 3/25 | Batch 7000/8072 | Loss: 0.7082 | LR: 9.97e-05
Epoch 3/25 | Batch 7040/8072 | Loss: 0.7098 | LR: 9.96e-05
Epoch 3/25 | Batch 7080/8072 | Loss: 0.7045 | LR: 9.96e-05
Epoch 3/25 | Batch 7120/8072 | Loss: 0.6877 | LR: 9.96e-05
Epoch 3/25 | Batch 7160/8072 | Loss: 0.7706 | LR: 9.96e-05
Epoch 3/25 | Batch 7200/8072 | Loss: 0.6990 | LR: 9.96e-05
Epoch 3/25 | Batch 7240/8072 | Loss: 0.7683 | LR: 9.96e-05
Epoch 3/25 | Batch 7280/8072 | Loss: 0.7403 | LR: 9.96e-05
Epoch 3/25 | Batch 7320/8072 | Loss: 0.6900 | LR: 9.96e-05
Epoch 3/25 | Batch 7360/8072 | Loss: 0.7649 | LR: 9.96e-05
Epoch 3/25 | Batch 7400/8072 | Loss: 0.7312 | LR: 9.96e-05
Epoch 3/25 | Batch 7440/8072 | Loss: 0.7018 | LR: 9.96e-05
Epoch 3/25 | Batch 7480/8072 | Loss: 0.7650 | LR: 9.96e-05
Epoch 3/25 | Batch 7520/8072 | Loss: 0.7599 | LR: 9.96e-05
Epoch 3/25 | Batch 7560/8072 | Loss: 0.7400 | LR: 9.96e-05
Epoch 3/25 | Batch 7600/8072 | Loss: 0.6948 | LR: 9.96e-05
Epoch 3/25 | Batch 7640/8072 | Loss: 0.7089 | LR: 9.96e-05
Epoch 3/25 | Batch 7680/8072 | Loss: 0.7384 | LR: 9.96e-05
Epoch 3/25 | Batch 7720/8072 | Loss: 0.7059 | LR: 9.96e-05
Epoch 3/25 | Batch 7760/8072 | Loss: 0.7781 | LR: 9.96e-05
Epoch 3/25 | Batch 7800/8072 | Loss: 0.6884 | LR: 9.96e-05
Epoch 3/25 | Batch 7840/8072 | Loss: 0.7003 | LR: 9.96e-05
Epoch 3/25 | Batch 7880/8072 | Loss: 0.7944 | LR: 9.96e-05
Epoch 3/25 | Batch 7920/8072 | Loss: 0.7083 | LR: 9.96e-05
Epoch 3/25 | Batch 7960/8072 | Loss: 0.6958 | LR: 9.96e-05
Epoch 3/25 | Batch 8000/8072 | Loss: 0.7054 | LR: 9.95e-05
Epoch 3/25 | Batch 8040/8072 | Loss: 0.6993 | LR: 9.95e-05
  Sample - Pred: [34, 40, 20, 2, 23, 40, 22, 18, 40, 10, 3, 40, 20, 13, 21] | True: [34, 40, 20, 2, 23, 40, 29, 18, 40, 10, 3, 40, 20, 25, 9]

Epoch 3 Summary:
  Train Loss: 0.7276
  Val Loss: 0.7406
  PER: 0.3205
  Avg LR: 9.98e-05
------------------------------------------------------------
  ** New best model saved! PER: 0.3205
Epoch 4/25 | Batch 0/8072 | Loss: 0.7183 | LR: 9.95e-05
Epoch 4/25 | Batch 40/8072 | Loss: 0.7049 | LR: 9.95e-05
Epoch 4/25 | Batch 80/8072 | Loss: 0.7183 | LR: 9.95e-05
Epoch 4/25 | Batch 120/8072 | Loss: 0.7196 | LR: 9.95e-05
Epoch 4/25 | Batch 160/8072 | Loss: 0.7555 | LR: 9.95e-05
Epoch 4/25 | Batch 200/8072 | Loss: 0.6975 | LR: 9.95e-05
Epoch 4/25 | Batch 240/8072 | Loss: 0.6853 | LR: 9.95e-05
Epoch 4/25 | Batch 280/8072 | Loss: 0.6851 | LR: 9.95e-05
Epoch 4/25 | Batch 320/8072 | Loss: 0.6907 | LR: 9.95e-05
Epoch 4/25 | Batch 360/8072 | Loss: 0.7286 | LR: 9.95e-05
Epoch 4/25 | Batch 400/8072 | Loss: 0.6891 | LR: 9.95e-05
Epoch 4/25 | Batch 440/8072 | Loss: 0.7224 | LR: 9.95e-05
Epoch 4/25 | Batch 480/8072 | Loss: 0.6993 | LR: 9.95e-05
Epoch 4/25 | Batch 520/8072 | Loss: 0.6905 | LR: 9.95e-05
Epoch 4/25 | Batch 560/8072 | Loss: 0.6947 | LR: 9.95e-05
Epoch 4/25 | Batch 600/8072 | Loss: 0.7044 | LR: 9.95e-05
Epoch 4/25 | Batch 640/8072 | Loss: 0.7709 | LR: 9.95e-05
Epoch 4/25 | Batch 680/8072 | Loss: 0.7517 | LR: 9.95e-05
Epoch 4/25 | Batch 720/8072 | Loss: 0.7089 | LR: 9.95e-05
Epoch 4/25 | Batch 760/8072 | Loss: 0.6898 | LR: 9.94e-05
Epoch 4/25 | Batch 800/8072 | Loss: 0.6974 | LR: 9.94e-05
Epoch 4/25 | Batch 840/8072 | Loss: 0.7742 | LR: 9.94e-05
Epoch 4/25 | Batch 880/8072 | Loss: 0.6966 | LR: 9.94e-05
Epoch 4/25 | Batch 920/8072 | Loss: 0.6909 | LR: 9.94e-05
Epoch 4/25 | Batch 960/8072 | Loss: 0.7024 | LR: 9.94e-05
Epoch 4/25 | Batch 1000/8072 | Loss: 0.6857 | LR: 9.94e-05
Epoch 4/25 | Batch 1040/8072 | Loss: 0.6889 | LR: 9.94e-05
Epoch 4/25 | Batch 1080/8072 | Loss: 0.7150 | LR: 9.94e-05
Epoch 4/25 | Batch 1120/8072 | Loss: 0.7283 | LR: 9.94e-05
Epoch 4/25 | Batch 1160/8072 | Loss: 0.7856 | LR: 9.94e-05
Epoch 4/25 | Batch 1200/8072 | Loss: 0.7031 | LR: 9.94e-05
Epoch 4/25 | Batch 1240/8072 | Loss: 0.7196 | LR: 9.94e-05
Epoch 4/25 | Batch 1280/8072 | Loss: 0.7113 | LR: 9.94e-05
Epoch 4/25 | Batch 1320/8072 | Loss: 0.7156 | LR: 9.94e-05
Epoch 4/25 | Batch 1360/8072 | Loss: 0.7301 | LR: 9.94e-05
Epoch 4/25 | Batch 1400/8072 | Loss: 0.7059 | LR: 9.94e-05
Epoch 4/25 | Batch 1440/8072 | Loss: 0.6863 | LR: 9.94e-05
Epoch 4/25 | Batch 1480/8072 | Loss: 0.7430 | LR: 9.94e-05
Epoch 4/25 | Batch 1520/8072 | Loss: 0.7208 | LR: 9.93e-05
Epoch 4/25 | Batch 1560/8072 | Loss: 0.7200 | LR: 9.93e-05
Epoch 4/25 | Batch 1600/8072 | Loss: 0.7121 | LR: 9.93e-05
Epoch 4/25 | Batch 1640/8072 | Loss: 0.6897 | LR: 9.93e-05
Epoch 4/25 | Batch 1680/8072 | Loss: 0.6948 | LR: 9.93e-05
Epoch 4/25 | Batch 1720/8072 | Loss: 0.6977 | LR: 9.93e-05
Epoch 4/25 | Batch 1760/8072 | Loss: 0.7119 | LR: 9.93e-05
Epoch 4/25 | Batch 1800/8072 | Loss: 0.6945 | LR: 9.93e-05
Epoch 4/25 | Batch 1840/8072 | Loss: 0.7043 | LR: 9.93e-05
Epoch 4/25 | Batch 1880/8072 | Loss: 0.7129 | LR: 9.93e-05
Epoch 4/25 | Batch 1920/8072 | Loss: 0.6943 | LR: 9.93e-05
Epoch 4/25 | Batch 1960/8072 | Loss: 0.6974 | LR: 9.93e-05
Epoch 4/25 | Batch 2000/8072 | Loss: 0.7095 | LR: 9.93e-05
Epoch 4/25 | Batch 2040/8072 | Loss: 0.7362 | LR: 9.93e-05
Epoch 4/25 | Batch 2080/8072 | Loss: 0.7584 | LR: 9.93e-05
Epoch 4/25 | Batch 2120/8072 | Loss: 0.6895 | LR: 9.93e-05
Epoch 4/25 | Batch 2160/8072 | Loss: 0.6949 | LR: 9.93e-05
Epoch 4/25 | Batch 2200/8072 | Loss: 0.7422 | LR: 9.93e-05
Epoch 4/25 | Batch 2240/8072 | Loss: 0.7061 | LR: 9.92e-05
Epoch 4/25 | Batch 2280/8072 | Loss: 0.6935 | LR: 9.92e-05
Epoch 4/25 | Batch 2320/8072 | Loss: 0.7258 | LR: 9.92e-05
Epoch 4/25 | Batch 2360/8072 | Loss: 0.7135 | LR: 9.92e-05
Epoch 4/25 | Batch 2400/8072 | Loss: 0.7553 | LR: 9.92e-05
Epoch 4/25 | Batch 2440/8072 | Loss: 0.7196 | LR: 9.92e-05
Epoch 4/25 | Batch 2480/8072 | Loss: 0.7902 | LR: 9.92e-05
Epoch 4/25 | Batch 2520/8072 | Loss: 0.7053 | LR: 9.92e-05
Epoch 4/25 | Batch 2560/8072 | Loss: 0.7126 | LR: 9.92e-05
Epoch 4/25 | Batch 2600/8072 | Loss: 0.6867 | LR: 9.92e-05
Epoch 4/25 | Batch 2640/8072 | Loss: 0.7058 | LR: 9.92e-05
Epoch 4/25 | Batch 2680/8072 | Loss: 0.7276 | LR: 9.92e-05
Epoch 4/25 | Batch 2720/8072 | Loss: 0.7003 | LR: 9.92e-05
Epoch 4/25 | Batch 2760/8072 | Loss: 0.6914 | LR: 9.92e-05
Epoch 4/25 | Batch 2800/8072 | Loss: 0.7172 | LR: 9.92e-05
Epoch 4/25 | Batch 2840/8072 | Loss: 0.7380 | LR: 9.92e-05
Epoch 4/25 | Batch 2880/8072 | Loss: 0.7385 | LR: 9.92e-05
Epoch 4/25 | Batch 2920/8072 | Loss: 0.6895 | LR: 9.91e-05
Epoch 4/25 | Batch 2960/8072 | Loss: 0.6922 | LR: 9.91e-05
Epoch 4/25 | Batch 3000/8072 | Loss: 0.6991 | LR: 9.91e-05
Epoch 4/25 | Batch 3040/8072 | Loss: 0.7572 | LR: 9.91e-05
Epoch 4/25 | Batch 3080/8072 | Loss: 0.7259 | LR: 9.91e-05
Epoch 4/25 | Batch 3120/8072 | Loss: 0.7038 | LR: 9.91e-05
Epoch 4/25 | Batch 3160/8072 | Loss: 0.7354 | LR: 9.91e-05
Epoch 4/25 | Batch 3200/8072 | Loss: 0.6934 | LR: 9.91e-05
Epoch 4/25 | Batch 3240/8072 | Loss: 0.6882 | LR: 9.91e-05
Epoch 4/25 | Batch 3280/8072 | Loss: 0.7184 | LR: 9.91e-05
Epoch 4/25 | Batch 3320/8072 | Loss: 0.6924 | LR: 9.91e-05
Epoch 4/25 | Batch 3360/8072 | Loss: 0.7039 | LR: 9.91e-05
Epoch 4/25 | Batch 3400/8072 | Loss: 0.6966 | LR: 9.91e-05
Epoch 4/25 | Batch 3440/8072 | Loss: 0.7039 | LR: 9.91e-05
Epoch 4/25 | Batch 3480/8072 | Loss: 0.9075 | LR: 9.91e-05
Epoch 4/25 | Batch 3520/8072 | Loss: 0.6885 | LR: 9.91e-05
Epoch 4/25 | Batch 3560/8072 | Loss: 0.7170 | LR: 9.90e-05
Epoch 4/25 | Batch 3600/8072 | Loss: 0.7026 | LR: 9.90e-05
Epoch 4/25 | Batch 3640/8072 | Loss: 0.7429 | LR: 9.90e-05
Epoch 4/25 | Batch 3680/8072 | Loss: 0.7117 | LR: 9.90e-05
Epoch 4/25 | Batch 3720/8072 | Loss: 0.7137 | LR: 9.90e-05
Epoch 4/25 | Batch 3760/8072 | Loss: 0.7164 | LR: 9.90e-05
Epoch 4/25 | Batch 3800/8072 | Loss: 0.7103 | LR: 9.90e-05
Epoch 4/25 | Batch 3840/8072 | Loss: 0.6859 | LR: 9.90e-05
Epoch 4/25 | Batch 3880/8072 | Loss: 0.7380 | LR: 9.90e-05
Epoch 4/25 | Batch 3920/8072 | Loss: 0.7220 | LR: 9.90e-05
Epoch 4/25 | Batch 3960/8072 | Loss: 0.7259 | LR: 9.90e-05
Epoch 4/25 | Batch 4000/8072 | Loss: 0.7216 | LR: 9.90e-05
Epoch 4/25 | Batch 4040/8072 | Loss: 0.7015 | LR: 9.90e-05
Epoch 4/25 | Batch 4080/8072 | Loss: 0.7188 | LR: 9.90e-05
Epoch 4/25 | Batch 4120/8072 | Loss: 0.7215 | LR: 9.90e-05
Epoch 4/25 | Batch 4160/8072 | Loss: 0.6946 | LR: 9.89e-05
Epoch 4/25 | Batch 4200/8072 | Loss: 0.7060 | LR: 9.89e-05
Epoch 4/25 | Batch 4240/8072 | Loss: 0.7019 | LR: 9.89e-05
Epoch 4/25 | Batch 4280/8072 | Loss: 0.6956 | LR: 9.89e-05
Epoch 4/25 | Batch 4320/8072 | Loss: 0.7053 | LR: 9.89e-05
Epoch 4/25 | Batch 4360/8072 | Loss: 0.6918 | LR: 9.89e-05
Epoch 4/25 | Batch 4400/8072 | Loss: 0.7460 | LR: 9.89e-05
Epoch 4/25 | Batch 4440/8072 | Loss: 0.6932 | LR: 9.89e-05
Epoch 4/25 | Batch 4480/8072 | Loss: 0.7041 | LR: 9.89e-05
Epoch 4/25 | Batch 4520/8072 | Loss: 0.7402 | LR: 9.89e-05
Epoch 4/25 | Batch 4560/8072 | Loss: 0.7601 | LR: 9.89e-05
Epoch 4/25 | Batch 4600/8072 | Loss: 0.6971 | LR: 9.89e-05
Epoch 4/25 | Batch 4640/8072 | Loss: 0.7113 | LR: 9.89e-05
Epoch 4/25 | Batch 4680/8072 | Loss: 0.6879 | LR: 9.89e-05
Epoch 4/25 | Batch 4720/8072 | Loss: 0.6978 | LR: 9.88e-05
Epoch 4/25 | Batch 4760/8072 | Loss: 0.7055 | LR: 9.88e-05
Epoch 4/25 | Batch 4800/8072 | Loss: 0.7212 | LR: 9.88e-05
Epoch 4/25 | Batch 4840/8072 | Loss: 0.7658 | LR: 9.88e-05
Epoch 4/25 | Batch 4880/8072 | Loss: 0.6893 | LR: 9.88e-05
Epoch 4/25 | Batch 4920/8072 | Loss: 0.7681 | LR: 9.88e-05
Epoch 4/25 | Batch 4960/8072 | Loss: 0.6955 | LR: 9.88e-05
Epoch 4/25 | Batch 5000/8072 | Loss: 0.7103 | LR: 9.88e-05
Epoch 4/25 | Batch 5040/8072 | Loss: 0.7506 | LR: 9.88e-05
Epoch 4/25 | Batch 5080/8072 | Loss: 0.7034 | LR: 9.88e-05
Epoch 4/25 | Batch 5120/8072 | Loss: 0.7244 | LR: 9.88e-05
Epoch 4/25 | Batch 5160/8072 | Loss: 0.7060 | LR: 9.88e-05
Epoch 4/25 | Batch 5200/8072 | Loss: 0.7055 | LR: 9.88e-05
Epoch 4/25 | Batch 5240/8072 | Loss: 0.7147 | LR: 9.87e-05
Epoch 4/25 | Batch 5280/8072 | Loss: 0.6919 | LR: 9.87e-05
Epoch 4/25 | Batch 5320/8072 | Loss: 0.7700 | LR: 9.87e-05
Epoch 4/25 | Batch 5360/8072 | Loss: 0.7278 | LR: 9.87e-05
Epoch 4/25 | Batch 5400/8072 | Loss: 0.7395 | LR: 9.87e-05
Epoch 4/25 | Batch 5440/8072 | Loss: 0.7009 | LR: 9.87e-05
Epoch 4/25 | Batch 5480/8072 | Loss: 0.7028 | LR: 9.87e-05
Epoch 4/25 | Batch 5520/8072 | Loss: 0.7097 | LR: 9.87e-05
Epoch 4/25 | Batch 5560/8072 | Loss: 0.7227 | LR: 9.87e-05
Epoch 4/25 | Batch 5600/8072 | Loss: 0.6996 | LR: 9.87e-05
Epoch 4/25 | Batch 5640/8072 | Loss: 0.6884 | LR: 9.87e-05
Epoch 4/25 | Batch 5680/8072 | Loss: 0.7434 | LR: 9.87e-05
Epoch 4/25 | Batch 5720/8072 | Loss: 0.6841 | LR: 9.87e-05
Epoch 4/25 | Batch 5760/8072 | Loss: 0.6965 | LR: 9.87e-05
Epoch 4/25 | Batch 5800/8072 | Loss: 0.6876 | LR: 9.86e-05
Epoch 4/25 | Batch 5840/8072 | Loss: 0.7117 | LR: 9.86e-05
Epoch 4/25 | Batch 5880/8072 | Loss: 0.6958 | LR: 9.86e-05
Epoch 4/25 | Batch 5920/8072 | Loss: 0.6853 | LR: 9.86e-05
Epoch 4/25 | Batch 5960/8072 | Loss: 0.7508 | LR: 9.86e-05
Epoch 4/25 | Batch 6000/8072 | Loss: 0.7444 | LR: 9.86e-05
Epoch 4/25 | Batch 6040/8072 | Loss: 0.6977 | LR: 9.86e-05
Epoch 4/25 | Batch 6080/8072 | Loss: 0.6895 | LR: 9.86e-05
Epoch 4/25 | Batch 6120/8072 | Loss: 0.7065 | LR: 9.86e-05
Epoch 4/25 | Batch 6160/8072 | Loss: 0.6923 | LR: 9.86e-05
Epoch 4/25 | Batch 6200/8072 | Loss: 0.7260 | LR: 9.86e-05
Epoch 4/25 | Batch 6240/8072 | Loss: 0.6987 | LR: 9.86e-05
Epoch 4/25 | Batch 6280/8072 | Loss: 0.7007 | LR: 9.85e-05
Epoch 4/25 | Batch 6320/8072 | Loss: 0.7218 | LR: 9.85e-05
Epoch 4/25 | Batch 6360/8072 | Loss: 0.6964 | LR: 9.85e-05
Epoch 4/25 | Batch 6400/8072 | Loss: 0.6996 | LR: 9.85e-05
Epoch 4/25 | Batch 6440/8072 | Loss: 0.7061 | LR: 9.85e-05
Epoch 4/25 | Batch 6480/8072 | Loss: 0.7038 | LR: 9.85e-05
Epoch 4/25 | Batch 6520/8072 | Loss: 0.7129 | LR: 9.85e-05
Epoch 4/25 | Batch 6560/8072 | Loss: 0.6894 | LR: 9.85e-05
Epoch 4/25 | Batch 6600/8072 | Loss: 0.7008 | LR: 9.85e-05
Epoch 4/25 | Batch 6640/8072 | Loss: 0.6883 | LR: 9.85e-05
Epoch 4/25 | Batch 6680/8072 | Loss: 0.6927 | LR: 9.85e-05
Epoch 4/25 | Batch 6720/8072 | Loss: 0.6933 | LR: 9.85e-05
Epoch 4/25 | Batch 6760/8072 | Loss: 0.7029 | LR: 9.84e-05
Epoch 4/25 | Batch 6800/8072 | Loss: 0.7012 | LR: 9.84e-05
Epoch 4/25 | Batch 6840/8072 | Loss: 0.6862 | LR: 9.84e-05
Epoch 4/25 | Batch 6880/8072 | Loss: 0.7782 | LR: 9.84e-05
Epoch 4/25 | Batch 6920/8072 | Loss: 0.6848 | LR: 9.84e-05
Epoch 4/25 | Batch 6960/8072 | Loss: 0.7277 | LR: 9.84e-05
Epoch 4/25 | Batch 7000/8072 | Loss: 0.7322 | LR: 9.84e-05
Epoch 4/25 | Batch 7040/8072 | Loss: 0.7155 | LR: 9.84e-05
Epoch 4/25 | Batch 7080/8072 | Loss: 0.6919 | LR: 9.84e-05
Epoch 4/25 | Batch 7120/8072 | Loss: 0.7083 | LR: 9.84e-05
Epoch 4/25 | Batch 7160/8072 | Loss: 0.7071 | LR: 9.84e-05
Epoch 4/25 | Batch 7200/8072 | Loss: 0.7279 | LR: 9.84e-05
Epoch 4/25 | Batch 7240/8072 | Loss: 0.7294 | LR: 9.83e-05
Epoch 4/25 | Batch 7280/8072 | Loss: 0.7330 | LR: 9.83e-05
Epoch 4/25 | Batch 7320/8072 | Loss: 0.6892 | LR: 9.83e-05
Epoch 4/25 | Batch 7360/8072 | Loss: 0.7188 | LR: 9.83e-05
Epoch 4/25 | Batch 7400/8072 | Loss: 0.7320 | LR: 9.83e-05
Epoch 4/25 | Batch 7440/8072 | Loss: 0.6893 | LR: 9.83e-05
Epoch 4/25 | Batch 7480/8072 | Loss: 0.7568 | LR: 9.83e-05
Epoch 4/25 | Batch 7520/8072 | Loss: 0.7476 | LR: 9.83e-05
Epoch 4/25 | Batch 7560/8072 | Loss: 0.7150 | LR: 9.83e-05
Epoch 4/25 | Batch 7600/8072 | Loss: 0.6996 | LR: 9.83e-05
Epoch 4/25 | Batch 7640/8072 | Loss: 0.7496 | LR: 9.83e-05
Epoch 4/25 | Batch 7680/8072 | Loss: 0.7734 | LR: 9.83e-05
Epoch 4/25 | Batch 7720/8072 | Loss: 0.7185 | LR: 9.82e-05
Epoch 4/25 | Batch 7760/8072 | Loss: 0.7075 | LR: 9.82e-05
Epoch 4/25 | Batch 7800/8072 | Loss: 0.6871 | LR: 9.82e-05
Epoch 4/25 | Batch 7840/8072 | Loss: 0.7439 | LR: 9.82e-05
Epoch 4/25 | Batch 7880/8072 | Loss: 0.6962 | LR: 9.82e-05
Epoch 4/25 | Batch 7920/8072 | Loss: 0.7098 | LR: 9.82e-05
Epoch 4/25 | Batch 7960/8072 | Loss: 0.7061 | LR: 9.82e-05
Epoch 4/25 | Batch 8000/8072 | Loss: 0.7155 | LR: 9.82e-05
Epoch 4/25 | Batch 8040/8072 | Loss: 0.6842 | LR: 9.82e-05
  Sample - Pred: [34, 40, 20, 2, 23, 40, 31, 18, 40, 20, 3, 40, 20, 3, 21] | True: [34, 40, 20, 2, 23, 40, 29, 18, 40, 10, 3, 40, 20, 25, 9]

Epoch 4 Summary:
  Train Loss: 0.7156
  Val Loss: 0.7265
  PER: 0.2639
  Avg LR: 9.89e-05
------------------------------------------------------------
  ** New best model saved! PER: 0.2639
Epoch 5/25 | Batch 0/8072 | Loss: 0.6930 | LR: 9.82e-05
Epoch 5/25 | Batch 40/8072 | Loss: 0.6968 | LR: 9.82e-05
Epoch 5/25 | Batch 80/8072 | Loss: 0.6832 | LR: 9.81e-05
Epoch 5/25 | Batch 120/8072 | Loss: 0.7076 | LR: 9.81e-05
Epoch 5/25 | Batch 160/8072 | Loss: 0.7035 | LR: 9.81e-05
Epoch 5/25 | Batch 200/8072 | Loss: 0.7049 | LR: 9.81e-05
Epoch 5/25 | Batch 240/8072 | Loss: 0.6891 | LR: 9.81e-05
Epoch 5/25 | Batch 280/8072 | Loss: 0.6851 | LR: 9.81e-05
Epoch 5/25 | Batch 320/8072 | Loss: 0.7076 | LR: 9.81e-05
Epoch 5/25 | Batch 360/8072 | Loss: 0.7363 | LR: 9.81e-05
Epoch 5/25 | Batch 400/8072 | Loss: 0.6867 | LR: 9.81e-05
Epoch 5/25 | Batch 440/8072 | Loss: 0.7070 | LR: 9.81e-05
Epoch 5/25 | Batch 480/8072 | Loss: 0.7016 | LR: 9.81e-05
Epoch 5/25 | Batch 520/8072 | Loss: 0.6859 | LR: 9.80e-05
Epoch 5/25 | Batch 560/8072 | Loss: 0.7177 | LR: 9.80e-05
Epoch 5/25 | Batch 600/8072 | Loss: 0.7019 | LR: 9.80e-05
Epoch 5/25 | Batch 640/8072 | Loss: 0.6975 | LR: 9.80e-05
Epoch 5/25 | Batch 680/8072 | Loss: 0.7005 | LR: 9.80e-05
Epoch 5/25 | Batch 720/8072 | Loss: 0.7038 | LR: 9.80e-05
Epoch 5/25 | Batch 760/8072 | Loss: 0.6946 | LR: 9.80e-05
Epoch 5/25 | Batch 800/8072 | Loss: 0.6889 | LR: 9.80e-05
Epoch 5/25 | Batch 840/8072 | Loss: 0.6896 | LR: 9.80e-05
Epoch 5/25 | Batch 880/8072 | Loss: 0.7231 | LR: 9.80e-05
Epoch 5/25 | Batch 920/8072 | Loss: 0.6900 | LR: 9.80e-05
Epoch 5/25 | Batch 960/8072 | Loss: 0.7126 | LR: 9.79e-05
Epoch 5/25 | Batch 1000/8072 | Loss: 0.6929 | LR: 9.79e-05
Epoch 5/25 | Batch 1040/8072 | Loss: 0.7083 | LR: 9.79e-05
Epoch 5/25 | Batch 1080/8072 | Loss: 0.7106 | LR: 9.79e-05
Epoch 5/25 | Batch 1120/8072 | Loss: 0.6876 | LR: 9.79e-05
Epoch 5/25 | Batch 1160/8072 | Loss: 0.6930 | LR: 9.79e-05
Epoch 5/25 | Batch 1200/8072 | Loss: 0.7056 | LR: 9.79e-05
Epoch 5/25 | Batch 1240/8072 | Loss: 0.6979 | LR: 9.79e-05
Epoch 5/25 | Batch 1280/8072 | Loss: 0.6999 | LR: 9.79e-05
Epoch 5/25 | Batch 1320/8072 | Loss: 0.6979 | LR: 9.79e-05
Epoch 5/25 | Batch 1360/8072 | Loss: 0.7052 | LR: 9.78e-05
Epoch 5/25 | Batch 1400/8072 | Loss: 0.6916 | LR: 9.78e-05
Epoch 5/25 | Batch 1440/8072 | Loss: 0.6819 | LR: 9.78e-05
Epoch 5/25 | Batch 1480/8072 | Loss: 0.6886 | LR: 9.78e-05
Epoch 5/25 | Batch 1520/8072 | Loss: 0.7366 | LR: 9.78e-05
Epoch 5/25 | Batch 1560/8072 | Loss: 0.7028 | LR: 9.78e-05
Epoch 5/25 | Batch 1600/8072 | Loss: 0.6837 | LR: 9.78e-05
Epoch 5/25 | Batch 1640/8072 | Loss: 0.6858 | LR: 9.78e-05
Epoch 5/25 | Batch 1680/8072 | Loss: 0.7778 | LR: 9.78e-05
Epoch 5/25 | Batch 1720/8072 | Loss: 0.6825 | LR: 9.78e-05
Epoch 5/25 | Batch 1760/8072 | Loss: 0.7133 | LR: 9.77e-05
Epoch 5/25 | Batch 1800/8072 | Loss: 0.7121 | LR: 9.77e-05
Epoch 5/25 | Batch 1840/8072 | Loss: 0.6967 | LR: 9.77e-05
Epoch 5/25 | Batch 1880/8072 | Loss: 0.6963 | LR: 9.77e-05
Epoch 5/25 | Batch 1920/8072 | Loss: 0.7283 | LR: 9.77e-05
Epoch 5/25 | Batch 1960/8072 | Loss: 0.7013 | LR: 9.77e-05
Epoch 5/25 | Batch 2000/8072 | Loss: 0.6891 | LR: 9.77e-05
Epoch 5/25 | Batch 2040/8072 | Loss: 0.7011 | LR: 9.77e-05
Epoch 5/25 | Batch 2080/8072 | Loss: 0.7154 | LR: 9.77e-05
Epoch 5/25 | Batch 2120/8072 | Loss: 0.7084 | LR: 9.77e-05
Epoch 5/25 | Batch 2160/8072 | Loss: 0.7087 | LR: 9.76e-05
Epoch 5/25 | Batch 2200/8072 | Loss: 0.6840 | LR: 9.76e-05
Epoch 5/25 | Batch 2240/8072 | Loss: 0.6951 | LR: 9.76e-05
Epoch 5/25 | Batch 2280/8072 | Loss: 0.7629 | LR: 9.76e-05
Epoch 5/25 | Batch 2320/8072 | Loss: 0.6957 | LR: 9.76e-05
Epoch 5/25 | Batch 2360/8072 | Loss: 0.7140 | LR: 9.76e-05
Epoch 5/25 | Batch 2400/8072 | Loss: 0.7241 | LR: 9.76e-05
Epoch 5/25 | Batch 2440/8072 | Loss: 0.6952 | LR: 9.76e-05
Epoch 5/25 | Batch 2480/8072 | Loss: 0.6868 | LR: 9.76e-05
Epoch 5/25 | Batch 2520/8072 | Loss: 0.6969 | LR: 9.76e-05
Epoch 5/25 | Batch 2560/8072 | Loss: 0.6846 | LR: 9.75e-05
Epoch 5/25 | Batch 2600/8072 | Loss: 0.6938 | LR: 9.75e-05
Epoch 5/25 | Batch 2640/8072 | Loss: 0.7199 | LR: 9.75e-05
Epoch 5/25 | Batch 2680/8072 | Loss: 0.7117 | LR: 9.75e-05
Epoch 5/25 | Batch 2720/8072 | Loss: 0.7292 | LR: 9.75e-05
Epoch 5/25 | Batch 2760/8072 | Loss: 0.6986 | LR: 9.75e-05
Epoch 5/25 | Batch 2800/8072 | Loss: 0.7284 | LR: 9.75e-05
Epoch 5/25 | Batch 2840/8072 | Loss: 0.6920 | LR: 9.75e-05
Epoch 5/25 | Batch 2880/8072 | Loss: 0.6915 | LR: 9.75e-05
Epoch 5/25 | Batch 2920/8072 | Loss: 0.7335 | LR: 9.74e-05
Epoch 5/25 | Batch 2960/8072 | Loss: 0.7738 | LR: 9.74e-05
Epoch 5/25 | Batch 3000/8072 | Loss: 0.7477 | LR: 9.74e-05
Epoch 5/25 | Batch 3040/8072 | Loss: 0.7171 | LR: 9.74e-05
Epoch 5/25 | Batch 3080/8072 | Loss: 0.7131 | LR: 9.74e-05
Epoch 5/25 | Batch 3120/8072 | Loss: 0.6944 | LR: 9.74e-05
Epoch 5/25 | Batch 3160/8072 | Loss: 0.7781 | LR: 9.74e-05
Epoch 5/25 | Batch 3200/8072 | Loss: 0.6940 | LR: 9.74e-05
Epoch 5/25 | Batch 3240/8072 | Loss: 0.6881 | LR: 9.74e-05
Epoch 5/25 | Batch 3280/8072 | Loss: 0.6986 | LR: 9.74e-05
Epoch 5/25 | Batch 3320/8072 | Loss: 0.6976 | LR: 9.73e-05
Epoch 5/25 | Batch 3360/8072 | Loss: 0.6975 | LR: 9.73e-05
Epoch 5/25 | Batch 3400/8072 | Loss: 0.6879 | LR: 9.73e-05
Epoch 5/25 | Batch 3440/8072 | Loss: 0.6891 | LR: 9.73e-05
Epoch 5/25 | Batch 3480/8072 | Loss: 0.6878 | LR: 9.73e-05
Epoch 5/25 | Batch 3520/8072 | Loss: 0.7019 | LR: 9.73e-05
Epoch 5/25 | Batch 3560/8072 | Loss: 0.6919 | LR: 9.73e-05
Epoch 5/25 | Batch 3600/8072 | Loss: 0.6920 | LR: 9.73e-05
Epoch 5/25 | Batch 3640/8072 | Loss: 0.6878 | LR: 9.73e-05
Epoch 5/25 | Batch 3680/8072 | Loss: 0.7219 | LR: 9.72e-05
Epoch 5/25 | Batch 3720/8072 | Loss: 0.6971 | LR: 9.72e-05
Epoch 5/25 | Batch 3760/8072 | Loss: 0.7001 | LR: 9.72e-05
Epoch 5/25 | Batch 3800/8072 | Loss: 0.7175 | LR: 9.72e-05
Epoch 5/25 | Batch 3840/8072 | Loss: 0.7370 | LR: 9.72e-05
Epoch 5/25 | Batch 3880/8072 | Loss: 0.6936 | LR: 9.72e-05
Epoch 5/25 | Batch 3920/8072 | Loss: 0.6970 | LR: 9.72e-05
Epoch 5/25 | Batch 3960/8072 | Loss: 0.7218 | LR: 9.72e-05
Epoch 5/25 | Batch 4000/8072 | Loss: 0.7088 | LR: 9.72e-05
Epoch 5/25 | Batch 4040/8072 | Loss: 0.7083 | LR: 9.71e-05
Epoch 5/25 | Batch 4080/8072 | Loss: 0.7020 | LR: 9.71e-05
Epoch 5/25 | Batch 4120/8072 | Loss: 0.6817 | LR: 9.71e-05
Epoch 5/25 | Batch 4160/8072 | Loss: 0.7819 | LR: 9.71e-05
Epoch 5/25 | Batch 4200/8072 | Loss: 0.6924 | LR: 9.71e-05
Epoch 5/25 | Batch 4240/8072 | Loss: 0.7786 | LR: 9.71e-05
Epoch 5/25 | Batch 4280/8072 | Loss: 0.6874 | LR: 9.71e-05
Epoch 5/25 | Batch 4320/8072 | Loss: 0.6840 | LR: 9.71e-05
Epoch 5/25 | Batch 4360/8072 | Loss: 0.6906 | LR: 9.71e-05
Epoch 5/25 | Batch 4400/8072 | Loss: 0.7068 | LR: 9.70e-05
Epoch 5/25 | Batch 4440/8072 | Loss: 0.7326 | LR: 9.70e-05
Epoch 5/25 | Batch 4480/8072 | Loss: 0.6838 | LR: 9.70e-05
Epoch 5/25 | Batch 4520/8072 | Loss: 0.6926 | LR: 9.70e-05
Epoch 5/25 | Batch 4560/8072 | Loss: 0.7106 | LR: 9.70e-05
Epoch 5/25 | Batch 4600/8072 | Loss: 0.6989 | LR: 9.70e-05
Epoch 5/25 | Batch 4640/8072 | Loss: 0.6939 | LR: 9.70e-05
Epoch 5/25 | Batch 4680/8072 | Loss: 0.6953 | LR: 9.70e-05
Epoch 5/25 | Batch 4720/8072 | Loss: 0.6878 | LR: 9.69e-05
Epoch 5/25 | Batch 4760/8072 | Loss: 0.6964 | LR: 9.69e-05
Epoch 5/25 | Batch 4800/8072 | Loss: 0.6990 | LR: 9.69e-05
Epoch 5/25 | Batch 4840/8072 | Loss: 0.6959 | LR: 9.69e-05
Epoch 5/25 | Batch 4880/8072 | Loss: 0.7197 | LR: 9.69e-05
Epoch 5/25 | Batch 4920/8072 | Loss: 0.7112 | LR: 9.69e-05
Epoch 5/25 | Batch 4960/8072 | Loss: 0.7046 | LR: 9.69e-05
Epoch 5/25 | Batch 5000/8072 | Loss: 0.7391 | LR: 9.69e-05
Epoch 5/25 | Batch 5040/8072 | Loss: 0.7072 | LR: 9.69e-05
Epoch 5/25 | Batch 5080/8072 | Loss: 0.7212 | LR: 9.68e-05
Epoch 5/25 | Batch 5120/8072 | Loss: 0.7113 | LR: 9.68e-05
Epoch 5/25 | Batch 5160/8072 | Loss: 0.7261 | LR: 9.68e-05
Epoch 5/25 | Batch 5200/8072 | Loss: 0.6942 | LR: 9.68e-05
Epoch 5/25 | Batch 5240/8072 | Loss: 0.7556 | LR: 9.68e-05
Epoch 5/25 | Batch 5280/8072 | Loss: 0.7042 | LR: 9.68e-05
Epoch 5/25 | Batch 5320/8072 | Loss: 0.7301 | LR: 9.68e-05
Epoch 5/25 | Batch 5360/8072 | Loss: 0.7059 | LR: 9.68e-05
Epoch 5/25 | Batch 5400/8072 | Loss: 0.6999 | LR: 9.67e-05
Epoch 5/25 | Batch 5440/8072 | Loss: 0.7411 | LR: 9.67e-05
Epoch 5/25 | Batch 5480/8072 | Loss: 0.7119 | LR: 9.67e-05
Epoch 5/25 | Batch 5520/8072 | Loss: 0.7018 | LR: 9.67e-05
Epoch 5/25 | Batch 5560/8072 | Loss: 0.7186 | LR: 9.67e-05
Epoch 5/25 | Batch 5600/8072 | Loss: 0.7164 | LR: 9.67e-05
Epoch 5/25 | Batch 5640/8072 | Loss: 0.6923 | LR: 9.67e-05
Epoch 5/25 | Batch 5680/8072 | Loss: 0.6858 | LR: 9.67e-05
Epoch 5/25 | Batch 5720/8072 | Loss: 0.6875 | LR: 9.67e-05
Epoch 5/25 | Batch 5760/8072 | Loss: 0.6859 | LR: 9.66e-05
Epoch 5/25 | Batch 5800/8072 | Loss: 0.6948 | LR: 9.66e-05
Epoch 5/25 | Batch 5840/8072 | Loss: 0.7286 | LR: 9.66e-05
Epoch 5/25 | Batch 5880/8072 | Loss: 0.6937 | LR: 9.66e-05
Epoch 5/25 | Batch 5920/8072 | Loss: 0.7313 | LR: 9.66e-05
Epoch 5/25 | Batch 5960/8072 | Loss: 0.7431 | LR: 9.66e-05
Epoch 5/25 | Batch 6000/8072 | Loss: 0.7159 | LR: 9.66e-05
Epoch 5/25 | Batch 6040/8072 | Loss: 0.7600 | LR: 9.66e-05
Epoch 5/25 | Batch 6080/8072 | Loss: 0.6950 | LR: 9.65e-05
Epoch 5/25 | Batch 6120/8072 | Loss: 0.6911 | LR: 9.65e-05
Epoch 5/25 | Batch 6160/8072 | Loss: 0.6884 | LR: 9.65e-05
Epoch 5/25 | Batch 6200/8072 | Loss: 0.6884 | LR: 9.65e-05
Epoch 5/25 | Batch 6240/8072 | Loss: 0.6849 | LR: 9.65e-05
Epoch 5/25 | Batch 6280/8072 | Loss: 0.6832 | LR: 9.65e-05
Epoch 5/25 | Batch 6320/8072 | Loss: 0.6974 | LR: 9.65e-05
Epoch 5/25 | Batch 6360/8072 | Loss: 0.6944 | LR: 9.65e-05
Epoch 5/25 | Batch 6400/8072 | Loss: 0.7041 | LR: 9.64e-05
Epoch 5/25 | Batch 6440/8072 | Loss: 0.7317 | LR: 9.64e-05
Epoch 5/25 | Batch 6480/8072 | Loss: 0.7086 | LR: 9.64e-05
Epoch 5/25 | Batch 6520/8072 | Loss: 0.7020 | LR: 9.64e-05
Epoch 5/25 | Batch 6560/8072 | Loss: 0.7164 | LR: 9.64e-05
Epoch 5/25 | Batch 6600/8072 | Loss: 0.7069 | LR: 9.64e-05
Epoch 5/25 | Batch 6640/8072 | Loss: 0.6998 | LR: 9.64e-05
Epoch 5/25 | Batch 6680/8072 | Loss: 0.7961 | LR: 9.64e-05
Epoch 5/25 | Batch 6720/8072 | Loss: 0.7128 | LR: 9.63e-05
Epoch 5/25 | Batch 6760/8072 | Loss: 0.6882 | LR: 9.63e-05
Epoch 5/25 | Batch 6800/8072 | Loss: 0.6959 | LR: 9.63e-05
Epoch 5/25 | Batch 6840/8072 | Loss: 0.7678 | LR: 9.63e-05
Epoch 5/25 | Batch 6880/8072 | Loss: 0.7298 | LR: 9.63e-05
Epoch 5/25 | Batch 6920/8072 | Loss: 0.6905 | LR: 9.63e-05
Epoch 5/25 | Batch 6960/8072 | Loss: 0.7021 | LR: 9.63e-05
Epoch 5/25 | Batch 7000/8072 | Loss: 0.7442 | LR: 9.63e-05
Epoch 5/25 | Batch 7040/8072 | Loss: 0.7115 | LR: 9.62e-05
Epoch 5/25 | Batch 7080/8072 | Loss: 0.7001 | LR: 9.62e-05
Epoch 5/25 | Batch 7120/8072 | Loss: 0.7059 | LR: 9.62e-05
Epoch 5/25 | Batch 7160/8072 | Loss: 0.7182 | LR: 9.62e-05
Epoch 5/25 | Batch 7200/8072 | Loss: 0.6973 | LR: 9.62e-05
Epoch 5/25 | Batch 7240/8072 | Loss: 0.6895 | LR: 9.62e-05
Epoch 5/25 | Batch 7280/8072 | Loss: 0.7271 | LR: 9.62e-05
Epoch 5/25 | Batch 7320/8072 | Loss: 0.6987 | LR: 9.61e-05
Epoch 5/25 | Batch 7360/8072 | Loss: 0.7055 | LR: 9.61e-05
Epoch 5/25 | Batch 7400/8072 | Loss: 0.6903 | LR: 9.61e-05
Epoch 5/25 | Batch 7440/8072 | Loss: 0.6922 | LR: 9.61e-05
Epoch 5/25 | Batch 7480/8072 | Loss: 0.6864 | LR: 9.61e-05
Epoch 5/25 | Batch 7520/8072 | Loss: 0.7465 | LR: 9.61e-05
Epoch 5/25 | Batch 7560/8072 | Loss: 0.7223 | LR: 9.61e-05
Epoch 5/25 | Batch 7600/8072 | Loss: 0.6892 | LR: 9.61e-05
Epoch 5/25 | Batch 7640/8072 | Loss: 0.7005 | LR: 9.60e-05
Epoch 5/25 | Batch 7680/8072 | Loss: 0.7227 | LR: 9.60e-05
Epoch 5/25 | Batch 7720/8072 | Loss: 0.7346 | LR: 9.60e-05
Epoch 5/25 | Batch 7760/8072 | Loss: 0.6878 | LR: 9.60e-05
Epoch 5/25 | Batch 7800/8072 | Loss: 0.6889 | LR: 9.60e-05
Epoch 5/25 | Batch 7840/8072 | Loss: 0.7084 | LR: 9.60e-05
Epoch 5/25 | Batch 7880/8072 | Loss: 0.7076 | LR: 9.60e-05
Epoch 5/25 | Batch 7920/8072 | Loss: 0.7084 | LR: 9.60e-05
Epoch 5/25 | Batch 7960/8072 | Loss: 0.6870 | LR: 9.59e-05
Epoch 5/25 | Batch 8000/8072 | Loss: 0.7124 | LR: 9.59e-05
Epoch 5/25 | Batch 8040/8072 | Loss: 0.7115 | LR: 9.59e-05
  Sample - Pred: [34, 40, 20, 2, 23, 40, 29, 18, 40, 10, 3, 40, 20, 25, 21] | True: [34, 40, 20, 2, 23, 40, 29, 18, 40, 10, 3, 40, 20, 25, 9]

Epoch 5 Summary:
  Train Loss: 0.7083
  Val Loss: 0.7218
  PER: 0.2285
  Avg LR: 9.71e-05
------------------------------------------------------------
  ** New best model saved! PER: 0.2285
Epoch 6/25 | Batch 0/8072 | Loss: 0.6942 | LR: 9.59e-05
Epoch 6/25 | Batch 40/8072 | Loss: 0.6906 | LR: 9.59e-05
Epoch 6/25 | Batch 80/8072 | Loss: 0.6880 | LR: 9.59e-05
Epoch 6/25 | Batch 120/8072 | Loss: 0.6833 | LR: 9.59e-05
Epoch 6/25 | Batch 160/8072 | Loss: 0.6844 | LR: 9.58e-05
Epoch 6/25 | Batch 200/8072 | Loss: 0.7114 | LR: 9.58e-05
Epoch 6/25 | Batch 240/8072 | Loss: 0.6893 | LR: 9.58e-05
Epoch 6/25 | Batch 280/8072 | Loss: 0.6878 | LR: 9.58e-05
Epoch 6/25 | Batch 320/8072 | Loss: 0.6969 | LR: 9.58e-05
Epoch 6/25 | Batch 360/8072 | Loss: 0.7031 | LR: 9.58e-05
Epoch 6/25 | Batch 400/8072 | Loss: 0.7055 | LR: 9.58e-05
Epoch 6/25 | Batch 440/8072 | Loss: 0.6993 | LR: 9.58e-05
Epoch 6/25 | Batch 480/8072 | Loss: 0.6935 | LR: 9.57e-05
Epoch 6/25 | Batch 520/8072 | Loss: 0.7027 | LR: 9.57e-05
Epoch 6/25 | Batch 560/8072 | Loss: 0.7122 | LR: 9.57e-05
Epoch 6/25 | Batch 600/8072 | Loss: 0.7070 | LR: 9.57e-05
Epoch 6/25 | Batch 640/8072 | Loss: 0.6984 | LR: 9.57e-05
Epoch 6/25 | Batch 680/8072 | Loss: 0.6956 | LR: 9.57e-05
Epoch 6/25 | Batch 720/8072 | Loss: 0.7039 | LR: 9.57e-05
Epoch 6/25 | Batch 760/8072 | Loss: 0.7212 | LR: 9.56e-05
Epoch 6/25 | Batch 800/8072 | Loss: 0.7395 | LR: 9.56e-05
Epoch 6/25 | Batch 840/8072 | Loss: 0.7044 | LR: 9.56e-05
Epoch 6/25 | Batch 880/8072 | Loss: 0.7184 | LR: 9.56e-05
Epoch 6/25 | Batch 920/8072 | Loss: 0.6952 | LR: 9.56e-05
Epoch 6/25 | Batch 960/8072 | Loss: 0.7238 | LR: 9.56e-05
Epoch 6/25 | Batch 1000/8072 | Loss: 0.7229 | LR: 9.56e-05
Epoch 6/25 | Batch 1040/8072 | Loss: 0.6980 | LR: 9.55e-05
Epoch 6/25 | Batch 1080/8072 | Loss: 0.6944 | LR: 9.55e-05
Epoch 6/25 | Batch 1120/8072 | Loss: 0.6907 | LR: 9.55e-05
Epoch 6/25 | Batch 1160/8072 | Loss: 0.7709 | LR: 9.55e-05
Epoch 6/25 | Batch 1200/8072 | Loss: 0.7157 | LR: 9.55e-05
Epoch 6/25 | Batch 1240/8072 | Loss: 0.6820 | LR: 9.55e-05
Epoch 6/25 | Batch 1280/8072 | Loss: 0.6898 | LR: 9.55e-05
Epoch 6/25 | Batch 1320/8072 | Loss: 0.6908 | LR: 9.55e-05
Epoch 6/25 | Batch 1360/8072 | Loss: 0.6895 | LR: 9.54e-05
Epoch 6/25 | Batch 1400/8072 | Loss: 0.7114 | LR: 9.54e-05
Epoch 6/25 | Batch 1440/8072 | Loss: 0.6932 | LR: 9.54e-05
Epoch 6/25 | Batch 1480/8072 | Loss: 0.6949 | LR: 9.54e-05
Epoch 6/25 | Batch 1520/8072 | Loss: 0.6968 | LR: 9.54e-05
Epoch 6/25 | Batch 1560/8072 | Loss: 0.6937 | LR: 9.54e-05
Epoch 6/25 | Batch 1600/8072 | Loss: 0.7151 | LR: 9.54e-05
Epoch 6/25 | Batch 1640/8072 | Loss: 0.6840 | LR: 9.53e-05
Epoch 6/25 | Batch 1680/8072 | Loss: 0.6853 | LR: 9.53e-05
Epoch 6/25 | Batch 1720/8072 | Loss: 0.6994 | LR: 9.53e-05
Epoch 6/25 | Batch 1760/8072 | Loss: 0.7173 | LR: 9.53e-05
Epoch 6/25 | Batch 1800/8072 | Loss: 0.7192 | LR: 9.53e-05
Epoch 6/25 | Batch 1840/8072 | Loss: 0.7026 | LR: 9.53e-05
Epoch 6/25 | Batch 1880/8072 | Loss: 0.6850 | LR: 9.53e-05
Epoch 6/25 | Batch 1920/8072 | Loss: 0.7040 | LR: 9.52e-05
Epoch 6/25 | Batch 1960/8072 | Loss: 0.6886 | LR: 9.52e-05
Epoch 6/25 | Batch 2000/8072 | Loss: 0.7052 | LR: 9.52e-05
Epoch 6/25 | Batch 2040/8072 | Loss: 0.6880 | LR: 9.52e-05
Epoch 6/25 | Batch 2080/8072 | Loss: 0.7031 | LR: 9.52e-05
Epoch 6/25 | Batch 2120/8072 | Loss: 0.6977 | LR: 9.52e-05
Epoch 6/25 | Batch 2160/8072 | Loss: 0.6954 | LR: 9.52e-05
Epoch 6/25 | Batch 2200/8072 | Loss: 0.6860 | LR: 9.51e-05
Epoch 6/25 | Batch 2240/8072 | Loss: 0.6958 | LR: 9.51e-05
Epoch 6/25 | Batch 2280/8072 | Loss: 0.6979 | LR: 9.51e-05
Epoch 6/25 | Batch 2320/8072 | Loss: 0.7239 | LR: 9.51e-05
Epoch 6/25 | Batch 2360/8072 | Loss: 0.7676 | LR: 9.51e-05
Epoch 6/25 | Batch 2400/8072 | Loss: 0.7155 | LR: 9.51e-05
Epoch 6/25 | Batch 2440/8072 | Loss: 0.7276 | LR: 9.50e-05
Epoch 6/25 | Batch 2480/8072 | Loss: 0.6829 | LR: 9.50e-05
Epoch 6/25 | Batch 2520/8072 | Loss: 0.6880 | LR: 9.50e-05
Epoch 6/25 | Batch 2560/8072 | Loss: 0.6922 | LR: 9.50e-05
Epoch 6/25 | Batch 2600/8072 | Loss: 0.6886 | LR: 9.50e-05
Epoch 6/25 | Batch 2640/8072 | Loss: 0.6834 | LR: 9.50e-05
Epoch 6/25 | Batch 2680/8072 | Loss: 0.7041 | LR: 9.50e-05
Epoch 6/25 | Batch 2720/8072 | Loss: 0.7596 | LR: 9.49e-05
Epoch 6/25 | Batch 2760/8072 | Loss: 0.7070 | LR: 9.49e-05
Epoch 6/25 | Batch 2800/8072 | Loss: 0.7023 | LR: 9.49e-05
Epoch 6/25 | Batch 2840/8072 | Loss: 0.6847 | LR: 9.49e-05
Epoch 6/25 | Batch 2880/8072 | Loss: 0.6921 | LR: 9.49e-05
Epoch 6/25 | Batch 2920/8072 | Loss: 0.7005 | LR: 9.49e-05
Epoch 6/25 | Batch 2960/8072 | Loss: 0.6873 | LR: 9.49e-05
Epoch 6/25 | Batch 3000/8072 | Loss: 0.7291 | LR: 9.48e-05
Epoch 6/25 | Batch 3040/8072 | Loss: 0.6845 | LR: 9.48e-05
Epoch 6/25 | Batch 3080/8072 | Loss: 0.6974 | LR: 9.48e-05
Epoch 6/25 | Batch 3120/8072 | Loss: 0.7217 | LR: 9.48e-05
Epoch 6/25 | Batch 3160/8072 | Loss: 0.7450 | LR: 9.48e-05
Epoch 6/25 | Batch 3200/8072 | Loss: 0.7028 | LR: 9.48e-05
Epoch 6/25 | Batch 3240/8072 | Loss: 0.6984 | LR: 9.48e-05
Epoch 6/25 | Batch 3280/8072 | Loss: 0.7068 | LR: 9.47e-05
Epoch 6/25 | Batch 3320/8072 | Loss: 0.6825 | LR: 9.47e-05
Epoch 6/25 | Batch 3360/8072 | Loss: 0.7072 | LR: 9.47e-05
Epoch 6/25 | Batch 3400/8072 | Loss: 0.6896 | LR: 9.47e-05
Epoch 6/25 | Batch 3440/8072 | Loss: 0.6836 | LR: 9.47e-05
Epoch 6/25 | Batch 3480/8072 | Loss: 0.7075 | LR: 9.47e-05
Epoch 6/25 | Batch 3520/8072 | Loss: 0.6992 | LR: 9.46e-05
Epoch 6/25 | Batch 3560/8072 | Loss: 0.7003 | LR: 9.46e-05
Epoch 6/25 | Batch 3600/8072 | Loss: 0.7100 | LR: 9.46e-05
Epoch 6/25 | Batch 3640/8072 | Loss: 0.6934 | LR: 9.46e-05
Epoch 6/25 | Batch 3680/8072 | Loss: 0.7103 | LR: 9.46e-05
Epoch 6/25 | Batch 3720/8072 | Loss: 0.6858 | LR: 9.46e-05
Epoch 6/25 | Batch 3760/8072 | Loss: 0.7350 | LR: 9.46e-05
Epoch 6/25 | Batch 3800/8072 | Loss: 0.7342 | LR: 9.45e-05
Epoch 6/25 | Batch 3840/8072 | Loss: 0.7431 | LR: 9.45e-05
Epoch 6/25 | Batch 3880/8072 | Loss: 0.7093 | LR: 9.45e-05
Epoch 6/25 | Batch 3920/8072 | Loss: 0.7073 | LR: 9.45e-05
Epoch 6/25 | Batch 3960/8072 | Loss: 0.6883 | LR: 9.45e-05
Epoch 6/25 | Batch 4000/8072 | Loss: 0.6926 | LR: 9.45e-05
Epoch 6/25 | Batch 4040/8072 | Loss: 0.7011 | LR: 9.44e-05
Epoch 6/25 | Batch 4080/8072 | Loss: 0.6987 | LR: 9.44e-05
Epoch 6/25 | Batch 4120/8072 | Loss: 0.7054 | LR: 9.44e-05
Epoch 6/25 | Batch 4160/8072 | Loss: 0.7032 | LR: 9.44e-05
Epoch 6/25 | Batch 4200/8072 | Loss: 0.7048 | LR: 9.44e-05
Epoch 6/25 | Batch 4240/8072 | Loss: 0.6865 | LR: 9.44e-05
Epoch 6/25 | Batch 4280/8072 | Loss: 0.6935 | LR: 9.44e-05
Epoch 6/25 | Batch 4320/8072 | Loss: 0.7560 | LR: 9.43e-05
Epoch 6/25 | Batch 4360/8072 | Loss: 0.7031 | LR: 9.43e-05
Epoch 6/25 | Batch 4400/8072 | Loss: 0.6890 | LR: 9.43e-05
Epoch 6/25 | Batch 4440/8072 | Loss: 0.7049 | LR: 9.43e-05
Epoch 6/25 | Batch 4480/8072 | Loss: 0.7298 | LR: 9.43e-05
Epoch 6/25 | Batch 4520/8072 | Loss: 0.6907 | LR: 9.43e-05
Epoch 6/25 | Batch 4560/8072 | Loss: 0.7461 | LR: 9.42e-05
Epoch 6/25 | Batch 4600/8072 | Loss: 0.6817 | LR: 9.42e-05
Epoch 6/25 | Batch 4640/8072 | Loss: 0.7376 | LR: 9.42e-05
Epoch 6/25 | Batch 4680/8072 | Loss: 0.7118 | LR: 9.42e-05
Epoch 6/25 | Batch 4720/8072 | Loss: 0.6849 | LR: 9.42e-05
Epoch 6/25 | Batch 4760/8072 | Loss: 0.6911 | LR: 9.42e-05
Epoch 6/25 | Batch 4800/8072 | Loss: 0.6828 | LR: 9.42e-05
Epoch 6/25 | Batch 4840/8072 | Loss: 0.7356 | LR: 9.41e-05
Epoch 6/25 | Batch 4880/8072 | Loss: 0.6959 | LR: 9.41e-05
Epoch 6/25 | Batch 4920/8072 | Loss: 0.6991 | LR: 9.41e-05
Epoch 6/25 | Batch 4960/8072 | Loss: 0.6911 | LR: 9.41e-05
Epoch 6/25 | Batch 5000/8072 | Loss: 0.6879 | LR: 9.41e-05
Epoch 6/25 | Batch 5040/8072 | Loss: 0.7010 | LR: 9.41e-05
Epoch 6/25 | Batch 5080/8072 | Loss: 0.7113 | LR: 9.40e-05
Epoch 6/25 | Batch 5120/8072 | Loss: 0.7076 | LR: 9.40e-05
Epoch 6/25 | Batch 5160/8072 | Loss: 0.7018 | LR: 9.40e-05
Epoch 6/25 | Batch 5200/8072 | Loss: 0.7212 | LR: 9.40e-05
Epoch 6/25 | Batch 5240/8072 | Loss: 0.6820 | LR: 9.40e-05
Epoch 6/25 | Batch 5280/8072 | Loss: 0.6865 | LR: 9.40e-05
Epoch 6/25 | Batch 5320/8072 | Loss: 0.7274 | LR: 9.39e-05
Epoch 6/25 | Batch 5360/8072 | Loss: 0.6879 | LR: 9.39e-05
Epoch 6/25 | Batch 5400/8072 | Loss: 0.7191 | LR: 9.39e-05
Epoch 6/25 | Batch 5440/8072 | Loss: 0.6971 | LR: 9.39e-05
Epoch 6/25 | Batch 5480/8072 | Loss: 0.6939 | LR: 9.39e-05
Epoch 6/25 | Batch 5520/8072 | Loss: 0.6898 | LR: 9.39e-05
Epoch 6/25 | Batch 5560/8072 | Loss: 0.7115 | LR: 9.38e-05
Epoch 6/25 | Batch 5600/8072 | Loss: 0.6968 | LR: 9.38e-05
Epoch 6/25 | Batch 5640/8072 | Loss: 0.7151 | LR: 9.38e-05
Epoch 6/25 | Batch 5680/8072 | Loss: 0.7661 | LR: 9.38e-05
Epoch 6/25 | Batch 5720/8072 | Loss: 0.7324 | LR: 9.38e-05
Epoch 6/25 | Batch 5760/8072 | Loss: 0.7014 | LR: 9.38e-05
Epoch 6/25 | Batch 5800/8072 | Loss: 0.7120 | LR: 9.38e-05
Epoch 6/25 | Batch 5840/8072 | Loss: 0.8687 | LR: 9.37e-05
Epoch 6/25 | Batch 5880/8072 | Loss: 0.6918 | LR: 9.37e-05
Epoch 6/25 | Batch 5920/8072 | Loss: 0.6868 | LR: 9.37e-05
Epoch 6/25 | Batch 5960/8072 | Loss: 0.6888 | LR: 9.37e-05
Epoch 6/25 | Batch 6000/8072 | Loss: 0.7038 | LR: 9.37e-05
Epoch 6/25 | Batch 6040/8072 | Loss: 0.6896 | LR: 9.37e-05
Epoch 6/25 | Batch 6080/8072 | Loss: 0.7737 | LR: 9.36e-05
Epoch 6/25 | Batch 6120/8072 | Loss: 0.6882 | LR: 9.36e-05
Epoch 6/25 | Batch 6160/8072 | Loss: 0.6849 | LR: 9.36e-05
Epoch 6/25 | Batch 6200/8072 | Loss: 0.6880 | LR: 9.36e-05
Epoch 6/25 | Batch 6240/8072 | Loss: 0.6950 | LR: 9.36e-05
Epoch 6/25 | Batch 6280/8072 | Loss: 0.6908 | LR: 9.36e-05
Epoch 6/25 | Batch 6320/8072 | Loss: 0.7037 | LR: 9.35e-05
Epoch 6/25 | Batch 6360/8072 | Loss: 0.6833 | LR: 9.35e-05
Epoch 6/25 | Batch 6400/8072 | Loss: 0.6985 | LR: 9.35e-05
Epoch 6/25 | Batch 6440/8072 | Loss: 0.7050 | LR: 9.35e-05
Epoch 6/25 | Batch 6480/8072 | Loss: 0.7202 | LR: 9.35e-05
Epoch 6/25 | Batch 6520/8072 | Loss: 0.7077 | LR: 9.35e-05
Epoch 6/25 | Batch 6560/8072 | Loss: 0.7330 | LR: 9.34e-05
Epoch 6/25 | Batch 6600/8072 | Loss: 0.6974 | LR: 9.34e-05
Epoch 6/25 | Batch 6640/8072 | Loss: 0.7427 | LR: 9.34e-05
Epoch 6/25 | Batch 6680/8072 | Loss: 0.7128 | LR: 9.34e-05
Epoch 6/25 | Batch 6720/8072 | Loss: 0.7162 | LR: 9.34e-05
Epoch 6/25 | Batch 6760/8072 | Loss: 0.7231 | LR: 9.34e-05
Epoch 6/25 | Batch 6800/8072 | Loss: 0.7012 | LR: 9.33e-05
Epoch 6/25 | Batch 6840/8072 | Loss: 0.6891 | LR: 9.33e-05
Epoch 6/25 | Batch 6880/8072 | Loss: 0.6977 | LR: 9.33e-05
Epoch 6/25 | Batch 6920/8072 | Loss: 0.6877 | LR: 9.33e-05
Epoch 6/25 | Batch 6960/8072 | Loss: 0.7166 | LR: 9.33e-05
Epoch 6/25 | Batch 7000/8072 | Loss: 0.7401 | LR: 9.33e-05
Epoch 6/25 | Batch 7040/8072 | Loss: 0.6838 | LR: 9.32e-05
Epoch 6/25 | Batch 7080/8072 | Loss: 0.6885 | LR: 9.32e-05
Epoch 6/25 | Batch 7120/8072 | Loss: 0.6888 | LR: 9.32e-05
Epoch 6/25 | Batch 7160/8072 | Loss: 0.7032 | LR: 9.32e-05
Epoch 6/25 | Batch 7200/8072 | Loss: 0.7404 | LR: 9.32e-05
Epoch 6/25 | Batch 7240/8072 | Loss: 0.6895 | LR: 9.32e-05
Epoch 6/25 | Batch 7280/8072 | Loss: 0.6847 | LR: 9.31e-05
Epoch 6/25 | Batch 7320/8072 | Loss: 0.6829 | LR: 9.31e-05
Epoch 6/25 | Batch 7360/8072 | Loss: 0.6824 | LR: 9.31e-05
Epoch 6/25 | Batch 7400/8072 | Loss: 0.7391 | LR: 9.31e-05
Epoch 6/25 | Batch 7440/8072 | Loss: 0.6969 | LR: 9.31e-05
Epoch 6/25 | Batch 7480/8072 | Loss: 0.7004 | LR: 9.30e-05
Epoch 6/25 | Batch 7520/8072 | Loss: 0.6898 | LR: 9.30e-05
Epoch 6/25 | Batch 7560/8072 | Loss: 0.7406 | LR: 9.30e-05
Epoch 6/25 | Batch 7600/8072 | Loss: 0.7010 | LR: 9.30e-05
Epoch 6/25 | Batch 7640/8072 | Loss: 0.6843 | LR: 9.30e-05
Epoch 6/25 | Batch 7680/8072 | Loss: 0.6822 | LR: 9.30e-05
Epoch 6/25 | Batch 7720/8072 | Loss: 0.6871 | LR: 9.29e-05
Epoch 6/25 | Batch 7760/8072 | Loss: 0.6816 | LR: 9.29e-05
Epoch 6/25 | Batch 7800/8072 | Loss: 0.7188 | LR: 9.29e-05
Epoch 6/25 | Batch 7840/8072 | Loss: 0.6946 | LR: 9.29e-05
Epoch 6/25 | Batch 7880/8072 | Loss: 0.7188 | LR: 9.29e-05
Epoch 6/25 | Batch 7920/8072 | Loss: 0.6906 | LR: 9.29e-05
Epoch 6/25 | Batch 7960/8072 | Loss: 0.7070 | LR: 9.28e-05
Epoch 6/25 | Batch 8000/8072 | Loss: 0.7241 | LR: 9.28e-05
Epoch 6/25 | Batch 8040/8072 | Loss: 0.6837 | LR: 9.28e-05
  Sample - Pred: [34, 40, 20, 2, 23, 31, 18, 40, 10, 3, 40, 20, 2, 21, 40] | True: [34, 40, 20, 2, 23, 40, 29, 18, 40, 10, 3, 40, 20, 25, 9]

Epoch 6 Summary:
  Train Loss: 0.7032
  Val Loss: 0.7175
  PER: 0.2168
  Avg LR: 9.44e-05
------------------------------------------------------------
  ** New best model saved! PER: 0.2168
Epoch 7/25 | Batch 0/8072 | Loss: 0.6858 | LR: 9.28e-05
Epoch 7/25 | Batch 40/8072 | Loss: 0.7058 | LR: 9.28e-05
Epoch 7/25 | Batch 80/8072 | Loss: 0.6976 | LR: 9.28e-05
Epoch 7/25 | Batch 120/8072 | Loss: 0.6835 | LR: 9.27e-05
Epoch 7/25 | Batch 160/8072 | Loss: 0.7026 | LR: 9.27e-05
Epoch 7/25 | Batch 200/8072 | Loss: 0.6880 | LR: 9.27e-05
Epoch 7/25 | Batch 240/8072 | Loss: 0.6865 | LR: 9.27e-05
Epoch 7/25 | Batch 280/8072 | Loss: 0.7186 | LR: 9.27e-05
Epoch 7/25 | Batch 320/8072 | Loss: 0.6842 | LR: 9.27e-05
Epoch 7/25 | Batch 360/8072 | Loss: 0.6882 | LR: 9.26e-05
Epoch 7/25 | Batch 400/8072 | Loss: 0.6954 | LR: 9.26e-05
Epoch 7/25 | Batch 440/8072 | Loss: 0.6842 | LR: 9.26e-05
Epoch 7/25 | Batch 480/8072 | Loss: 0.6981 | LR: 9.26e-05
Epoch 7/25 | Batch 520/8072 | Loss: 0.6823 | LR: 9.26e-05
Epoch 7/25 | Batch 560/8072 | Loss: 0.6917 | LR: 9.25e-05
Epoch 7/25 | Batch 600/8072 | Loss: 0.6987 | LR: 9.25e-05
Epoch 7/25 | Batch 640/8072 | Loss: 0.6926 | LR: 9.25e-05
Epoch 7/25 | Batch 680/8072 | Loss: 0.6928 | LR: 9.25e-05
Epoch 7/25 | Batch 720/8072 | Loss: 0.6955 | LR: 9.25e-05
Epoch 7/25 | Batch 760/8072 | Loss: 0.6833 | LR: 9.25e-05
Epoch 7/25 | Batch 800/8072 | Loss: 0.6960 | LR: 9.24e-05
Epoch 7/25 | Batch 840/8072 | Loss: 0.7248 | LR: 9.24e-05
Epoch 7/25 | Batch 880/8072 | Loss: 0.6857 | LR: 9.24e-05
Epoch 7/25 | Batch 920/8072 | Loss: 0.6927 | LR: 9.24e-05
Epoch 7/25 | Batch 960/8072 | Loss: 0.7138 | LR: 9.24e-05
Epoch 7/25 | Batch 1000/8072 | Loss: 0.6836 | LR: 9.24e-05
Epoch 7/25 | Batch 1040/8072 | Loss: 0.7025 | LR: 9.23e-05
Epoch 7/25 | Batch 1080/8072 | Loss: 0.6834 | LR: 9.23e-05
Epoch 7/25 | Batch 1120/8072 | Loss: 0.7029 | LR: 9.23e-05
Epoch 7/25 | Batch 1160/8072 | Loss: 0.7122 | LR: 9.23e-05
Epoch 7/25 | Batch 1200/8072 | Loss: 0.7149 | LR: 9.23e-05
Epoch 7/25 | Batch 1240/8072 | Loss: 0.6925 | LR: 9.22e-05
Epoch 7/25 | Batch 1280/8072 | Loss: 0.7011 | LR: 9.22e-05
Epoch 7/25 | Batch 1320/8072 | Loss: 0.6967 | LR: 9.22e-05
Epoch 7/25 | Batch 1360/8072 | Loss: 0.7083 | LR: 9.22e-05
Epoch 7/25 | Batch 1400/8072 | Loss: 0.7056 | LR: 9.22e-05
Epoch 7/25 | Batch 1440/8072 | Loss: 0.6908 | LR: 9.22e-05
Epoch 7/25 | Batch 1480/8072 | Loss: 0.7206 | LR: 9.21e-05
Epoch 7/25 | Batch 1520/8072 | Loss: 0.7050 | LR: 9.21e-05
Epoch 7/25 | Batch 1560/8072 | Loss: 0.6962 | LR: 9.21e-05
Epoch 7/25 | Batch 1600/8072 | Loss: 0.6870 | LR: 9.21e-05
Epoch 7/25 | Batch 1640/8072 | Loss: 0.6941 | LR: 9.21e-05
Epoch 7/25 | Batch 1680/8072 | Loss: 0.6920 | LR: 9.20e-05
Epoch 7/25 | Batch 1720/8072 | Loss: 0.6831 | LR: 9.20e-05
Epoch 7/25 | Batch 1760/8072 | Loss: 0.6839 | LR: 9.20e-05
Epoch 7/25 | Batch 1800/8072 | Loss: 0.6918 | LR: 9.20e-05
Epoch 7/25 | Batch 1840/8072 | Loss: 0.6988 | LR: 9.20e-05
Epoch 7/25 | Batch 1880/8072 | Loss: 0.6917 | LR: 9.20e-05
Epoch 7/25 | Batch 1920/8072 | Loss: 0.6862 | LR: 9.19e-05
Epoch 7/25 | Batch 1960/8072 | Loss: 0.7499 | LR: 9.19e-05
Epoch 7/25 | Batch 2000/8072 | Loss: 0.6842 | LR: 9.19e-05
Epoch 7/25 | Batch 2040/8072 | Loss: 0.6877 | LR: 9.19e-05
Epoch 7/25 | Batch 2080/8072 | Loss: 0.7113 | LR: 9.19e-05
Epoch 7/25 | Batch 2120/8072 | Loss: 0.6853 | LR: 9.18e-05
Epoch 7/25 | Batch 2160/8072 | Loss: 0.7275 | LR: 9.18e-05
Epoch 7/25 | Batch 2200/8072 | Loss: 0.6954 | LR: 9.18e-05
Epoch 7/25 | Batch 2240/8072 | Loss: 0.7522 | LR: 9.18e-05
Epoch 7/25 | Batch 2280/8072 | Loss: 0.7001 | LR: 9.18e-05
Epoch 7/25 | Batch 2320/8072 | Loss: 0.6858 | LR: 9.18e-05
Epoch 7/25 | Batch 2360/8072 | Loss: 0.7032 | LR: 9.17e-05
Epoch 7/25 | Batch 2400/8072 | Loss: 0.6829 | LR: 9.17e-05
Epoch 7/25 | Batch 2440/8072 | Loss: 0.6895 | LR: 9.17e-05
Epoch 7/25 | Batch 2480/8072 | Loss: 0.6840 | LR: 9.17e-05
Epoch 7/25 | Batch 2520/8072 | Loss: 0.6942 | LR: 9.17e-05
Epoch 7/25 | Batch 2560/8072 | Loss: 0.6926 | LR: 9.16e-05
Epoch 7/25 | Batch 2600/8072 | Loss: 0.6866 | LR: 9.16e-05
Epoch 7/25 | Batch 2640/8072 | Loss: 0.6824 | LR: 9.16e-05
Epoch 7/25 | Batch 2680/8072 | Loss: 0.6825 | LR: 9.16e-05
Epoch 7/25 | Batch 2720/8072 | Loss: 0.6923 | LR: 9.16e-05
Epoch 7/25 | Batch 2760/8072 | Loss: 0.7283 | LR: 9.15e-05
Epoch 7/25 | Batch 2800/8072 | Loss: 0.6861 | LR: 9.15e-05
Epoch 7/25 | Batch 2840/8072 | Loss: 0.6909 | LR: 9.15e-05
Epoch 7/25 | Batch 2880/8072 | Loss: 0.6834 | LR: 9.15e-05
Epoch 7/25 | Batch 2920/8072 | Loss: 0.6914 | LR: 9.15e-05
Epoch 7/25 | Batch 2960/8072 | Loss: 0.6884 | LR: 9.15e-05
Epoch 7/25 | Batch 3000/8072 | Loss: 0.7044 | LR: 9.14e-05
Epoch 7/25 | Batch 3040/8072 | Loss: 0.6904 | LR: 9.14e-05
Epoch 7/25 | Batch 3080/8072 | Loss: 0.7014 | LR: 9.14e-05
Epoch 7/25 | Batch 3120/8072 | Loss: 0.6854 | LR: 9.14e-05
Epoch 7/25 | Batch 3160/8072 | Loss: 0.7105 | LR: 9.14e-05
Epoch 7/25 | Batch 3200/8072 | Loss: 0.6824 | LR: 9.13e-05
Epoch 7/25 | Batch 3240/8072 | Loss: 0.6889 | LR: 9.13e-05
Epoch 7/25 | Batch 3280/8072 | Loss: 0.7119 | LR: 9.13e-05
Epoch 7/25 | Batch 3320/8072 | Loss: 0.6886 | LR: 9.13e-05
Epoch 7/25 | Batch 3360/8072 | Loss: 0.6871 | LR: 9.13e-05
Epoch 7/25 | Batch 3400/8072 | Loss: 0.6954 | LR: 9.12e-05
Epoch 7/25 | Batch 3440/8072 | Loss: 0.6955 | LR: 9.12e-05
Epoch 7/25 | Batch 3480/8072 | Loss: 0.6833 | LR: 9.12e-05
Epoch 7/25 | Batch 3520/8072 | Loss: 0.7310 | LR: 9.12e-05
Epoch 7/25 | Batch 3560/8072 | Loss: 0.7145 | LR: 9.12e-05
Epoch 7/25 | Batch 3600/8072 | Loss: 0.6842 | LR: 9.11e-05
Epoch 7/25 | Batch 3640/8072 | Loss: 0.7081 | LR: 9.11e-05
Epoch 7/25 | Batch 3680/8072 | Loss: 0.7034 | LR: 9.11e-05
Epoch 7/25 | Batch 3720/8072 | Loss: 0.6863 | LR: 9.11e-05
Epoch 7/25 | Batch 3760/8072 | Loss: 0.7130 | LR: 9.11e-05
Epoch 7/25 | Batch 3800/8072 | Loss: 0.7227 | LR: 9.11e-05
Epoch 7/25 | Batch 3840/8072 | Loss: 0.6878 | LR: 9.10e-05
Epoch 7/25 | Batch 3880/8072 | Loss: 0.6904 | LR: 9.10e-05
Epoch 7/25 | Batch 3920/8072 | Loss: 0.6903 | LR: 9.10e-05
Epoch 7/25 | Batch 3960/8072 | Loss: 0.7018 | LR: 9.10e-05
Epoch 7/25 | Batch 4000/8072 | Loss: 0.7022 | LR: 9.10e-05
Epoch 7/25 | Batch 4040/8072 | Loss: 0.6881 | LR: 9.09e-05
Epoch 7/25 | Batch 4080/8072 | Loss: 0.7528 | LR: 9.09e-05
Epoch 7/25 | Batch 4120/8072 | Loss: 0.7032 | LR: 9.09e-05
Epoch 7/25 | Batch 4160/8072 | Loss: 0.6958 | LR: 9.09e-05
Epoch 7/25 | Batch 4200/8072 | Loss: 0.6928 | LR: 9.09e-05
Epoch 7/25 | Batch 4240/8072 | Loss: 0.6867 | LR: 9.08e-05
Epoch 7/25 | Batch 4280/8072 | Loss: 0.6954 | LR: 9.08e-05
Epoch 7/25 | Batch 4320/8072 | Loss: 0.6821 | LR: 9.08e-05
Epoch 7/25 | Batch 4360/8072 | Loss: 0.7044 | LR: 9.08e-05
Epoch 7/25 | Batch 4400/8072 | Loss: 0.6844 | LR: 9.08e-05
Epoch 7/25 | Batch 4440/8072 | Loss: 0.6856 | LR: 9.07e-05
Epoch 7/25 | Batch 4480/8072 | Loss: 0.6831 | LR: 9.07e-05
Epoch 7/25 | Batch 4520/8072 | Loss: 0.7266 | LR: 9.07e-05
Epoch 7/25 | Batch 4560/8072 | Loss: 0.7011 | LR: 9.07e-05
Epoch 7/25 | Batch 4600/8072 | Loss: 0.6901 | LR: 9.07e-05
Epoch 7/25 | Batch 4640/8072 | Loss: 0.7194 | LR: 9.06e-05
Epoch 7/25 | Batch 4680/8072 | Loss: 0.7056 | LR: 9.06e-05
Epoch 7/25 | Batch 4720/8072 | Loss: 0.6893 | LR: 9.06e-05
Epoch 7/25 | Batch 4760/8072 | Loss: 0.7071 | LR: 9.06e-05
Epoch 7/25 | Batch 4800/8072 | Loss: 0.6891 | LR: 9.06e-05
Epoch 7/25 | Batch 4840/8072 | Loss: 0.6808 | LR: 9.05e-05
Epoch 7/25 | Batch 4880/8072 | Loss: 0.6920 | LR: 9.05e-05
Epoch 7/25 | Batch 4920/8072 | Loss: 0.6892 | LR: 9.05e-05
Epoch 7/25 | Batch 4960/8072 | Loss: 0.6946 | LR: 9.05e-05
Epoch 7/25 | Batch 5000/8072 | Loss: 0.6826 | LR: 9.05e-05
Epoch 7/25 | Batch 5040/8072 | Loss: 0.7192 | LR: 9.04e-05
Epoch 7/25 | Batch 5080/8072 | Loss: 0.7019 | LR: 9.04e-05
Epoch 7/25 | Batch 5120/8072 | Loss: 0.6846 | LR: 9.04e-05
Epoch 7/25 | Batch 5160/8072 | Loss: 0.6930 | LR: 9.04e-05
Epoch 7/25 | Batch 5200/8072 | Loss: 0.7039 | LR: 9.04e-05
Epoch 7/25 | Batch 5240/8072 | Loss: 0.6813 | LR: 9.04e-05
Epoch 7/25 | Batch 5280/8072 | Loss: 0.6837 | LR: 9.03e-05
Epoch 7/25 | Batch 5320/8072 | Loss: 0.7498 | LR: 9.03e-05
Epoch 7/25 | Batch 5360/8072 | Loss: 0.6829 | LR: 9.03e-05
Epoch 7/25 | Batch 5400/8072 | Loss: 0.6834 | LR: 9.03e-05
Epoch 7/25 | Batch 5440/8072 | Loss: 0.6914 | LR: 9.03e-05
Epoch 7/25 | Batch 5480/8072 | Loss: 0.7014 | LR: 9.02e-05
Epoch 7/25 | Batch 5520/8072 | Loss: 0.7470 | LR: 9.02e-05
Epoch 7/25 | Batch 5560/8072 | Loss: 0.6831 | LR: 9.02e-05
Epoch 7/25 | Batch 5600/8072 | Loss: 0.6875 | LR: 9.02e-05
Epoch 7/25 | Batch 5640/8072 | Loss: 0.7153 | LR: 9.02e-05
Epoch 7/25 | Batch 5680/8072 | Loss: 0.6884 | LR: 9.01e-05
Epoch 7/25 | Batch 5720/8072 | Loss: 0.6955 | LR: 9.01e-05
Epoch 7/25 | Batch 5760/8072 | Loss: 0.6922 | LR: 9.01e-05
Epoch 7/25 | Batch 5800/8072 | Loss: 0.6831 | LR: 9.01e-05
Epoch 7/25 | Batch 5840/8072 | Loss: 0.7021 | LR: 9.00e-05
Epoch 7/25 | Batch 5880/8072 | Loss: 0.6813 | LR: 9.00e-05
Epoch 7/25 | Batch 5920/8072 | Loss: 0.6874 | LR: 9.00e-05
Epoch 7/25 | Batch 5960/8072 | Loss: 0.7075 | LR: 9.00e-05
Epoch 7/25 | Batch 6000/8072 | Loss: 0.6847 | LR: 9.00e-05
Epoch 7/25 | Batch 6040/8072 | Loss: 0.6923 | LR: 8.99e-05
Epoch 7/25 | Batch 6080/8072 | Loss: 0.8153 | LR: 8.99e-05
Epoch 7/25 | Batch 6120/8072 | Loss: 0.6883 | LR: 8.99e-05
Epoch 7/25 | Batch 6160/8072 | Loss: 0.7100 | LR: 8.99e-05
Epoch 7/25 | Batch 6200/8072 | Loss: 0.7002 | LR: 8.99e-05
Epoch 7/25 | Batch 6240/8072 | Loss: 0.6922 | LR: 8.98e-05
Epoch 7/25 | Batch 6280/8072 | Loss: 0.6847 | LR: 8.98e-05
Epoch 7/25 | Batch 6320/8072 | Loss: 0.6972 | LR: 8.98e-05
Epoch 7/25 | Batch 6360/8072 | Loss: 0.6851 | LR: 8.98e-05
Epoch 7/25 | Batch 6400/8072 | Loss: 0.6837 | LR: 8.98e-05
Epoch 7/25 | Batch 6440/8072 | Loss: 0.6916 | LR: 8.97e-05
Epoch 7/25 | Batch 6480/8072 | Loss: 0.6986 | LR: 8.97e-05
Epoch 7/25 | Batch 6520/8072 | Loss: 0.6925 | LR: 8.97e-05
Epoch 7/25 | Batch 6560/8072 | Loss: 0.6834 | LR: 8.97e-05
Epoch 7/25 | Batch 6600/8072 | Loss: 0.6898 | LR: 8.97e-05
Epoch 7/25 | Batch 6640/8072 | Loss: 0.6829 | LR: 8.96e-05
Epoch 7/25 | Batch 6680/8072 | Loss: 0.7038 | LR: 8.96e-05
Epoch 7/25 | Batch 6720/8072 | Loss: 0.7151 | LR: 8.96e-05
Epoch 7/25 | Batch 6760/8072 | Loss: 0.6898 | LR: 8.96e-05
Epoch 7/25 | Batch 6800/8072 | Loss: 0.6924 | LR: 8.96e-05
Epoch 7/25 | Batch 6840/8072 | Loss: 0.7119 | LR: 8.95e-05
Epoch 7/25 | Batch 6880/8072 | Loss: 0.7086 | LR: 8.95e-05
Epoch 7/25 | Batch 6920/8072 | Loss: 0.7046 | LR: 8.95e-05
Epoch 7/25 | Batch 6960/8072 | Loss: 0.6818 | LR: 8.95e-05
Epoch 7/25 | Batch 7000/8072 | Loss: 0.6871 | LR: 8.95e-05
Epoch 7/25 | Batch 7040/8072 | Loss: 0.6854 | LR: 8.94e-05
Epoch 7/25 | Batch 7080/8072 | Loss: 0.7091 | LR: 8.94e-05
Epoch 7/25 | Batch 7120/8072 | Loss: 0.6861 | LR: 8.94e-05
Epoch 7/25 | Batch 7160/8072 | Loss: 0.6844 | LR: 8.94e-05
Epoch 7/25 | Batch 7200/8072 | Loss: 0.7483 | LR: 8.94e-05
Epoch 7/25 | Batch 7240/8072 | Loss: 0.6893 | LR: 8.93e-05
Epoch 7/25 | Batch 7280/8072 | Loss: 0.6971 | LR: 8.93e-05
Epoch 7/25 | Batch 7320/8072 | Loss: 0.7032 | LR: 8.93e-05
Epoch 7/25 | Batch 7360/8072 | Loss: 0.6841 | LR: 8.93e-05
Epoch 7/25 | Batch 7400/8072 | Loss: 0.6864 | LR: 8.93e-05
Epoch 7/25 | Batch 7440/8072 | Loss: 0.7304 | LR: 8.92e-05
Epoch 7/25 | Batch 7480/8072 | Loss: 0.7235 | LR: 8.92e-05
Epoch 7/25 | Batch 7520/8072 | Loss: 0.7025 | LR: 8.92e-05
Epoch 7/25 | Batch 7560/8072 | Loss: 0.6832 | LR: 8.92e-05
Epoch 7/25 | Batch 7600/8072 | Loss: 0.6827 | LR: 8.91e-05
Epoch 7/25 | Batch 7640/8072 | Loss: 0.6836 | LR: 8.91e-05
Epoch 7/25 | Batch 7680/8072 | Loss: 0.7092 | LR: 8.91e-05
Epoch 7/25 | Batch 7720/8072 | Loss: 0.6938 | LR: 8.91e-05
Epoch 7/25 | Batch 7760/8072 | Loss: 0.7952 | LR: 8.91e-05
Epoch 7/25 | Batch 7800/8072 | Loss: 0.6838 | LR: 8.90e-05
Epoch 7/25 | Batch 7840/8072 | Loss: 0.6933 | LR: 8.90e-05
Epoch 7/25 | Batch 7880/8072 | Loss: 0.6944 | LR: 8.90e-05
Epoch 7/25 | Batch 7920/8072 | Loss: 0.6825 | LR: 8.90e-05
Epoch 7/25 | Batch 7960/8072 | Loss: 0.7233 | LR: 8.90e-05
Epoch 7/25 | Batch 8000/8072 | Loss: 0.7024 | LR: 8.89e-05
Epoch 7/25 | Batch 8040/8072 | Loss: 0.6826 | LR: 8.89e-05
  Sample - Pred: [34, 40, 20, 2, 23, 40, 18, 40, 10, 3, 40, 20, 3, 21, 40] | True: [34, 40, 20, 2, 23, 40, 29, 18, 40, 10, 3, 40, 20, 25, 9]

Epoch 7 Summary:
  Train Loss: 0.6990
  Val Loss: 0.7178
  PER: 0.2056
  Avg LR: 9.09e-05
------------------------------------------------------------
  ** New best model saved! PER: 0.2056
Epoch 8/25 | Batch 0/8072 | Loss: 0.7084 | LR: 8.89e-05
Epoch 8/25 | Batch 40/8072 | Loss: 0.6885 | LR: 8.89e-05
Epoch 8/25 | Batch 80/8072 | Loss: 0.6827 | LR: 8.89e-05
Epoch 8/25 | Batch 120/8072 | Loss: 0.6845 | LR: 8.88e-05
Epoch 8/25 | Batch 160/8072 | Loss: 0.6863 | LR: 8.88e-05
Epoch 8/25 | Batch 200/8072 | Loss: 0.7238 | LR: 8.88e-05
Epoch 8/25 | Batch 240/8072 | Loss: 0.6857 | LR: 8.88e-05
Epoch 8/25 | Batch 280/8072 | Loss: 0.6914 | LR: 8.87e-05
Epoch 8/25 | Batch 320/8072 | Loss: 0.6930 | LR: 8.87e-05
Epoch 8/25 | Batch 360/8072 | Loss: 0.6987 | LR: 8.87e-05
Epoch 8/25 | Batch 400/8072 | Loss: 0.7022 | LR: 8.87e-05
Epoch 8/25 | Batch 440/8072 | Loss: 0.6854 | LR: 8.87e-05
Epoch 8/25 | Batch 480/8072 | Loss: 0.6894 | LR: 8.86e-05
Epoch 8/25 | Batch 520/8072 | Loss: 0.7053 | LR: 8.86e-05
Epoch 8/25 | Batch 560/8072 | Loss: 0.7143 | LR: 8.86e-05
Epoch 8/25 | Batch 600/8072 | Loss: 0.7118 | LR: 8.86e-05
Epoch 8/25 | Batch 640/8072 | Loss: 0.6878 | LR: 8.86e-05
Epoch 8/25 | Batch 680/8072 | Loss: 0.6828 | LR: 8.85e-05
Epoch 8/25 | Batch 720/8072 | Loss: 0.6837 | LR: 8.85e-05
Epoch 8/25 | Batch 760/8072 | Loss: 0.6824 | LR: 8.85e-05
Epoch 8/25 | Batch 800/8072 | Loss: 0.6849 | LR: 8.85e-05
Epoch 8/25 | Batch 840/8072 | Loss: 0.6943 | LR: 8.84e-05
Epoch 8/25 | Batch 880/8072 | Loss: 0.6936 | LR: 8.84e-05
Epoch 8/25 | Batch 920/8072 | Loss: 0.6851 | LR: 8.84e-05
Epoch 8/25 | Batch 960/8072 | Loss: 0.6818 | LR: 8.84e-05
Epoch 8/25 | Batch 1000/8072 | Loss: 0.6852 | LR: 8.84e-05
Epoch 8/25 | Batch 1040/8072 | Loss: 0.6937 | LR: 8.83e-05
Epoch 8/25 | Batch 1080/8072 | Loss: 0.6855 | LR: 8.83e-05
Epoch 8/25 | Batch 1120/8072 | Loss: 0.7085 | LR: 8.83e-05
Epoch 8/25 | Batch 1160/8072 | Loss: 0.6834 | LR: 8.83e-05
Epoch 8/25 | Batch 1200/8072 | Loss: 0.7111 | LR: 8.83e-05
Epoch 8/25 | Batch 1240/8072 | Loss: 0.6884 | LR: 8.82e-05
Epoch 8/25 | Batch 1280/8072 | Loss: 0.6948 | LR: 8.82e-05
Epoch 8/25 | Batch 1320/8072 | Loss: 0.6982 | LR: 8.82e-05
Epoch 8/25 | Batch 1360/8072 | Loss: 0.6950 | LR: 8.82e-05
Epoch 8/25 | Batch 1400/8072 | Loss: 0.6982 | LR: 8.81e-05
Epoch 8/25 | Batch 1440/8072 | Loss: 0.7236 | LR: 8.81e-05
Epoch 8/25 | Batch 1480/8072 | Loss: 0.6866 | LR: 8.81e-05
Epoch 8/25 | Batch 1520/8072 | Loss: 0.6859 | LR: 8.81e-05
Epoch 8/25 | Batch 1560/8072 | Loss: 0.7441 | LR: 8.81e-05
Epoch 8/25 | Batch 1600/8072 | Loss: 0.6820 | LR: 8.80e-05
Epoch 8/25 | Batch 1640/8072 | Loss: 0.7055 | LR: 8.80e-05
Epoch 8/25 | Batch 1680/8072 | Loss: 0.7053 | LR: 8.80e-05
Epoch 8/25 | Batch 1720/8072 | Loss: 0.6895 | LR: 8.80e-05
Epoch 8/25 | Batch 1760/8072 | Loss: 0.6835 | LR: 8.80e-05
Epoch 8/25 | Batch 1800/8072 | Loss: 0.6953 | LR: 8.79e-05
Epoch 8/25 | Batch 1840/8072 | Loss: 0.6887 | LR: 8.79e-05
Epoch 8/25 | Batch 1880/8072 | Loss: 0.6853 | LR: 8.79e-05
Epoch 8/25 | Batch 1920/8072 | Loss: 0.6968 | LR: 8.79e-05
Epoch 8/25 | Batch 1960/8072 | Loss: 0.7950 | LR: 8.78e-05
Epoch 8/25 | Batch 2000/8072 | Loss: 0.6990 | LR: 8.78e-05
Epoch 8/25 | Batch 2040/8072 | Loss: 0.7030 | LR: 8.78e-05
Epoch 8/25 | Batch 2080/8072 | Loss: 0.6841 | LR: 8.78e-05
Epoch 8/25 | Batch 2120/8072 | Loss: 0.6823 | LR: 8.78e-05
Epoch 8/25 | Batch 2160/8072 | Loss: 0.6822 | LR: 8.77e-05
Epoch 8/25 | Batch 2200/8072 | Loss: 0.6829 | LR: 8.77e-05
Epoch 8/25 | Batch 2240/8072 | Loss: 0.7288 | LR: 8.77e-05
Epoch 8/25 | Batch 2280/8072 | Loss: 0.6877 | LR: 8.77e-05
Epoch 8/25 | Batch 2320/8072 | Loss: 0.7166 | LR: 8.76e-05
Epoch 8/25 | Batch 2360/8072 | Loss: 0.6958 | LR: 8.76e-05
Epoch 8/25 | Batch 2400/8072 | Loss: 0.6974 | LR: 8.76e-05
Epoch 8/25 | Batch 2440/8072 | Loss: 0.6861 | LR: 8.76e-05
Epoch 8/25 | Batch 2480/8072 | Loss: 0.6933 | LR: 8.76e-05
Epoch 8/25 | Batch 2520/8072 | Loss: 0.6864 | LR: 8.75e-05
Epoch 8/25 | Batch 2560/8072 | Loss: 0.6836 | LR: 8.75e-05
Epoch 8/25 | Batch 2600/8072 | Loss: 0.6964 | LR: 8.75e-05
Epoch 8/25 | Batch 2640/8072 | Loss: 0.6842 | LR: 8.75e-05
Epoch 8/25 | Batch 2680/8072 | Loss: 0.6842 | LR: 8.74e-05
Epoch 8/25 | Batch 2720/8072 | Loss: 0.6976 | LR: 8.74e-05
Epoch 8/25 | Batch 2760/8072 | Loss: 0.7178 | LR: 8.74e-05
Epoch 8/25 | Batch 2800/8072 | Loss: 0.6842 | LR: 8.74e-05
Epoch 8/25 | Batch 2840/8072 | Loss: 0.7054 | LR: 8.74e-05
Epoch 8/25 | Batch 2880/8072 | Loss: 0.7754 | LR: 8.73e-05
Epoch 8/25 | Batch 2920/8072 | Loss: 0.6963 | LR: 8.73e-05
Epoch 8/25 | Batch 2960/8072 | Loss: 0.6852 | LR: 8.73e-05
Epoch 8/25 | Batch 3000/8072 | Loss: 0.7036 | LR: 8.73e-05
Epoch 8/25 | Batch 3040/8072 | Loss: 0.7051 | LR: 8.72e-05
Epoch 8/25 | Batch 3080/8072 | Loss: 0.6957 | LR: 8.72e-05
Epoch 8/25 | Batch 3120/8072 | Loss: 0.7162 | LR: 8.72e-05
Epoch 8/25 | Batch 3160/8072 | Loss: 0.6929 | LR: 8.72e-05
Epoch 8/25 | Batch 3200/8072 | Loss: 0.6970 | LR: 8.72e-05
Epoch 8/25 | Batch 3240/8072 | Loss: 0.6865 | LR: 8.71e-05
Epoch 8/25 | Batch 3280/8072 | Loss: 0.6879 | LR: 8.71e-05
Epoch 8/25 | Batch 3320/8072 | Loss: 0.7359 | LR: 8.71e-05
Epoch 8/25 | Batch 3360/8072 | Loss: 0.6825 | LR: 8.71e-05
Epoch 8/25 | Batch 3400/8072 | Loss: 0.7121 | LR: 8.70e-05
Epoch 8/25 | Batch 3440/8072 | Loss: 0.6886 | LR: 8.70e-05
Epoch 8/25 | Batch 3480/8072 | Loss: 0.6942 | LR: 8.70e-05
Epoch 8/25 | Batch 3520/8072 | Loss: 0.7148 | LR: 8.70e-05
Epoch 8/25 | Batch 3560/8072 | Loss: 0.6985 | LR: 8.69e-05
Epoch 8/25 | Batch 3600/8072 | Loss: 0.6924 | LR: 8.69e-05
Epoch 8/25 | Batch 3640/8072 | Loss: 0.6876 | LR: 8.69e-05
Epoch 8/25 | Batch 3680/8072 | Loss: 0.6927 | LR: 8.69e-05
Epoch 8/25 | Batch 3720/8072 | Loss: 0.6876 | LR: 8.69e-05
Epoch 8/25 | Batch 3760/8072 | Loss: 0.6971 | LR: 8.68e-05
Epoch 8/25 | Batch 3800/8072 | Loss: 0.7121 | LR: 8.68e-05
Epoch 8/25 | Batch 3840/8072 | Loss: 0.6852 | LR: 8.68e-05
Epoch 8/25 | Batch 3880/8072 | Loss: 0.6838 | LR: 8.68e-05
Epoch 8/25 | Batch 3920/8072 | Loss: 0.6879 | LR: 8.67e-05
Epoch 8/25 | Batch 3960/8072 | Loss: 0.6931 | LR: 8.67e-05
Epoch 8/25 | Batch 4000/8072 | Loss: 0.7121 | LR: 8.67e-05
Epoch 8/25 | Batch 4040/8072 | Loss: 0.6822 | LR: 8.67e-05
Epoch 8/25 | Batch 4080/8072 | Loss: 0.6829 | LR: 8.67e-05
Epoch 8/25 | Batch 4120/8072 | Loss: 0.6831 | LR: 8.66e-05
Epoch 8/25 | Batch 4160/8072 | Loss: 0.7342 | LR: 8.66e-05
Epoch 8/25 | Batch 4200/8072 | Loss: 0.6871 | LR: 8.66e-05
Epoch 8/25 | Batch 4240/8072 | Loss: 0.6960 | LR: 8.66e-05
Epoch 8/25 | Batch 4280/8072 | Loss: 0.7016 | LR: 8.65e-05
Epoch 8/25 | Batch 4320/8072 | Loss: 0.6928 | LR: 8.65e-05
Epoch 8/25 | Batch 4360/8072 | Loss: 0.7117 | LR: 8.65e-05
Epoch 8/25 | Batch 4400/8072 | Loss: 0.6890 | LR: 8.65e-05
Epoch 8/25 | Batch 4440/8072 | Loss: 0.6855 | LR: 8.64e-05
Epoch 8/25 | Batch 4480/8072 | Loss: 0.6897 | LR: 8.64e-05
Epoch 8/25 | Batch 4520/8072 | Loss: 0.6978 | LR: 8.64e-05
Epoch 8/25 | Batch 4560/8072 | Loss: 0.6936 | LR: 8.64e-05
Epoch 8/25 | Batch 4600/8072 | Loss: 0.6969 | LR: 8.64e-05
Epoch 8/25 | Batch 4640/8072 | Loss: 0.6952 | LR: 8.63e-05
Epoch 8/25 | Batch 4680/8072 | Loss: 0.6842 | LR: 8.63e-05
Epoch 8/25 | Batch 4720/8072 | Loss: 0.6977 | LR: 8.63e-05
Epoch 8/25 | Batch 4760/8072 | Loss: 0.6953 | LR: 8.63e-05
Epoch 8/25 | Batch 4800/8072 | Loss: 0.6971 | LR: 8.62e-05
Epoch 8/25 | Batch 4840/8072 | Loss: 0.6889 | LR: 8.62e-05
Epoch 8/25 | Batch 4880/8072 | Loss: 0.6820 | LR: 8.62e-05
Epoch 8/25 | Batch 4920/8072 | Loss: 0.6922 | LR: 8.62e-05
Epoch 8/25 | Batch 4960/8072 | Loss: 0.6883 | LR: 8.61e-05
Epoch 8/25 | Batch 5000/8072 | Loss: 0.6943 | LR: 8.61e-05
Epoch 8/25 | Batch 5040/8072 | Loss: 0.7220 | LR: 8.61e-05
Epoch 8/25 | Batch 5080/8072 | Loss: 0.6873 | LR: 8.61e-05
Epoch 8/25 | Batch 5120/8072 | Loss: 0.7022 | LR: 8.61e-05
Epoch 8/25 | Batch 5160/8072 | Loss: 0.6906 | LR: 8.60e-05
Epoch 8/25 | Batch 5200/8072 | Loss: 0.6852 | LR: 8.60e-05
Epoch 8/25 | Batch 5240/8072 | Loss: 0.6873 | LR: 8.60e-05
Epoch 8/25 | Batch 5280/8072 | Loss: 0.6821 | LR: 8.60e-05
Epoch 8/25 | Batch 5320/8072 | Loss: 0.7061 | LR: 8.59e-05
Epoch 8/25 | Batch 5360/8072 | Loss: 0.6915 | LR: 8.59e-05
Epoch 8/25 | Batch 5400/8072 | Loss: 0.6980 | LR: 8.59e-05
Epoch 8/25 | Batch 5440/8072 | Loss: 0.6877 | LR: 8.59e-05
Epoch 8/25 | Batch 5480/8072 | Loss: 0.6819 | LR: 8.58e-05
Epoch 8/25 | Batch 5520/8072 | Loss: 0.7112 | LR: 8.58e-05
Epoch 8/25 | Batch 5560/8072 | Loss: 0.6908 | LR: 8.58e-05
Epoch 8/25 | Batch 5600/8072 | Loss: 0.6900 | LR: 8.58e-05
Epoch 8/25 | Batch 5640/8072 | Loss: 0.6828 | LR: 8.57e-05
Epoch 8/25 | Batch 5680/8072 | Loss: 0.6942 | LR: 8.57e-05
Epoch 8/25 | Batch 5720/8072 | Loss: 0.7024 | LR: 8.57e-05
Epoch 8/25 | Batch 5760/8072 | Loss: 0.7277 | LR: 8.57e-05
Epoch 8/25 | Batch 5800/8072 | Loss: 0.6838 | LR: 8.57e-05
Epoch 8/25 | Batch 5840/8072 | Loss: 0.6871 | LR: 8.56e-05
Epoch 8/25 | Batch 5880/8072 | Loss: 0.6859 | LR: 8.56e-05
Epoch 8/25 | Batch 5920/8072 | Loss: 0.6906 | LR: 8.56e-05
Epoch 8/25 | Batch 5960/8072 | Loss: 0.6985 | LR: 8.56e-05
Epoch 8/25 | Batch 6000/8072 | Loss: 0.7119 | LR: 8.55e-05
Epoch 8/25 | Batch 6040/8072 | Loss: 0.6963 | LR: 8.55e-05
Epoch 8/25 | Batch 6080/8072 | Loss: 0.6812 | LR: 8.55e-05
Epoch 8/25 | Batch 6120/8072 | Loss: 0.6865 | LR: 8.55e-05
Epoch 8/25 | Batch 6160/8072 | Loss: 0.6831 | LR: 8.54e-05
Epoch 8/25 | Batch 6200/8072 | Loss: 0.6944 | LR: 8.54e-05
Epoch 8/25 | Batch 6240/8072 | Loss: 0.7385 | LR: 8.54e-05
Epoch 8/25 | Batch 6280/8072 | Loss: 0.7020 | LR: 8.54e-05
Epoch 8/25 | Batch 6320/8072 | Loss: 0.6896 | LR: 8.53e-05
Epoch 8/25 | Batch 6360/8072 | Loss: 0.6906 | LR: 8.53e-05
Epoch 8/25 | Batch 6400/8072 | Loss: 0.6871 | LR: 8.53e-05
Epoch 8/25 | Batch 6440/8072 | Loss: 0.7109 | LR: 8.53e-05
Epoch 8/25 | Batch 6480/8072 | Loss: 0.6990 | LR: 8.52e-05
Epoch 8/25 | Batch 6520/8072 | Loss: 0.6821 | LR: 8.52e-05
Epoch 8/25 | Batch 6560/8072 | Loss: 0.6868 | LR: 8.52e-05
Epoch 8/25 | Batch 6600/8072 | Loss: 0.7021 | LR: 8.52e-05
Epoch 8/25 | Batch 6640/8072 | Loss: 0.6922 | LR: 8.52e-05
Epoch 8/25 | Batch 6680/8072 | Loss: 0.7436 | LR: 8.51e-05
Epoch 8/25 | Batch 6720/8072 | Loss: 0.6917 | LR: 8.51e-05
Epoch 8/25 | Batch 6760/8072 | Loss: 0.6935 | LR: 8.51e-05
Epoch 8/25 | Batch 6800/8072 | Loss: 0.6818 | LR: 8.51e-05
Epoch 8/25 | Batch 6840/8072 | Loss: 0.6902 | LR: 8.50e-05
Epoch 8/25 | Batch 6880/8072 | Loss: 0.7088 | LR: 8.50e-05
Epoch 8/25 | Batch 6920/8072 | Loss: 0.7117 | LR: 8.50e-05
Epoch 8/25 | Batch 6960/8072 | Loss: 0.6822 | LR: 8.50e-05
Epoch 8/25 | Batch 7000/8072 | Loss: 0.6988 | LR: 8.49e-05
Epoch 8/25 | Batch 7040/8072 | Loss: 0.6890 | LR: 8.49e-05
Epoch 8/25 | Batch 7080/8072 | Loss: 0.7034 | LR: 8.49e-05
Epoch 8/25 | Batch 7120/8072 | Loss: 0.6921 | LR: 8.49e-05
Epoch 8/25 | Batch 7160/8072 | Loss: 0.6821 | LR: 8.48e-05
Epoch 8/25 | Batch 7200/8072 | Loss: 0.7083 | LR: 8.48e-05
Epoch 8/25 | Batch 7240/8072 | Loss: 0.6922 | LR: 8.48e-05
Epoch 8/25 | Batch 7280/8072 | Loss: 0.6998 | LR: 8.48e-05
Epoch 8/25 | Batch 7320/8072 | Loss: 0.6941 | LR: 8.47e-05
Epoch 8/25 | Batch 7360/8072 | Loss: 0.7019 | LR: 8.47e-05
Epoch 8/25 | Batch 7400/8072 | Loss: 0.6899 | LR: 8.47e-05
Epoch 8/25 | Batch 7440/8072 | Loss: 0.6869 | LR: 8.47e-05
Epoch 8/25 | Batch 7480/8072 | Loss: 0.6923 | LR: 8.46e-05
Epoch 8/25 | Batch 7520/8072 | Loss: 0.6850 | LR: 8.46e-05
Epoch 8/25 | Batch 7560/8072 | Loss: 0.6839 | LR: 8.46e-05
Epoch 8/25 | Batch 7600/8072 | Loss: 0.6882 | LR: 8.46e-05
Epoch 8/25 | Batch 7640/8072 | Loss: 0.6922 | LR: 8.45e-05
Epoch 8/25 | Batch 7680/8072 | Loss: 0.6848 | LR: 8.45e-05
Epoch 8/25 | Batch 7720/8072 | Loss: 0.6838 | LR: 8.45e-05
Epoch 8/25 | Batch 7760/8072 | Loss: 0.6812 | LR: 8.45e-05
Epoch 8/25 | Batch 7800/8072 | Loss: 0.6851 | LR: 8.45e-05
Epoch 8/25 | Batch 7840/8072 | Loss: 0.6827 | LR: 8.44e-05
Epoch 8/25 | Batch 7880/8072 | Loss: 0.7277 | LR: 8.44e-05
Epoch 8/25 | Batch 7920/8072 | Loss: 0.7114 | LR: 8.44e-05
Epoch 8/25 | Batch 7960/8072 | Loss: 0.6847 | LR: 8.44e-05
Epoch 8/25 | Batch 8000/8072 | Loss: 0.6844 | LR: 8.43e-05
Epoch 8/25 | Batch 8040/8072 | Loss: 0.6969 | LR: 8.43e-05
  Sample - Pred: [34, 40, 20, 2, 23, 40, 29, 18, 40, 10, 3, 40, 20, 25, 21] | True: [34, 40, 20, 2, 23, 40, 29, 18, 40, 10, 3, 40, 20, 25, 9]

Epoch 8 Summary:
  Train Loss: 0.6958
  Val Loss: 0.7107
  PER: 0.1772
  Avg LR: 8.66e-05
------------------------------------------------------------
  ** New best model saved! PER: 0.1772
Epoch 9/25 | Batch 0/8072 | Loss: 0.6983 | LR: 8.43e-05
Epoch 9/25 | Batch 40/8072 | Loss: 0.6928 | LR: 8.43e-05
Epoch 9/25 | Batch 80/8072 | Loss: 0.6873 | LR: 8.42e-05
Epoch 9/25 | Batch 120/8072 | Loss: 0.6850 | LR: 8.42e-05
Epoch 9/25 | Batch 160/8072 | Loss: 0.6820 | LR: 8.42e-05
Epoch 9/25 | Batch 200/8072 | Loss: 0.6900 | LR: 8.42e-05
Epoch 9/25 | Batch 240/8072 | Loss: 0.6910 | LR: 8.41e-05
Epoch 9/25 | Batch 280/8072 | Loss: 0.6862 | LR: 8.41e-05
Epoch 9/25 | Batch 320/8072 | Loss: 0.6847 | LR: 8.41e-05
Epoch 9/25 | Batch 360/8072 | Loss: 0.6861 | LR: 8.41e-05
Epoch 9/25 | Batch 400/8072 | Loss: 0.6836 | LR: 8.40e-05
Epoch 9/25 | Batch 440/8072 | Loss: 0.7226 | LR: 8.40e-05
Epoch 9/25 | Batch 480/8072 | Loss: 0.6889 | LR: 8.40e-05
Epoch 9/25 | Batch 520/8072 | Loss: 0.6856 | LR: 8.40e-05
Epoch 9/25 | Batch 560/8072 | Loss: 0.6877 | LR: 8.39e-05
Epoch 9/25 | Batch 600/8072 | Loss: 0.6816 | LR: 8.39e-05
Epoch 9/25 | Batch 640/8072 | Loss: 0.6888 | LR: 8.39e-05
Epoch 9/25 | Batch 680/8072 | Loss: 0.6926 | LR: 8.39e-05
Epoch 9/25 | Batch 720/8072 | Loss: 0.6914 | LR: 8.38e-05
Epoch 9/25 | Batch 760/8072 | Loss: 0.6818 | LR: 8.38e-05
Epoch 9/25 | Batch 800/8072 | Loss: 0.7011 | LR: 8.38e-05
Epoch 9/25 | Batch 840/8072 | Loss: 0.6901 | LR: 8.38e-05
Epoch 9/25 | Batch 880/8072 | Loss: 0.6939 | LR: 8.37e-05
Epoch 9/25 | Batch 920/8072 | Loss: 0.6811 | LR: 8.37e-05
Epoch 9/25 | Batch 960/8072 | Loss: 0.6825 | LR: 8.37e-05
Epoch 9/25 | Batch 1000/8072 | Loss: 0.6866 | LR: 8.37e-05
Epoch 9/25 | Batch 1040/8072 | Loss: 0.6896 | LR: 8.36e-05
Epoch 9/25 | Batch 1080/8072 | Loss: 0.6966 | LR: 8.36e-05
Epoch 9/25 | Batch 1120/8072 | Loss: 0.6850 | LR: 8.36e-05
Epoch 9/25 | Batch 1160/8072 | Loss: 0.6875 | LR: 8.36e-05
Epoch 9/25 | Batch 1200/8072 | Loss: 0.6851 | LR: 8.35e-05
Epoch 9/25 | Batch 1240/8072 | Loss: 0.6840 | LR: 8.35e-05
Epoch 9/25 | Batch 1280/8072 | Loss: 0.7185 | LR: 8.35e-05
Epoch 9/25 | Batch 1320/8072 | Loss: 0.6915 | LR: 8.35e-05
Epoch 9/25 | Batch 1360/8072 | Loss: 0.7324 | LR: 8.34e-05
Epoch 9/25 | Batch 1400/8072 | Loss: 0.6811 | LR: 8.34e-05
Epoch 9/25 | Batch 1440/8072 | Loss: 0.6851 | LR: 8.34e-05
Epoch 9/25 | Batch 1480/8072 | Loss: 0.6914 | LR: 8.34e-05
Epoch 9/25 | Batch 1520/8072 | Loss: 0.6829 | LR: 8.33e-05
Epoch 9/25 | Batch 1560/8072 | Loss: 0.6882 | LR: 8.33e-05
Epoch 9/25 | Batch 1600/8072 | Loss: 0.7131 | LR: 8.33e-05
Epoch 9/25 | Batch 1640/8072 | Loss: 0.6891 | LR: 8.33e-05
Epoch 9/25 | Batch 1680/8072 | Loss: 0.6838 | LR: 8.32e-05
Epoch 9/25 | Batch 1720/8072 | Loss: 0.7096 | LR: 8.32e-05
Epoch 9/25 | Batch 1760/8072 | Loss: 0.7117 | LR: 8.32e-05
Epoch 9/25 | Batch 1800/8072 | Loss: 0.6835 | LR: 8.32e-05
Epoch 9/25 | Batch 1840/8072 | Loss: 0.6898 | LR: 8.31e-05
Epoch 9/25 | Batch 1880/8072 | Loss: 0.6863 | LR: 8.31e-05
Epoch 9/25 | Batch 1920/8072 | Loss: 0.6896 | LR: 8.31e-05
Epoch 9/25 | Batch 1960/8072 | Loss: 0.6886 | LR: 8.31e-05
Epoch 9/25 | Batch 2000/8072 | Loss: 0.6865 | LR: 8.30e-05
Epoch 9/25 | Batch 2040/8072 | Loss: 0.6861 | LR: 8.30e-05
Epoch 9/25 | Batch 2080/8072 | Loss: 0.6923 | LR: 8.30e-05
Epoch 9/25 | Batch 2120/8072 | Loss: 0.7159 | LR: 8.30e-05
Epoch 9/25 | Batch 2160/8072 | Loss: 0.6817 | LR: 8.29e-05
Epoch 9/25 | Batch 2200/8072 | Loss: 0.6825 | LR: 8.29e-05
Epoch 9/25 | Batch 2240/8072 | Loss: 0.6820 | LR: 8.29e-05
Epoch 9/25 | Batch 2280/8072 | Loss: 0.6867 | LR: 8.29e-05
Epoch 9/25 | Batch 2320/8072 | Loss: 0.7067 | LR: 8.28e-05
Epoch 9/25 | Batch 2360/8072 | Loss: 0.7012 | LR: 8.28e-05
Epoch 9/25 | Batch 2400/8072 | Loss: 0.6816 | LR: 8.28e-05
Epoch 9/25 | Batch 2440/8072 | Loss: 0.6917 | LR: 8.28e-05
Epoch 9/25 | Batch 2480/8072 | Loss: 0.6946 | LR: 8.27e-05
Epoch 9/25 | Batch 2520/8072 | Loss: 0.6882 | LR: 8.27e-05
Epoch 9/25 | Batch 2560/8072 | Loss: 0.6994 | LR: 8.27e-05
Epoch 9/25 | Batch 2600/8072 | Loss: 0.6856 | LR: 8.27e-05
Epoch 9/25 | Batch 2640/8072 | Loss: 0.6952 | LR: 8.26e-05
Epoch 9/25 | Batch 2680/8072 | Loss: 0.7162 | LR: 8.26e-05
Epoch 9/25 | Batch 2720/8072 | Loss: 0.7346 | LR: 8.26e-05
Epoch 9/25 | Batch 2760/8072 | Loss: 0.6844 | LR: 8.26e-05
Epoch 9/25 | Batch 2800/8072 | Loss: 0.6919 | LR: 8.25e-05
Epoch 9/25 | Batch 2840/8072 | Loss: 0.6916 | LR: 8.25e-05
Epoch 9/25 | Batch 2880/8072 | Loss: 0.6833 | LR: 8.25e-05
Epoch 9/25 | Batch 2920/8072 | Loss: 0.6950 | LR: 8.25e-05
Epoch 9/25 | Batch 2960/8072 | Loss: 0.6864 | LR: 8.24e-05
Epoch 9/25 | Batch 3000/8072 | Loss: 0.6989 | LR: 8.24e-05
Epoch 9/25 | Batch 3040/8072 | Loss: 0.6854 | LR: 8.24e-05
Epoch 9/25 | Batch 3080/8072 | Loss: 0.6812 | LR: 8.24e-05
Epoch 9/25 | Batch 3120/8072 | Loss: 0.6852 | LR: 8.23e-05
Epoch 9/25 | Batch 3160/8072 | Loss: 0.6828 | LR: 8.23e-05
Epoch 9/25 | Batch 3200/8072 | Loss: 0.6855 | LR: 8.23e-05
Epoch 9/25 | Batch 3240/8072 | Loss: 0.6845 | LR: 8.23e-05
Epoch 9/25 | Batch 3280/8072 | Loss: 0.6888 | LR: 8.22e-05
Epoch 9/25 | Batch 3320/8072 | Loss: 0.6833 | LR: 8.22e-05
Epoch 9/25 | Batch 3360/8072 | Loss: 0.6857 | LR: 8.22e-05
Epoch 9/25 | Batch 3400/8072 | Loss: 0.6858 | LR: 8.22e-05
Epoch 9/25 | Batch 3440/8072 | Loss: 0.6838 | LR: 8.21e-05
Epoch 9/25 | Batch 3480/8072 | Loss: 0.6828 | LR: 8.21e-05
Epoch 9/25 | Batch 3520/8072 | Loss: 0.6824 | LR: 8.21e-05
Epoch 9/25 | Batch 3560/8072 | Loss: 0.6892 | LR: 8.20e-05
Epoch 9/25 | Batch 3600/8072 | Loss: 0.6816 | LR: 8.20e-05
Epoch 9/25 | Batch 3640/8072 | Loss: 0.6916 | LR: 8.20e-05
Epoch 9/25 | Batch 3680/8072 | Loss: 0.6965 | LR: 8.20e-05
Epoch 9/25 | Batch 3720/8072 | Loss: 0.6820 | LR: 8.19e-05
Epoch 9/25 | Batch 3760/8072 | Loss: 0.6892 | LR: 8.19e-05
Epoch 9/25 | Batch 3800/8072 | Loss: 0.7058 | LR: 8.19e-05
Epoch 9/25 | Batch 3840/8072 | Loss: 0.6931 | LR: 8.19e-05
Epoch 9/25 | Batch 3880/8072 | Loss: 0.6869 | LR: 8.18e-05
Epoch 9/25 | Batch 3920/8072 | Loss: 0.6822 | LR: 8.18e-05
Epoch 9/25 | Batch 3960/8072 | Loss: 0.6893 | LR: 8.18e-05
Epoch 9/25 | Batch 4000/8072 | Loss: 0.6803 | LR: 8.18e-05
Epoch 9/25 | Batch 4040/8072 | Loss: 0.6840 | LR: 8.17e-05
Epoch 9/25 | Batch 4080/8072 | Loss: 0.6818 | LR: 8.17e-05
Epoch 9/25 | Batch 4120/8072 | Loss: 0.7085 | LR: 8.17e-05
Epoch 9/25 | Batch 4160/8072 | Loss: 0.6992 | LR: 8.17e-05
Epoch 9/25 | Batch 4200/8072 | Loss: 0.6846 | LR: 8.16e-05
Epoch 9/25 | Batch 4240/8072 | Loss: 0.6866 | LR: 8.16e-05
Epoch 9/25 | Batch 4280/8072 | Loss: 0.6956 | LR: 8.16e-05
Epoch 9/25 | Batch 4320/8072 | Loss: 0.7020 | LR: 8.16e-05
Epoch 9/25 | Batch 4360/8072 | Loss: 0.6936 | LR: 8.15e-05
Epoch 9/25 | Batch 4400/8072 | Loss: 0.6829 | LR: 8.15e-05
Epoch 9/25 | Batch 4440/8072 | Loss: 0.6853 | LR: 8.15e-05
Epoch 9/25 | Batch 4480/8072 | Loss: 0.6959 | LR: 8.14e-05
Epoch 9/25 | Batch 4520/8072 | Loss: 0.6942 | LR: 8.14e-05
Epoch 9/25 | Batch 4560/8072 | Loss: 0.6913 | LR: 8.14e-05
Epoch 9/25 | Batch 4600/8072 | Loss: 0.6890 | LR: 8.14e-05
Epoch 9/25 | Batch 4640/8072 | Loss: 0.6839 | LR: 8.13e-05
Epoch 9/25 | Batch 4680/8072 | Loss: 0.6878 | LR: 8.13e-05
Epoch 9/25 | Batch 4720/8072 | Loss: 0.6838 | LR: 8.13e-05
Epoch 9/25 | Batch 4760/8072 | Loss: 0.7190 | LR: 8.13e-05
Epoch 9/25 | Batch 4800/8072 | Loss: 0.6958 | LR: 8.12e-05
Epoch 9/25 | Batch 4840/8072 | Loss: 0.6930 | LR: 8.12e-05
Epoch 9/25 | Batch 4880/8072 | Loss: 0.6947 | LR: 8.12e-05
Epoch 9/25 | Batch 4920/8072 | Loss: 0.6899 | LR: 8.12e-05
Epoch 9/25 | Batch 4960/8072 | Loss: 0.6934 | LR: 8.11e-05
Epoch 9/25 | Batch 5000/8072 | Loss: 0.7130 | LR: 8.11e-05
Epoch 9/25 | Batch 5040/8072 | Loss: 0.6820 | LR: 8.11e-05
Epoch 9/25 | Batch 5080/8072 | Loss: 0.7442 | LR: 8.11e-05
Epoch 9/25 | Batch 5120/8072 | Loss: 0.6820 | LR: 8.10e-05
Epoch 9/25 | Batch 5160/8072 | Loss: 0.6979 | LR: 8.10e-05
Epoch 9/25 | Batch 5200/8072 | Loss: 0.6845 | LR: 8.10e-05
Epoch 9/25 | Batch 5240/8072 | Loss: 0.6813 | LR: 8.10e-05
Epoch 9/25 | Batch 5280/8072 | Loss: 0.6878 | LR: 8.09e-05
Epoch 9/25 | Batch 5320/8072 | Loss: 0.6850 | LR: 8.09e-05
Epoch 9/25 | Batch 5360/8072 | Loss: 0.7078 | LR: 8.09e-05
Epoch 9/25 | Batch 5400/8072 | Loss: 0.6868 | LR: 8.08e-05
Epoch 9/25 | Batch 5440/8072 | Loss: 0.6887 | LR: 8.08e-05
Epoch 9/25 | Batch 5480/8072 | Loss: 0.7178 | LR: 8.08e-05
Epoch 9/25 | Batch 5520/8072 | Loss: 0.6819 | LR: 8.08e-05
Epoch 9/25 | Batch 5560/8072 | Loss: 0.6941 | LR: 8.07e-05
Epoch 9/25 | Batch 5600/8072 | Loss: 0.7289 | LR: 8.07e-05
Epoch 9/25 | Batch 5640/8072 | Loss: 0.6832 | LR: 8.07e-05
Epoch 9/25 | Batch 5680/8072 | Loss: 0.6877 | LR: 8.07e-05
Epoch 9/25 | Batch 5720/8072 | Loss: 0.6901 | LR: 8.06e-05
Epoch 9/25 | Batch 5760/8072 | Loss: 0.6929 | LR: 8.06e-05
Epoch 9/25 | Batch 5800/8072 | Loss: 0.6856 | LR: 8.06e-05
Epoch 9/25 | Batch 5840/8072 | Loss: 0.6864 | LR: 8.06e-05
Epoch 9/25 | Batch 5880/8072 | Loss: 0.6864 | LR: 8.05e-05
Epoch 9/25 | Batch 5920/8072 | Loss: 0.7162 | LR: 8.05e-05
Epoch 9/25 | Batch 5960/8072 | Loss: 0.6863 | LR: 8.05e-05
Epoch 9/25 | Batch 6000/8072 | Loss: 0.7072 | LR: 8.04e-05
Epoch 9/25 | Batch 6040/8072 | Loss: 0.7074 | LR: 8.04e-05
Epoch 9/25 | Batch 6080/8072 | Loss: 0.6863 | LR: 8.04e-05
Epoch 9/25 | Batch 6120/8072 | Loss: 0.6811 | LR: 8.04e-05
Epoch 9/25 | Batch 6160/8072 | Loss: 0.6882 | LR: 8.03e-05
Epoch 9/25 | Batch 6200/8072 | Loss: 0.9024 | LR: 8.03e-05
Epoch 9/25 | Batch 6240/8072 | Loss: 0.6921 | LR: 8.03e-05
Epoch 9/25 | Batch 6280/8072 | Loss: 0.6843 | LR: 8.03e-05
Epoch 9/25 | Batch 6320/8072 | Loss: 0.6957 | LR: 8.02e-05
Epoch 9/25 | Batch 6360/8072 | Loss: 0.6814 | LR: 8.02e-05
Epoch 9/25 | Batch 6400/8072 | Loss: 0.6856 | LR: 8.02e-05
Epoch 9/25 | Batch 6440/8072 | Loss: 0.6872 | LR: 8.02e-05
Epoch 9/25 | Batch 6480/8072 | Loss: 0.6814 | LR: 8.01e-05
Epoch 9/25 | Batch 6520/8072 | Loss: 0.6883 | LR: 8.01e-05
Epoch 9/25 | Batch 6560/8072 | Loss: 0.6888 | LR: 8.01e-05
Epoch 9/25 | Batch 6600/8072 | Loss: 0.6929 | LR: 8.00e-05
Epoch 9/25 | Batch 6640/8072 | Loss: 0.6839 | LR: 8.00e-05
Epoch 9/25 | Batch 6680/8072 | Loss: 0.6941 | LR: 8.00e-05
Epoch 9/25 | Batch 6720/8072 | Loss: 0.7036 | LR: 8.00e-05
Epoch 9/25 | Batch 6760/8072 | Loss: 0.7024 | LR: 7.99e-05
Epoch 9/25 | Batch 6800/8072 | Loss: 0.6946 | LR: 7.99e-05
Epoch 9/25 | Batch 6840/8072 | Loss: 0.7034 | LR: 7.99e-05
Epoch 9/25 | Batch 6880/8072 | Loss: 0.7078 | LR: 7.99e-05
Epoch 9/25 | Batch 6920/8072 | Loss: 0.6890 | LR: 7.98e-05
Epoch 9/25 | Batch 6960/8072 | Loss: 0.7012 | LR: 7.98e-05
Epoch 9/25 | Batch 7000/8072 | Loss: 0.6814 | LR: 7.98e-05
Epoch 9/25 | Batch 7040/8072 | Loss: 0.6893 | LR: 7.97e-05
Epoch 9/25 | Batch 7080/8072 | Loss: 0.6849 | LR: 7.97e-05
Epoch 9/25 | Batch 7120/8072 | Loss: 0.6840 | LR: 7.97e-05
Epoch 9/25 | Batch 7160/8072 | Loss: 0.6994 | LR: 7.97e-05
Epoch 9/25 | Batch 7200/8072 | Loss: 0.6896 | LR: 7.96e-05
Epoch 9/25 | Batch 7240/8072 | Loss: 0.7239 | LR: 7.96e-05
Epoch 9/25 | Batch 7280/8072 | Loss: 0.7020 | LR: 7.96e-05
Epoch 9/25 | Batch 7320/8072 | Loss: 0.6851 | LR: 7.96e-05
Epoch 9/25 | Batch 7360/8072 | Loss: 0.6878 | LR: 7.95e-05
Epoch 9/25 | Batch 7400/8072 | Loss: 0.6827 | LR: 7.95e-05
Epoch 9/25 | Batch 7440/8072 | Loss: 0.6853 | LR: 7.95e-05
Epoch 9/25 | Batch 7480/8072 | Loss: 0.6825 | LR: 7.94e-05
Epoch 9/25 | Batch 7520/8072 | Loss: 0.6858 | LR: 7.94e-05
Epoch 9/25 | Batch 7560/8072 | Loss: 0.7087 | LR: 7.94e-05
Epoch 9/25 | Batch 7600/8072 | Loss: 0.6822 | LR: 7.94e-05
Epoch 9/25 | Batch 7640/8072 | Loss: 0.6854 | LR: 7.93e-05
Epoch 9/25 | Batch 7680/8072 | Loss: 0.6879 | LR: 7.93e-05
Epoch 9/25 | Batch 7720/8072 | Loss: 0.6887 | LR: 7.93e-05
Epoch 9/25 | Batch 7760/8072 | Loss: 0.6907 | LR: 7.93e-05
Epoch 9/25 | Batch 7800/8072 | Loss: 0.6829 | LR: 7.92e-05
Epoch 9/25 | Batch 7840/8072 | Loss: 0.6842 | LR: 7.92e-05
Epoch 9/25 | Batch 7880/8072 | Loss: 0.6945 | LR: 7.92e-05
Epoch 9/25 | Batch 7920/8072 | Loss: 0.6882 | LR: 7.91e-05
Epoch 9/25 | Batch 7960/8072 | Loss: 0.6940 | LR: 7.91e-05
Epoch 9/25 | Batch 8000/8072 | Loss: 0.6814 | LR: 7.91e-05
Epoch 9/25 | Batch 8040/8072 | Loss: 0.6825 | LR: 7.91e-05
  Sample - Pred: [34, 40, 20, 2, 23, 40, 22, 18, 40, 10, 3, 40, 20, 33, 9] | True: [34, 40, 20, 2, 23, 40, 29, 18, 40, 10, 3, 40, 20, 25, 9]

Epoch 9 Summary:
  Train Loss: 0.6928
  Val Loss: 0.7102
  PER: 0.1658
  Avg LR: 8.17e-05
------------------------------------------------------------
  ** New best model saved! PER: 0.1658
Epoch 10/25 | Batch 0/8072 | Loss: 0.6912 | LR: 7.90e-05
Epoch 10/25 | Batch 40/8072 | Loss: 0.7073 | LR: 7.90e-05
Epoch 10/25 | Batch 80/8072 | Loss: 0.6826 | LR: 7.90e-05
Epoch 10/25 | Batch 120/8072 | Loss: 0.6832 | LR: 7.90e-05
Epoch 10/25 | Batch 160/8072 | Loss: 0.6898 | LR: 7.89e-05
Epoch 10/25 | Batch 200/8072 | Loss: 0.6881 | LR: 7.89e-05
Epoch 10/25 | Batch 240/8072 | Loss: 0.6895 | LR: 7.89e-05
Epoch 10/25 | Batch 280/8072 | Loss: 0.6882 | LR: 7.89e-05
Epoch 10/25 | Batch 320/8072 | Loss: 0.6837 | LR: 7.88e-05
Epoch 10/25 | Batch 360/8072 | Loss: 0.6847 | LR: 7.88e-05
Epoch 10/25 | Batch 400/8072 | Loss: 0.6885 | LR: 7.88e-05
Epoch 10/25 | Batch 440/8072 | Loss: 0.6811 | LR: 7.87e-05
Epoch 10/25 | Batch 480/8072 | Loss: 0.6823 | LR: 7.87e-05
Epoch 10/25 | Batch 520/8072 | Loss: 0.6818 | LR: 7.87e-05
Epoch 10/25 | Batch 560/8072 | Loss: 0.6870 | LR: 7.87e-05
Epoch 10/25 | Batch 600/8072 | Loss: 0.7201 | LR: 7.86e-05
Epoch 10/25 | Batch 640/8072 | Loss: 0.6949 | LR: 7.86e-05
Epoch 10/25 | Batch 680/8072 | Loss: 0.7043 | LR: 7.86e-05
Epoch 10/25 | Batch 720/8072 | Loss: 0.6809 | LR: 7.86e-05
Epoch 10/25 | Batch 760/8072 | Loss: 0.6927 | LR: 7.85e-05
Epoch 10/25 | Batch 800/8072 | Loss: 0.6828 | LR: 7.85e-05
Epoch 10/25 | Batch 840/8072 | Loss: 0.6886 | LR: 7.85e-05
Epoch 10/25 | Batch 880/8072 | Loss: 0.6918 | LR: 7.84e-05
Epoch 10/25 | Batch 920/8072 | Loss: 0.6816 | LR: 7.84e-05
Epoch 10/25 | Batch 960/8072 | Loss: 0.6838 | LR: 7.84e-05
Epoch 10/25 | Batch 1000/8072 | Loss: 0.6976 | LR: 7.84e-05
Epoch 10/25 | Batch 1040/8072 | Loss: 0.6928 | LR: 7.83e-05
Epoch 10/25 | Batch 1080/8072 | Loss: 0.7051 | LR: 7.83e-05
Epoch 10/25 | Batch 1120/8072 | Loss: 0.6924 | LR: 7.83e-05
Epoch 10/25 | Batch 1160/8072 | Loss: 0.6844 | LR: 7.82e-05
Epoch 10/25 | Batch 1200/8072 | Loss: 0.6934 | LR: 7.82e-05
Epoch 10/25 | Batch 1240/8072 | Loss: 0.6830 | LR: 7.82e-05
Epoch 10/25 | Batch 1280/8072 | Loss: 0.6916 | LR: 7.82e-05
Epoch 10/25 | Batch 1320/8072 | Loss: 0.6842 | LR: 7.81e-05
Epoch 10/25 | Batch 1360/8072 | Loss: 0.6839 | LR: 7.81e-05
Epoch 10/25 | Batch 1400/8072 | Loss: 0.6830 | LR: 7.81e-05
Epoch 10/25 | Batch 1440/8072 | Loss: 0.6965 | LR: 7.81e-05
Epoch 10/25 | Batch 1480/8072 | Loss: 0.6838 | LR: 7.80e-05
Epoch 10/25 | Batch 1520/8072 | Loss: 0.6926 | LR: 7.80e-05
Epoch 10/25 | Batch 1560/8072 | Loss: 0.6845 | LR: 7.80e-05
Epoch 10/25 | Batch 1600/8072 | Loss: 0.6871 | LR: 7.79e-05
Epoch 10/25 | Batch 1640/8072 | Loss: 0.7128 | LR: 7.79e-05
Epoch 10/25 | Batch 1680/8072 | Loss: 0.6826 | LR: 7.79e-05
Epoch 10/25 | Batch 1720/8072 | Loss: 0.6808 | LR: 7.79e-05
Epoch 10/25 | Batch 1760/8072 | Loss: 0.6822 | LR: 7.78e-05
Epoch 10/25 | Batch 1800/8072 | Loss: 0.6845 | LR: 7.78e-05
Epoch 10/25 | Batch 1840/8072 | Loss: 0.6856 | LR: 7.78e-05
Epoch 10/25 | Batch 1880/8072 | Loss: 0.6975 | LR: 7.77e-05
Epoch 10/25 | Batch 1920/8072 | Loss: 0.6806 | LR: 7.77e-05
Epoch 10/25 | Batch 1960/8072 | Loss: 0.6910 | LR: 7.77e-05
Epoch 10/25 | Batch 2000/8072 | Loss: 0.6831 | LR: 7.77e-05
Epoch 10/25 | Batch 2040/8072 | Loss: 0.6815 | LR: 7.76e-05
Epoch 10/25 | Batch 2080/8072 | Loss: 0.6966 | LR: 7.76e-05
Epoch 10/25 | Batch 2120/8072 | Loss: 0.6988 | LR: 7.76e-05
Epoch 10/25 | Batch 2160/8072 | Loss: 0.6906 | LR: 7.75e-05
Epoch 10/25 | Batch 2200/8072 | Loss: 0.6961 | LR: 7.75e-05
Epoch 10/25 | Batch 2240/8072 | Loss: 0.6855 | LR: 7.75e-05
Epoch 10/25 | Batch 2280/8072 | Loss: 0.6833 | LR: 7.75e-05
Epoch 10/25 | Batch 2320/8072 | Loss: 0.6811 | LR: 7.74e-05
Epoch 10/25 | Batch 2360/8072 | Loss: 0.7171 | LR: 7.74e-05
Epoch 10/25 | Batch 2400/8072 | Loss: 0.6861 | LR: 7.74e-05
Epoch 10/25 | Batch 2440/8072 | Loss: 0.6851 | LR: 7.74e-05
Epoch 10/25 | Batch 2480/8072 | Loss: 0.6917 | LR: 7.73e-05
Epoch 10/25 | Batch 2520/8072 | Loss: 0.6965 | LR: 7.73e-05
Epoch 10/25 | Batch 2560/8072 | Loss: 0.6822 | LR: 7.73e-05
Epoch 10/25 | Batch 2600/8072 | Loss: 0.6810 | LR: 7.72e-05
Epoch 10/25 | Batch 2640/8072 | Loss: 0.6985 | LR: 7.72e-05
Epoch 10/25 | Batch 2680/8072 | Loss: 0.6846 | LR: 7.72e-05
Epoch 10/25 | Batch 2720/8072 | Loss: 0.6820 | LR: 7.72e-05
Epoch 10/25 | Batch 2760/8072 | Loss: 0.6875 | LR: 7.71e-05
Epoch 10/25 | Batch 2800/8072 | Loss: 0.6904 | LR: 7.71e-05
Epoch 10/25 | Batch 2840/8072 | Loss: 0.7030 | LR: 7.71e-05
Epoch 10/25 | Batch 2880/8072 | Loss: 0.6855 | LR: 7.70e-05
Epoch 10/25 | Batch 2920/8072 | Loss: 0.6832 | LR: 7.70e-05
Epoch 10/25 | Batch 2960/8072 | Loss: 0.6869 | LR: 7.70e-05
Epoch 10/25 | Batch 3000/8072 | Loss: 0.6807 | LR: 7.70e-05
Epoch 10/25 | Batch 3040/8072 | Loss: 0.6851 | LR: 7.69e-05
Epoch 10/25 | Batch 3080/8072 | Loss: 0.6882 | LR: 7.69e-05
Epoch 10/25 | Batch 3120/8072 | Loss: 0.6803 | LR: 7.69e-05
Epoch 10/25 | Batch 3160/8072 | Loss: 0.6810 | LR: 7.68e-05
Epoch 10/25 | Batch 3200/8072 | Loss: 0.6831 | LR: 7.68e-05
Epoch 10/25 | Batch 3240/8072 | Loss: 0.6863 | LR: 7.68e-05
Epoch 10/25 | Batch 3280/8072 | Loss: 0.7024 | LR: 7.68e-05
Epoch 10/25 | Batch 3320/8072 | Loss: 0.6806 | LR: 7.67e-05
Epoch 10/25 | Batch 3360/8072 | Loss: 0.6826 | LR: 7.67e-05
Epoch 10/25 | Batch 3400/8072 | Loss: 0.6874 | LR: 7.67e-05
Epoch 10/25 | Batch 3440/8072 | Loss: 0.6922 | LR: 7.66e-05
Epoch 10/25 | Batch 3480/8072 | Loss: 0.6893 | LR: 7.66e-05
Epoch 10/25 | Batch 3520/8072 | Loss: 0.6819 | LR: 7.66e-05
Epoch 10/25 | Batch 3560/8072 | Loss: 0.6992 | LR: 7.66e-05
Epoch 10/25 | Batch 3600/8072 | Loss: 0.6872 | LR: 7.65e-05
Epoch 10/25 | Batch 3640/8072 | Loss: 0.6835 | LR: 7.65e-05
Epoch 10/25 | Batch 3680/8072 | Loss: 0.7062 | LR: 7.65e-05
Epoch 10/25 | Batch 3720/8072 | Loss: 0.6909 | LR: 7.64e-05
Epoch 10/25 | Batch 3760/8072 | Loss: 0.6947 | LR: 7.64e-05
Epoch 10/25 | Batch 3800/8072 | Loss: 0.6865 | LR: 7.64e-05
Epoch 10/25 | Batch 3840/8072 | Loss: 0.6915 | LR: 7.64e-05
Epoch 10/25 | Batch 3880/8072 | Loss: 0.6926 | LR: 7.63e-05
Epoch 10/25 | Batch 3920/8072 | Loss: 0.6971 | LR: 7.63e-05
Epoch 10/25 | Batch 3960/8072 | Loss: 0.6857 | LR: 7.63e-05
Epoch 10/25 | Batch 4000/8072 | Loss: 0.6933 | LR: 7.62e-05
Epoch 10/25 | Batch 4040/8072 | Loss: 0.6869 | LR: 7.62e-05
Epoch 10/25 | Batch 4080/8072 | Loss: 0.6851 | LR: 7.62e-05
Epoch 10/25 | Batch 4120/8072 | Loss: 0.6888 | LR: 7.62e-05
Epoch 10/25 | Batch 4160/8072 | Loss: 0.6833 | LR: 7.61e-05
Epoch 10/25 | Batch 4200/8072 | Loss: 0.6822 | LR: 7.61e-05
Epoch 10/25 | Batch 4240/8072 | Loss: 0.6816 | LR: 7.61e-05
Epoch 10/25 | Batch 4280/8072 | Loss: 0.6836 | LR: 7.60e-05
Epoch 10/25 | Batch 4320/8072 | Loss: 0.6813 | LR: 7.60e-05
Epoch 10/25 | Batch 4360/8072 | Loss: 0.6823 | LR: 7.60e-05
Epoch 10/25 | Batch 4400/8072 | Loss: 0.6944 | LR: 7.60e-05
Epoch 10/25 | Batch 4440/8072 | Loss: 0.7084 | LR: 7.59e-05
Epoch 10/25 | Batch 4480/8072 | Loss: 0.6848 | LR: 7.59e-05
Epoch 10/25 | Batch 4520/8072 | Loss: 0.6857 | LR: 7.59e-05
Epoch 10/25 | Batch 4560/8072 | Loss: 0.6836 | LR: 7.58e-05
Epoch 10/25 | Batch 4600/8072 | Loss: 0.6848 | LR: 7.58e-05
Epoch 10/25 | Batch 4640/8072 | Loss: 0.6840 | LR: 7.58e-05
Epoch 10/25 | Batch 4680/8072 | Loss: 0.6938 | LR: 7.58e-05
Epoch 10/25 | Batch 4720/8072 | Loss: 0.6834 | LR: 7.57e-05
Epoch 10/25 | Batch 4760/8072 | Loss: 0.6926 | LR: 7.57e-05
Epoch 10/25 | Batch 4800/8072 | Loss: 0.6916 | LR: 7.57e-05
Epoch 10/25 | Batch 4840/8072 | Loss: 0.6867 | LR: 7.56e-05
Epoch 10/25 | Batch 4880/8072 | Loss: 0.6835 | LR: 7.56e-05
Epoch 10/25 | Batch 4920/8072 | Loss: 0.6926 | LR: 7.56e-05
Epoch 10/25 | Batch 4960/8072 | Loss: 0.6807 | LR: 7.56e-05
Epoch 10/25 | Batch 5000/8072 | Loss: 0.6882 | LR: 7.55e-05
Epoch 10/25 | Batch 5040/8072 | Loss: 0.6857 | LR: 7.55e-05
Epoch 10/25 | Batch 5080/8072 | Loss: 0.7367 | LR: 7.55e-05
Epoch 10/25 | Batch 5120/8072 | Loss: 0.6956 | LR: 7.54e-05
Epoch 10/25 | Batch 5160/8072 | Loss: 0.6834 | LR: 7.54e-05
Epoch 10/25 | Batch 5200/8072 | Loss: 0.6817 | LR: 7.54e-05
Epoch 10/25 | Batch 5240/8072 | Loss: 0.6907 | LR: 7.54e-05
Epoch 10/25 | Batch 5280/8072 | Loss: 0.7001 | LR: 7.53e-05
Epoch 10/25 | Batch 5320/8072 | Loss: 0.6901 | LR: 7.53e-05
Epoch 10/25 | Batch 5360/8072 | Loss: 0.6885 | LR: 7.53e-05
Epoch 10/25 | Batch 5400/8072 | Loss: 0.6825 | LR: 7.52e-05
Epoch 10/25 | Batch 5440/8072 | Loss: 0.6895 | LR: 7.52e-05
Epoch 10/25 | Batch 5480/8072 | Loss: 0.6841 | LR: 7.52e-05
Epoch 10/25 | Batch 5520/8072 | Loss: 0.6843 | LR: 7.51e-05
Epoch 10/25 | Batch 5560/8072 | Loss: 0.6870 | LR: 7.51e-05
Epoch 10/25 | Batch 5600/8072 | Loss: 0.6841 | LR: 7.51e-05
Epoch 10/25 | Batch 5640/8072 | Loss: 0.6990 | LR: 7.51e-05
Epoch 10/25 | Batch 5680/8072 | Loss: 0.6874 | LR: 7.50e-05
Epoch 10/25 | Batch 5720/8072 | Loss: 0.6843 | LR: 7.50e-05
Epoch 10/25 | Batch 5760/8072 | Loss: 0.6927 | LR: 7.50e-05
Epoch 10/25 | Batch 5800/8072 | Loss: 0.6862 | LR: 7.49e-05
Epoch 10/25 | Batch 5840/8072 | Loss: 0.6893 | LR: 7.49e-05
Epoch 10/25 | Batch 5880/8072 | Loss: 0.7438 | LR: 7.49e-05
Epoch 10/25 | Batch 5920/8072 | Loss: 0.6833 | LR: 7.49e-05
Epoch 10/25 | Batch 5960/8072 | Loss: 0.6988 | LR: 7.48e-05
Epoch 10/25 | Batch 6000/8072 | Loss: 0.6830 | LR: 7.48e-05
Epoch 10/25 | Batch 6040/8072 | Loss: 0.6968 | LR: 7.48e-05
Epoch 10/25 | Batch 6080/8072 | Loss: 0.7155 | LR: 7.47e-05
Epoch 10/25 | Batch 6120/8072 | Loss: 0.7031 | LR: 7.47e-05
Epoch 10/25 | Batch 6160/8072 | Loss: 0.6882 | LR: 7.47e-05
Epoch 10/25 | Batch 6200/8072 | Loss: 0.6892 | LR: 7.47e-05
Epoch 10/25 | Batch 6240/8072 | Loss: 0.7120 | LR: 7.46e-05
Epoch 10/25 | Batch 6280/8072 | Loss: 0.6916 | LR: 7.46e-05
Epoch 10/25 | Batch 6320/8072 | Loss: 0.6861 | LR: 7.46e-05
Epoch 10/25 | Batch 6360/8072 | Loss: 0.6917 | LR: 7.45e-05
Epoch 10/25 | Batch 6400/8072 | Loss: 0.7042 | LR: 7.45e-05
Epoch 10/25 | Batch 6440/8072 | Loss: 0.6894 | LR: 7.45e-05
Epoch 10/25 | Batch 6480/8072 | Loss: 0.6957 | LR: 7.44e-05
Epoch 10/25 | Batch 6520/8072 | Loss: 0.6892 | LR: 7.44e-05
Epoch 10/25 | Batch 6560/8072 | Loss: 0.6851 | LR: 7.44e-05
Epoch 10/25 | Batch 6600/8072 | Loss: 0.6909 | LR: 7.44e-05
Epoch 10/25 | Batch 6640/8072 | Loss: 0.6842 | LR: 7.43e-05
Epoch 10/25 | Batch 6680/8072 | Loss: 0.6822 | LR: 7.43e-05
Epoch 10/25 | Batch 6720/8072 | Loss: 0.6834 | LR: 7.43e-05
Epoch 10/25 | Batch 6760/8072 | Loss: 0.6852 | LR: 7.42e-05
Epoch 10/25 | Batch 6800/8072 | Loss: 0.6860 | LR: 7.42e-05
Epoch 10/25 | Batch 6840/8072 | Loss: 0.6904 | LR: 7.42e-05
Epoch 10/25 | Batch 6880/8072 | Loss: 0.7009 | LR: 7.42e-05
Epoch 10/25 | Batch 6920/8072 | Loss: 0.6806 | LR: 7.41e-05
Epoch 10/25 | Batch 6960/8072 | Loss: 0.6931 | LR: 7.41e-05
Epoch 10/25 | Batch 7000/8072 | Loss: 0.6885 | LR: 7.41e-05
Epoch 10/25 | Batch 7040/8072 | Loss: 0.6823 | LR: 7.40e-05
Epoch 10/25 | Batch 7080/8072 | Loss: 0.7234 | LR: 7.40e-05
Epoch 10/25 | Batch 7120/8072 | Loss: 0.6864 | LR: 7.40e-05
Epoch 10/25 | Batch 7160/8072 | Loss: 0.6877 | LR: 7.39e-05
Epoch 10/25 | Batch 7200/8072 | Loss: 0.6867 | LR: 7.39e-05
Epoch 10/25 | Batch 7240/8072 | Loss: 0.6825 | LR: 7.39e-05
Epoch 10/25 | Batch 7280/8072 | Loss: 0.6837 | LR: 7.39e-05
Epoch 10/25 | Batch 7320/8072 | Loss: 0.6864 | LR: 7.38e-05
Epoch 10/25 | Batch 7360/8072 | Loss: 0.6808 | LR: 7.38e-05
Epoch 10/25 | Batch 7400/8072 | Loss: 0.6846 | LR: 7.38e-05
Epoch 10/25 | Batch 7440/8072 | Loss: 0.7101 | LR: 7.37e-05
Epoch 10/25 | Batch 7480/8072 | Loss: 0.6832 | LR: 7.37e-05
Epoch 10/25 | Batch 7520/8072 | Loss: 0.7009 | LR: 7.37e-05
Epoch 10/25 | Batch 7560/8072 | Loss: 0.7010 | LR: 7.37e-05
Epoch 10/25 | Batch 7600/8072 | Loss: 0.7112 | LR: 7.36e-05
Epoch 10/25 | Batch 7640/8072 | Loss: 0.6817 | LR: 7.36e-05
Epoch 10/25 | Batch 7680/8072 | Loss: 0.6832 | LR: 7.36e-05
Epoch 10/25 | Batch 7720/8072 | Loss: 0.6849 | LR: 7.35e-05
Epoch 10/25 | Batch 7760/8072 | Loss: 0.6873 | LR: 7.35e-05
Epoch 10/25 | Batch 7800/8072 | Loss: 0.6837 | LR: 7.35e-05
Epoch 10/25 | Batch 7840/8072 | Loss: 0.6980 | LR: 7.34e-05
Epoch 10/25 | Batch 7880/8072 | Loss: 0.7122 | LR: 7.34e-05
Epoch 10/25 | Batch 7920/8072 | Loss: 0.6904 | LR: 7.34e-05
Epoch 10/25 | Batch 7960/8072 | Loss: 0.6810 | LR: 7.34e-05
Epoch 10/25 | Batch 8000/8072 | Loss: 0.6866 | LR: 7.33e-05
Epoch 10/25 | Batch 8040/8072 | Loss: 0.6872 | LR: 7.33e-05
  Sample - Pred: [34, 40, 20, 2, 23, 40, 29, 18, 40, 10, 3, 40, 20, 3, 9] | True: [34, 40, 20, 2, 23, 40, 29, 18, 40, 10, 3, 40, 20, 25, 9]

Epoch 10 Summary:
  Train Loss: 0.6904
  Val Loss: 0.7080
  PER: 0.1513
  Avg LR: 7.62e-05
------------------------------------------------------------
  ** New best model saved! PER: 0.1513
Epoch 11/25 | Batch 0/8072 | Loss: 0.6839 | LR: 7.33e-05
Epoch 11/25 | Batch 40/8072 | Loss: 0.6830 | LR: 7.32e-05
Epoch 11/25 | Batch 80/8072 | Loss: 0.6875 | LR: 7.32e-05
Epoch 11/25 | Batch 120/8072 | Loss: 0.6915 | LR: 7.32e-05
Epoch 11/25 | Batch 160/8072 | Loss: 0.6842 | LR: 7.32e-05
Epoch 11/25 | Batch 200/8072 | Loss: 0.6819 | LR: 7.31e-05
Epoch 11/25 | Batch 240/8072 | Loss: 0.6988 | LR: 7.31e-05
Epoch 11/25 | Batch 280/8072 | Loss: 0.6922 | LR: 7.31e-05
Epoch 11/25 | Batch 320/8072 | Loss: 0.7152 | LR: 7.30e-05
Epoch 11/25 | Batch 360/8072 | Loss: 0.6928 | LR: 7.30e-05
Epoch 11/25 | Batch 400/8072 | Loss: 0.6929 | LR: 7.30e-05
Epoch 11/25 | Batch 440/8072 | Loss: 0.6817 | LR: 7.29e-05
Epoch 11/25 | Batch 480/8072 | Loss: 0.7019 | LR: 7.29e-05
Epoch 11/25 | Batch 520/8072 | Loss: 0.6868 | LR: 7.29e-05
Epoch 11/25 | Batch 560/8072 | Loss: 0.6811 | LR: 7.29e-05
Epoch 11/25 | Batch 600/8072 | Loss: 0.6895 | LR: 7.28e-05
Epoch 11/25 | Batch 640/8072 | Loss: 0.6890 | LR: 7.28e-05
Epoch 11/25 | Batch 680/8072 | Loss: 0.6843 | LR: 7.28e-05
Epoch 11/25 | Batch 720/8072 | Loss: 0.6817 | LR: 7.27e-05
Epoch 11/25 | Batch 760/8072 | Loss: 0.6863 | LR: 7.27e-05
Epoch 11/25 | Batch 800/8072 | Loss: 0.6872 | LR: 7.27e-05
Epoch 11/25 | Batch 840/8072 | Loss: 0.6926 | LR: 7.26e-05
Epoch 11/25 | Batch 880/8072 | Loss: 0.6872 | LR: 7.26e-05
Epoch 11/25 | Batch 920/8072 | Loss: 0.6811 | LR: 7.26e-05
Epoch 11/25 | Batch 960/8072 | Loss: 0.6895 | LR: 7.26e-05
Epoch 11/25 | Batch 1000/8072 | Loss: 0.6867 | LR: 7.25e-05
Epoch 11/25 | Batch 1040/8072 | Loss: 0.6816 | LR: 7.25e-05
Epoch 11/25 | Batch 1080/8072 | Loss: 0.6808 | LR: 7.25e-05
Epoch 11/25 | Batch 1120/8072 | Loss: 0.6902 | LR: 7.24e-05
Epoch 11/25 | Batch 1160/8072 | Loss: 0.6951 | LR: 7.24e-05
Epoch 11/25 | Batch 1200/8072 | Loss: 0.6878 | LR: 7.24e-05
Epoch 11/25 | Batch 1240/8072 | Loss: 0.6834 | LR: 7.23e-05
Epoch 11/25 | Batch 1280/8072 | Loss: 0.6879 | LR: 7.23e-05
Epoch 11/25 | Batch 1320/8072 | Loss: 0.6850 | LR: 7.23e-05
Epoch 11/25 | Batch 1360/8072 | Loss: 0.6845 | LR: 7.23e-05
Epoch 11/25 | Batch 1400/8072 | Loss: 0.6823 | LR: 7.22e-05
Epoch 11/25 | Batch 1440/8072 | Loss: 0.6814 | LR: 7.22e-05
Epoch 11/25 | Batch 1480/8072 | Loss: 0.6826 | LR: 7.22e-05
Epoch 11/25 | Batch 1520/8072 | Loss: 0.6807 | LR: 7.21e-05
Epoch 11/25 | Batch 1560/8072 | Loss: 0.6936 | LR: 7.21e-05
Epoch 11/25 | Batch 1600/8072 | Loss: 0.6810 | LR: 7.21e-05
Epoch 11/25 | Batch 1640/8072 | Loss: 0.7038 | LR: 7.20e-05
Epoch 11/25 | Batch 1680/8072 | Loss: 0.6857 | LR: 7.20e-05
Epoch 11/25 | Batch 1720/8072 | Loss: 0.7209 | LR: 7.20e-05
Epoch 11/25 | Batch 1760/8072 | Loss: 0.7092 | LR: 7.20e-05
Epoch 11/25 | Batch 1800/8072 | Loss: 0.7168 | LR: 7.19e-05
Epoch 11/25 | Batch 1840/8072 | Loss: 0.6922 | LR: 7.19e-05
Epoch 11/25 | Batch 1880/8072 | Loss: 0.7014 | LR: 7.19e-05
Epoch 11/25 | Batch 1920/8072 | Loss: 0.6868 | LR: 7.18e-05
Epoch 11/25 | Batch 1960/8072 | Loss: 0.6913 | LR: 7.18e-05
Epoch 11/25 | Batch 2000/8072 | Loss: 0.6824 | LR: 7.18e-05
Epoch 11/25 | Batch 2040/8072 | Loss: 0.6974 | LR: 7.17e-05
Epoch 11/25 | Batch 2080/8072 | Loss: 0.6821 | LR: 7.17e-05
Epoch 11/25 | Batch 2120/8072 | Loss: 0.6815 | LR: 7.17e-05
Epoch 11/25 | Batch 2160/8072 | Loss: 0.6821 | LR: 7.17e-05
Epoch 11/25 | Batch 2200/8072 | Loss: 0.6844 | LR: 7.16e-05
Epoch 11/25 | Batch 2240/8072 | Loss: 0.6819 | LR: 7.16e-05
Epoch 11/25 | Batch 2280/8072 | Loss: 0.6832 | LR: 7.16e-05
Epoch 11/25 | Batch 2320/8072 | Loss: 0.6928 | LR: 7.15e-05
Epoch 11/25 | Batch 2360/8072 | Loss: 0.6865 | LR: 7.15e-05
Epoch 11/25 | Batch 2400/8072 | Loss: 0.7050 | LR: 7.15e-05
Epoch 11/25 | Batch 2440/8072 | Loss: 0.6866 | LR: 7.14e-05
Epoch 11/25 | Batch 2480/8072 | Loss: 0.6839 | LR: 7.14e-05
Epoch 11/25 | Batch 2520/8072 | Loss: 0.6816 | LR: 7.14e-05
Epoch 11/25 | Batch 2560/8072 | Loss: 0.6860 | LR: 7.13e-05
Epoch 11/25 | Batch 2600/8072 | Loss: 0.6837 | LR: 7.13e-05
Epoch 11/25 | Batch 2640/8072 | Loss: 0.6880 | LR: 7.13e-05
Epoch 11/25 | Batch 2680/8072 | Loss: 0.6879 | LR: 7.13e-05
Epoch 11/25 | Batch 2720/8072 | Loss: 0.6902 | LR: 7.12e-05
Epoch 11/25 | Batch 2760/8072 | Loss: 0.6904 | LR: 7.12e-05
Epoch 11/25 | Batch 2800/8072 | Loss: 0.6892 | LR: 7.12e-05
Epoch 11/25 | Batch 2840/8072 | Loss: 0.6846 | LR: 7.11e-05
Epoch 11/25 | Batch 2880/8072 | Loss: 0.6855 | LR: 7.11e-05
Epoch 11/25 | Batch 2920/8072 | Loss: 0.6980 | LR: 7.11e-05
Epoch 11/25 | Batch 2960/8072 | Loss: 0.6828 | LR: 7.10e-05
Epoch 11/25 | Batch 3000/8072 | Loss: 0.6970 | LR: 7.10e-05
Epoch 11/25 | Batch 3040/8072 | Loss: 0.6926 | LR: 7.10e-05
Epoch 11/25 | Batch 3080/8072 | Loss: 0.6856 | LR: 7.10e-05
Epoch 11/25 | Batch 3120/8072 | Loss: 0.6831 | LR: 7.09e-05
Epoch 11/25 | Batch 3160/8072 | Loss: 0.6998 | LR: 7.09e-05
Epoch 11/25 | Batch 3200/8072 | Loss: 0.6845 | LR: 7.09e-05
Epoch 11/25 | Batch 3240/8072 | Loss: 0.6825 | LR: 7.08e-05
Epoch 11/25 | Batch 3280/8072 | Loss: 0.6857 | LR: 7.08e-05
Epoch 11/25 | Batch 3320/8072 | Loss: 0.6884 | LR: 7.08e-05
Epoch 11/25 | Batch 3360/8072 | Loss: 0.6876 | LR: 7.07e-05
Epoch 11/25 | Batch 3400/8072 | Loss: 0.6906 | LR: 7.07e-05
Epoch 11/25 | Batch 3440/8072 | Loss: 0.6813 | LR: 7.07e-05
Epoch 11/25 | Batch 3480/8072 | Loss: 0.6862 | LR: 7.06e-05
Epoch 11/25 | Batch 3520/8072 | Loss: 0.7030 | LR: 7.06e-05
Epoch 11/25 | Batch 3560/8072 | Loss: 0.6878 | LR: 7.06e-05
Epoch 11/25 | Batch 3600/8072 | Loss: 0.6822 | LR: 7.06e-05
Epoch 11/25 | Batch 3640/8072 | Loss: 0.7083 | LR: 7.05e-05
Epoch 11/25 | Batch 3680/8072 | Loss: 0.6805 | LR: 7.05e-05
Epoch 11/25 | Batch 3720/8072 | Loss: 0.7076 | LR: 7.05e-05
Epoch 11/25 | Batch 3760/8072 | Loss: 0.6899 | LR: 7.04e-05
Epoch 11/25 | Batch 3800/8072 | Loss: 0.6863 | LR: 7.04e-05
Epoch 11/25 | Batch 3840/8072 | Loss: 0.6931 | LR: 7.04e-05
Epoch 11/25 | Batch 3880/8072 | Loss: 0.6838 | LR: 7.03e-05
Epoch 11/25 | Batch 3920/8072 | Loss: 0.7045 | LR: 7.03e-05
Epoch 11/25 | Batch 3960/8072 | Loss: 0.6842 | LR: 7.03e-05
Epoch 11/25 | Batch 4000/8072 | Loss: 0.6829 | LR: 7.02e-05
Epoch 11/25 | Batch 4040/8072 | Loss: 0.6918 | LR: 7.02e-05
Epoch 11/25 | Batch 4080/8072 | Loss: 0.6830 | LR: 7.02e-05
Epoch 11/25 | Batch 4120/8072 | Loss: 0.6835 | LR: 7.02e-05
Epoch 11/25 | Batch 4160/8072 | Loss: 0.6814 | LR: 7.01e-05
Epoch 11/25 | Batch 4200/8072 | Loss: 0.6871 | LR: 7.01e-05
Epoch 11/25 | Batch 4240/8072 | Loss: 0.6824 | LR: 7.01e-05
Epoch 11/25 | Batch 4280/8072 | Loss: 0.6885 | LR: 7.00e-05
Epoch 11/25 | Batch 4320/8072 | Loss: 0.6966 | LR: 7.00e-05
Epoch 11/25 | Batch 4360/8072 | Loss: 0.6823 | LR: 7.00e-05
Epoch 11/25 | Batch 4400/8072 | Loss: 0.6878 | LR: 6.99e-05
Epoch 11/25 | Batch 4440/8072 | Loss: 0.7087 | LR: 6.99e-05
Epoch 11/25 | Batch 4480/8072 | Loss: 0.6818 | LR: 6.99e-05
Epoch 11/25 | Batch 4520/8072 | Loss: 0.7124 | LR: 6.98e-05
Epoch 11/25 | Batch 4560/8072 | Loss: 0.6821 | LR: 6.98e-05
Epoch 11/25 | Batch 4600/8072 | Loss: 0.6905 | LR: 6.98e-05
Epoch 11/25 | Batch 4640/8072 | Loss: 0.6804 | LR: 6.98e-05
Epoch 11/25 | Batch 4680/8072 | Loss: 0.6838 | LR: 6.97e-05
Epoch 11/25 | Batch 4720/8072 | Loss: 0.7001 | LR: 6.97e-05
Epoch 11/25 | Batch 4760/8072 | Loss: 0.6851 | LR: 6.97e-05
Epoch 11/25 | Batch 4800/8072 | Loss: 0.6933 | LR: 6.96e-05
Epoch 11/25 | Batch 4840/8072 | Loss: 0.6935 | LR: 6.96e-05
Epoch 11/25 | Batch 4880/8072 | Loss: 0.6810 | LR: 6.96e-05
Epoch 11/25 | Batch 4920/8072 | Loss: 0.6912 | LR: 6.95e-05
Epoch 11/25 | Batch 4960/8072 | Loss: 0.6883 | LR: 6.95e-05
Epoch 11/25 | Batch 5000/8072 | Loss: 0.6951 | LR: 6.95e-05
Epoch 11/25 | Batch 5040/8072 | Loss: 0.6827 | LR: 6.94e-05
Epoch 11/25 | Batch 5080/8072 | Loss: 0.6861 | LR: 6.94e-05
Epoch 11/25 | Batch 5120/8072 | Loss: 0.7206 | LR: 6.94e-05
Epoch 11/25 | Batch 5160/8072 | Loss: 0.6839 | LR: 6.94e-05
Epoch 11/25 | Batch 5200/8072 | Loss: 0.6812 | LR: 6.93e-05
Epoch 11/25 | Batch 5240/8072 | Loss: 0.6933 | LR: 6.93e-05
Epoch 11/25 | Batch 5280/8072 | Loss: 0.6952 | LR: 6.93e-05
Epoch 11/25 | Batch 5320/8072 | Loss: 0.7045 | LR: 6.92e-05
Epoch 11/25 | Batch 5360/8072 | Loss: 0.6873 | LR: 6.92e-05
Epoch 11/25 | Batch 5400/8072 | Loss: 0.7039 | LR: 6.92e-05
Epoch 11/25 | Batch 5440/8072 | Loss: 0.6850 | LR: 6.91e-05
Epoch 11/25 | Batch 5480/8072 | Loss: 0.6815 | LR: 6.91e-05
Epoch 11/25 | Batch 5520/8072 | Loss: 0.6812 | LR: 6.91e-05
Epoch 11/25 | Batch 5560/8072 | Loss: 0.6807 | LR: 6.90e-05
Epoch 11/25 | Batch 5600/8072 | Loss: 0.6807 | LR: 6.90e-05
Epoch 11/25 | Batch 5640/8072 | Loss: 0.6933 | LR: 6.90e-05
Epoch 11/25 | Batch 5680/8072 | Loss: 0.6817 | LR: 6.90e-05
Epoch 11/25 | Batch 5720/8072 | Loss: 0.7019 | LR: 6.89e-05
Epoch 11/25 | Batch 5760/8072 | Loss: 0.6835 | LR: 6.89e-05
Epoch 11/25 | Batch 5800/8072 | Loss: 0.7026 | LR: 6.89e-05
Epoch 11/25 | Batch 5840/8072 | Loss: 0.6827 | LR: 6.88e-05
Epoch 11/25 | Batch 5880/8072 | Loss: 0.6876 | LR: 6.88e-05
Epoch 11/25 | Batch 5920/8072 | Loss: 0.6909 | LR: 6.88e-05
Epoch 11/25 | Batch 5960/8072 | Loss: 0.6809 | LR: 6.87e-05
Epoch 11/25 | Batch 6000/8072 | Loss: 0.6819 | LR: 6.87e-05
Epoch 11/25 | Batch 6040/8072 | Loss: 0.6840 | LR: 6.87e-05
Epoch 11/25 | Batch 6080/8072 | Loss: 0.7017 | LR: 6.86e-05
Epoch 11/25 | Batch 6120/8072 | Loss: 0.6968 | LR: 6.86e-05
Epoch 11/25 | Batch 6160/8072 | Loss: 0.6812 | LR: 6.86e-05
Epoch 11/25 | Batch 6200/8072 | Loss: 0.6819 | LR: 6.85e-05
Epoch 11/25 | Batch 6240/8072 | Loss: 0.6937 | LR: 6.85e-05
Epoch 11/25 | Batch 6280/8072 | Loss: 0.7259 | LR: 6.85e-05
Epoch 11/25 | Batch 6320/8072 | Loss: 0.6876 | LR: 6.85e-05
Epoch 11/25 | Batch 6360/8072 | Loss: 0.6962 | LR: 6.84e-05
Epoch 11/25 | Batch 6400/8072 | Loss: 0.6828 | LR: 6.84e-05
Epoch 11/25 | Batch 6440/8072 | Loss: 0.6836 | LR: 6.84e-05
Epoch 11/25 | Batch 6480/8072 | Loss: 0.6910 | LR: 6.83e-05
Epoch 11/25 | Batch 6520/8072 | Loss: 0.6856 | LR: 6.83e-05
Epoch 11/25 | Batch 6560/8072 | Loss: 0.6817 | LR: 6.83e-05
Epoch 11/25 | Batch 6600/8072 | Loss: 0.6908 | LR: 6.82e-05
Epoch 11/25 | Batch 6640/8072 | Loss: 0.6849 | LR: 6.82e-05
Epoch 11/25 | Batch 6680/8072 | Loss: 0.6837 | LR: 6.82e-05
Epoch 11/25 | Batch 6720/8072 | Loss: 0.6840 | LR: 6.81e-05
Epoch 11/25 | Batch 6760/8072 | Loss: 0.6824 | LR: 6.81e-05
Epoch 11/25 | Batch 6800/8072 | Loss: 0.6847 | LR: 6.81e-05
Epoch 11/25 | Batch 6840/8072 | Loss: 0.6850 | LR: 6.80e-05
Epoch 11/25 | Batch 6880/8072 | Loss: 0.7528 | LR: 6.80e-05
Epoch 11/25 | Batch 6920/8072 | Loss: 0.6821 | LR: 6.80e-05
Epoch 11/25 | Batch 6960/8072 | Loss: 0.6816 | LR: 6.80e-05
Epoch 11/25 | Batch 7000/8072 | Loss: 0.6834 | LR: 6.79e-05
Epoch 11/25 | Batch 7040/8072 | Loss: 0.6954 | LR: 6.79e-05
Epoch 11/25 | Batch 7080/8072 | Loss: 0.6849 | LR: 6.79e-05
Epoch 11/25 | Batch 7120/8072 | Loss: 0.6815 | LR: 6.78e-05
Epoch 11/25 | Batch 7160/8072 | Loss: 0.6827 | LR: 6.78e-05
Epoch 11/25 | Batch 7200/8072 | Loss: 0.6866 | LR: 6.78e-05
Epoch 11/25 | Batch 7240/8072 | Loss: 0.6838 | LR: 6.77e-05
Epoch 11/25 | Batch 7280/8072 | Loss: 0.6851 | LR: 6.77e-05
Epoch 11/25 | Batch 7320/8072 | Loss: 0.7005 | LR: 6.77e-05
Epoch 11/25 | Batch 7360/8072 | Loss: 0.6834 | LR: 6.76e-05
Epoch 11/25 | Batch 7400/8072 | Loss: 0.6849 | LR: 6.76e-05
Epoch 11/25 | Batch 7440/8072 | Loss: 0.9032 | LR: 6.76e-05
Epoch 11/25 | Batch 7480/8072 | Loss: 0.6928 | LR: 6.75e-05
Epoch 11/25 | Batch 7520/8072 | Loss: 0.6811 | LR: 6.75e-05
Epoch 11/25 | Batch 7560/8072 | Loss: 0.6837 | LR: 6.75e-05
Epoch 11/25 | Batch 7600/8072 | Loss: 0.6806 | LR: 6.74e-05
Epoch 11/25 | Batch 7640/8072 | Loss: 0.6805 | LR: 6.74e-05
Epoch 11/25 | Batch 7680/8072 | Loss: 0.6809 | LR: 6.74e-05
Epoch 11/25 | Batch 7720/8072 | Loss: 0.6836 | LR: 6.74e-05
Epoch 11/25 | Batch 7760/8072 | Loss: 0.6844 | LR: 6.73e-05
Epoch 11/25 | Batch 7800/8072 | Loss: 0.6825 | LR: 6.73e-05
Epoch 11/25 | Batch 7840/8072 | Loss: 0.6826 | LR: 6.73e-05
Epoch 11/25 | Batch 7880/8072 | Loss: 0.7031 | LR: 6.72e-05
Epoch 11/25 | Batch 7920/8072 | Loss: 0.6850 | LR: 6.72e-05
Epoch 11/25 | Batch 7960/8072 | Loss: 0.6875 | LR: 6.72e-05
Epoch 11/25 | Batch 8000/8072 | Loss: 0.6823 | LR: 6.71e-05
Epoch 11/25 | Batch 8040/8072 | Loss: 0.6815 | LR: 6.71e-05
  Sample - Pred: [34, 40, 20, 2, 23, 40, 29, 18, 40, 10, 3, 40, 20, 3, 21] | True: [34, 40, 20, 2, 23, 40, 29, 18, 40, 10, 3, 40, 20, 25, 9]

Epoch 11 Summary:
  Train Loss: 0.6883
  Val Loss: 0.7074
  PER: 0.1514
  Avg LR: 7.02e-05
------------------------------------------------------------
Epoch 12/25 | Batch 0/8072 | Loss: 0.6808 | LR: 6.71e-05
Epoch 12/25 | Batch 40/8072 | Loss: 0.6908 | LR: 6.70e-05
Epoch 12/25 | Batch 80/8072 | Loss: 0.6913 | LR: 6.70e-05
Epoch 12/25 | Batch 120/8072 | Loss: 0.6892 | LR: 6.70e-05
Epoch 12/25 | Batch 160/8072 | Loss: 0.6824 | LR: 6.70e-05
Epoch 12/25 | Batch 200/8072 | Loss: 0.6819 | LR: 6.69e-05
Epoch 12/25 | Batch 240/8072 | Loss: 0.6931 | LR: 6.69e-05
Epoch 12/25 | Batch 280/8072 | Loss: 0.6847 | LR: 6.69e-05
Epoch 12/25 | Batch 320/8072 | Loss: 0.6829 | LR: 6.68e-05
Epoch 12/25 | Batch 360/8072 | Loss: 0.6825 | LR: 6.68e-05
Epoch 12/25 | Batch 400/8072 | Loss: 0.6841 | LR: 6.68e-05
Epoch 12/25 | Batch 440/8072 | Loss: 0.6806 | LR: 6.67e-05
Epoch 12/25 | Batch 480/8072 | Loss: 0.6825 | LR: 6.67e-05
Epoch 12/25 | Batch 520/8072 | Loss: 0.6826 | LR: 6.67e-05
Epoch 12/25 | Batch 560/8072 | Loss: 0.6839 | LR: 6.66e-05
Epoch 12/25 | Batch 600/8072 | Loss: 0.6835 | LR: 6.66e-05
Epoch 12/25 | Batch 640/8072 | Loss: 0.6873 | LR: 6.66e-05
Epoch 12/25 | Batch 680/8072 | Loss: 0.6994 | LR: 6.65e-05
Epoch 12/25 | Batch 720/8072 | Loss: 0.6850 | LR: 6.65e-05
Epoch 12/25 | Batch 760/8072 | Loss: 0.6816 | LR: 6.65e-05
Epoch 12/25 | Batch 800/8072 | Loss: 0.6882 | LR: 6.64e-05
Epoch 12/25 | Batch 840/8072 | Loss: 0.6864 | LR: 6.64e-05
Epoch 12/25 | Batch 880/8072 | Loss: 0.6811 | LR: 6.64e-05
Epoch 12/25 | Batch 920/8072 | Loss: 0.6849 | LR: 6.63e-05
Epoch 12/25 | Batch 960/8072 | Loss: 0.6847 | LR: 6.63e-05
Epoch 12/25 | Batch 1000/8072 | Loss: 0.6912 | LR: 6.63e-05
Epoch 12/25 | Batch 1040/8072 | Loss: 0.6811 | LR: 6.63e-05
Epoch 12/25 | Batch 1080/8072 | Loss: 0.6820 | LR: 6.62e-05
Epoch 12/25 | Batch 1120/8072 | Loss: 0.6858 | LR: 6.62e-05
Epoch 12/25 | Batch 1160/8072 | Loss: 0.6805 | LR: 6.62e-05
Epoch 12/25 | Batch 1200/8072 | Loss: 0.6813 | LR: 6.61e-05
Epoch 12/25 | Batch 1240/8072 | Loss: 0.6850 | LR: 6.61e-05
Epoch 12/25 | Batch 1280/8072 | Loss: 0.7150 | LR: 6.61e-05
Epoch 12/25 | Batch 1320/8072 | Loss: 0.6902 | LR: 6.60e-05
Epoch 12/25 | Batch 1360/8072 | Loss: 0.6896 | LR: 6.60e-05
Epoch 12/25 | Batch 1400/8072 | Loss: 0.6813 | LR: 6.60e-05
Epoch 12/25 | Batch 1440/8072 | Loss: 0.6844 | LR: 6.59e-05
Epoch 12/25 | Batch 1480/8072 | Loss: 0.6807 | LR: 6.59e-05
Epoch 12/25 | Batch 1520/8072 | Loss: 0.6987 | LR: 6.59e-05
Epoch 12/25 | Batch 1560/8072 | Loss: 0.7137 | LR: 6.58e-05
Epoch 12/25 | Batch 1600/8072 | Loss: 0.6833 | LR: 6.58e-05
Epoch 12/25 | Batch 1640/8072 | Loss: 0.6852 | LR: 6.58e-05
Epoch 12/25 | Batch 1680/8072 | Loss: 0.6880 | LR: 6.57e-05
Epoch 12/25 | Batch 1720/8072 | Loss: 0.6884 | LR: 6.57e-05
Epoch 12/25 | Batch 1760/8072 | Loss: 0.6854 | LR: 6.57e-05
Epoch 12/25 | Batch 1800/8072 | Loss: 0.6823 | LR: 6.56e-05
Epoch 12/25 | Batch 1840/8072 | Loss: 0.7010 | LR: 6.56e-05
Epoch 12/25 | Batch 1880/8072 | Loss: 0.6828 | LR: 6.56e-05
Epoch 12/25 | Batch 1920/8072 | Loss: 0.6892 | LR: 6.56e-05
Epoch 12/25 | Batch 1960/8072 | Loss: 0.6834 | LR: 6.55e-05
Epoch 12/25 | Batch 2000/8072 | Loss: 0.6903 | LR: 6.55e-05
Epoch 12/25 | Batch 2040/8072 | Loss: 0.6865 | LR: 6.55e-05
Epoch 12/25 | Batch 2080/8072 | Loss: 0.6832 | LR: 6.54e-05
Epoch 12/25 | Batch 2120/8072 | Loss: 0.6874 | LR: 6.54e-05
Epoch 12/25 | Batch 2160/8072 | Loss: 0.6820 | LR: 6.54e-05
Epoch 12/25 | Batch 2200/8072 | Loss: 0.6858 | LR: 6.53e-05
Epoch 12/25 | Batch 2240/8072 | Loss: 0.6817 | LR: 6.53e-05
Epoch 12/25 | Batch 2280/8072 | Loss: 0.6809 | LR: 6.53e-05
Epoch 12/25 | Batch 2320/8072 | Loss: 0.6826 | LR: 6.52e-05
Epoch 12/25 | Batch 2360/8072 | Loss: 0.6843 | LR: 6.52e-05
Epoch 12/25 | Batch 2400/8072 | Loss: 0.6855 | LR: 6.52e-05
Epoch 12/25 | Batch 2440/8072 | Loss: 0.7039 | LR: 6.51e-05
Epoch 12/25 | Batch 2480/8072 | Loss: 0.6854 | LR: 6.51e-05
Epoch 12/25 | Batch 2520/8072 | Loss: 0.6811 | LR: 6.51e-05
Epoch 12/25 | Batch 2560/8072 | Loss: 0.6813 | LR: 6.50e-05
Epoch 12/25 | Batch 2600/8072 | Loss: 0.6896 | LR: 6.50e-05
Epoch 12/25 | Batch 2640/8072 | Loss: 0.6806 | LR: 6.50e-05
Epoch 12/25 | Batch 2680/8072 | Loss: 0.6826 | LR: 6.49e-05
Epoch 12/25 | Batch 2720/8072 | Loss: 0.6825 | LR: 6.49e-05
Epoch 12/25 | Batch 2760/8072 | Loss: 0.6972 | LR: 6.49e-05
Epoch 12/25 | Batch 2800/8072 | Loss: 0.6846 | LR: 6.48e-05
Epoch 12/25 | Batch 2840/8072 | Loss: 0.6871 | LR: 6.48e-05
Epoch 12/25 | Batch 2880/8072 | Loss: 0.6952 | LR: 6.48e-05
Epoch 12/25 | Batch 2920/8072 | Loss: 0.6838 | LR: 6.48e-05
Epoch 12/25 | Batch 2960/8072 | Loss: 0.6845 | LR: 6.47e-05
Epoch 12/25 | Batch 3000/8072 | Loss: 0.6884 | LR: 6.47e-05
Epoch 12/25 | Batch 3040/8072 | Loss: 0.6814 | LR: 6.47e-05
Epoch 12/25 | Batch 3080/8072 | Loss: 0.6892 | LR: 6.46e-05
Epoch 12/25 | Batch 3120/8072 | Loss: 0.7405 | LR: 6.46e-05
Epoch 12/25 | Batch 3160/8072 | Loss: 0.7044 | LR: 6.46e-05
Epoch 12/25 | Batch 3200/8072 | Loss: 0.6842 | LR: 6.45e-05
Epoch 12/25 | Batch 3240/8072 | Loss: 0.6892 | LR: 6.45e-05
Epoch 12/25 | Batch 3280/8072 | Loss: 0.6847 | LR: 6.45e-05
Epoch 12/25 | Batch 3320/8072 | Loss: 0.6838 | LR: 6.44e-05
Epoch 12/25 | Batch 3360/8072 | Loss: 0.6850 | LR: 6.44e-05
Epoch 12/25 | Batch 3400/8072 | Loss: 0.6858 | LR: 6.44e-05
Epoch 12/25 | Batch 3440/8072 | Loss: 0.6867 | LR: 6.43e-05
Epoch 12/25 | Batch 3480/8072 | Loss: 0.6848 | LR: 6.43e-05
Epoch 12/25 | Batch 3520/8072 | Loss: 0.6832 | LR: 6.43e-05
Epoch 12/25 | Batch 3560/8072 | Loss: 0.6885 | LR: 6.42e-05
Epoch 12/25 | Batch 3600/8072 | Loss: 0.6817 | LR: 6.42e-05
Epoch 12/25 | Batch 3640/8072 | Loss: 0.6806 | LR: 6.42e-05
Epoch 12/25 | Batch 3680/8072 | Loss: 0.6817 | LR: 6.41e-05
Epoch 12/25 | Batch 3720/8072 | Loss: 0.6813 | LR: 6.41e-05
Epoch 12/25 | Batch 3760/8072 | Loss: 0.7263 | LR: 6.41e-05
Epoch 12/25 | Batch 3800/8072 | Loss: 0.6820 | LR: 6.40e-05
Epoch 12/25 | Batch 3840/8072 | Loss: 0.6845 | LR: 6.40e-05
Epoch 12/25 | Batch 3880/8072 | Loss: 0.6818 | LR: 6.40e-05
Epoch 12/25 | Batch 3920/8072 | Loss: 0.6865 | LR: 6.39e-05
Epoch 12/25 | Batch 3960/8072 | Loss: 0.6895 | LR: 6.39e-05
Epoch 12/25 | Batch 4000/8072 | Loss: 0.6876 | LR: 6.39e-05
Epoch 12/25 | Batch 4040/8072 | Loss: 0.6816 | LR: 6.39e-05
Epoch 12/25 | Batch 4080/8072 | Loss: 0.6852 | LR: 6.38e-05
Epoch 12/25 | Batch 4120/8072 | Loss: 0.6906 | LR: 6.38e-05
Epoch 12/25 | Batch 4160/8072 | Loss: 0.6956 | LR: 6.38e-05
Epoch 12/25 | Batch 4200/8072 | Loss: 0.6806 | LR: 6.37e-05
Epoch 12/25 | Batch 4240/8072 | Loss: 0.6952 | LR: 6.37e-05
Epoch 12/25 | Batch 4280/8072 | Loss: 0.6858 | LR: 6.37e-05
Epoch 12/25 | Batch 4320/8072 | Loss: 0.6927 | LR: 6.36e-05
Epoch 12/25 | Batch 4360/8072 | Loss: 0.6823 | LR: 6.36e-05
Epoch 12/25 | Batch 4400/8072 | Loss: 0.6875 | LR: 6.36e-05
Epoch 12/25 | Batch 4440/8072 | Loss: 0.6802 | LR: 6.35e-05
Epoch 12/25 | Batch 4480/8072 | Loss: 0.6937 | LR: 6.35e-05
Epoch 12/25 | Batch 4520/8072 | Loss: 0.6807 | LR: 6.35e-05
Epoch 12/25 | Batch 4560/8072 | Loss: 0.6820 | LR: 6.34e-05
Epoch 12/25 | Batch 4600/8072 | Loss: 0.7161 | LR: 6.34e-05
Epoch 12/25 | Batch 4640/8072 | Loss: 0.6905 | LR: 6.34e-05
Epoch 12/25 | Batch 4680/8072 | Loss: 0.6824 | LR: 6.33e-05
Epoch 12/25 | Batch 4720/8072 | Loss: 0.6903 | LR: 6.33e-05
Epoch 12/25 | Batch 4760/8072 | Loss: 0.6865 | LR: 6.33e-05
Epoch 12/25 | Batch 4800/8072 | Loss: 0.6842 | LR: 6.32e-05
Epoch 12/25 | Batch 4840/8072 | Loss: 0.6888 | LR: 6.32e-05
Epoch 12/25 | Batch 4880/8072 | Loss: 0.6877 | LR: 6.32e-05
Epoch 12/25 | Batch 4920/8072 | Loss: 0.6876 | LR: 6.31e-05
Epoch 12/25 | Batch 4960/8072 | Loss: 0.6813 | LR: 6.31e-05
Epoch 12/25 | Batch 5000/8072 | Loss: 0.6895 | LR: 6.31e-05
Epoch 12/25 | Batch 5040/8072 | Loss: 0.6835 | LR: 6.30e-05
Epoch 12/25 | Batch 5080/8072 | Loss: 0.6813 | LR: 6.30e-05
Epoch 12/25 | Batch 5120/8072 | Loss: 0.6886 | LR: 6.30e-05
Epoch 12/25 | Batch 5160/8072 | Loss: 0.6808 | LR: 6.29e-05
Epoch 12/25 | Batch 5200/8072 | Loss: 0.6807 | LR: 6.29e-05
Epoch 12/25 | Batch 5240/8072 | Loss: 0.6876 | LR: 6.29e-05
Epoch 12/25 | Batch 5280/8072 | Loss: 0.6827 | LR: 6.28e-05
Epoch 12/25 | Batch 5320/8072 | Loss: 0.6811 | LR: 6.28e-05
Epoch 12/25 | Batch 5360/8072 | Loss: 0.6841 | LR: 6.28e-05
Epoch 12/25 | Batch 5400/8072 | Loss: 0.6895 | LR: 6.28e-05
Epoch 12/25 | Batch 5440/8072 | Loss: 0.6828 | LR: 6.27e-05
Epoch 12/25 | Batch 5480/8072 | Loss: 0.6881 | LR: 6.27e-05
Epoch 12/25 | Batch 5520/8072 | Loss: 0.6887 | LR: 6.27e-05
Epoch 12/25 | Batch 5560/8072 | Loss: 0.6998 | LR: 6.26e-05
Epoch 12/25 | Batch 5600/8072 | Loss: 0.6852 | LR: 6.26e-05
Epoch 12/25 | Batch 5640/8072 | Loss: 0.6878 | LR: 6.26e-05
Epoch 12/25 | Batch 5680/8072 | Loss: 0.6951 | LR: 6.25e-05
Epoch 12/25 | Batch 5720/8072 | Loss: 0.6808 | LR: 6.25e-05
Epoch 12/25 | Batch 5760/8072 | Loss: 0.6840 | LR: 6.25e-05
Epoch 12/25 | Batch 5800/8072 | Loss: 0.6815 | LR: 6.24e-05
Epoch 12/25 | Batch 5840/8072 | Loss: 0.6875 | LR: 6.24e-05
Epoch 12/25 | Batch 5880/8072 | Loss: 0.6865 | LR: 6.24e-05
Epoch 12/25 | Batch 5920/8072 | Loss: 0.6939 | LR: 6.23e-05
Epoch 12/25 | Batch 5960/8072 | Loss: 0.6854 | LR: 6.23e-05
Epoch 12/25 | Batch 6000/8072 | Loss: 0.6812 | LR: 6.23e-05
Epoch 12/25 | Batch 6040/8072 | Loss: 0.6908 | LR: 6.22e-05
Epoch 12/25 | Batch 6080/8072 | Loss: 0.6805 | LR: 6.22e-05
Epoch 12/25 | Batch 6120/8072 | Loss: 0.7009 | LR: 6.22e-05
Epoch 12/25 | Batch 6160/8072 | Loss: 0.6841 | LR: 6.21e-05
Epoch 12/25 | Batch 6200/8072 | Loss: 0.6878 | LR: 6.21e-05
Epoch 12/25 | Batch 6240/8072 | Loss: 0.7452 | LR: 6.21e-05
Epoch 12/25 | Batch 6280/8072 | Loss: 0.6925 | LR: 6.20e-05
Epoch 12/25 | Batch 6320/8072 | Loss: 0.6887 | LR: 6.20e-05
Epoch 12/25 | Batch 6360/8072 | Loss: 0.6943 | LR: 6.20e-05
Epoch 12/25 | Batch 6400/8072 | Loss: 0.6861 | LR: 6.19e-05
Epoch 12/25 | Batch 6440/8072 | Loss: 0.6852 | LR: 6.19e-05
Epoch 12/25 | Batch 6480/8072 | Loss: 0.6884 | LR: 6.19e-05
Epoch 12/25 | Batch 6520/8072 | Loss: 0.6816 | LR: 6.18e-05
Epoch 12/25 | Batch 6560/8072 | Loss: 0.6866 | LR: 6.18e-05
Epoch 12/25 | Batch 6600/8072 | Loss: 0.6824 | LR: 6.18e-05
Epoch 12/25 | Batch 6640/8072 | Loss: 0.6869 | LR: 6.17e-05
Epoch 12/25 | Batch 6680/8072 | Loss: 0.6812 | LR: 6.17e-05
Epoch 12/25 | Batch 6720/8072 | Loss: 0.6871 | LR: 6.17e-05
Epoch 12/25 | Batch 6760/8072 | Loss: 0.6834 | LR: 6.16e-05
Epoch 12/25 | Batch 6800/8072 | Loss: 0.6812 | LR: 6.16e-05
Epoch 12/25 | Batch 6840/8072 | Loss: 0.6862 | LR: 6.16e-05
Epoch 12/25 | Batch 6880/8072 | Loss: 0.6976 | LR: 6.15e-05
Epoch 12/25 | Batch 6920/8072 | Loss: 0.6968 | LR: 6.15e-05
Epoch 12/25 | Batch 6960/8072 | Loss: 0.6807 | LR: 6.15e-05
Epoch 12/25 | Batch 7000/8072 | Loss: 0.6883 | LR: 6.14e-05
Epoch 12/25 | Batch 7040/8072 | Loss: 0.6885 | LR: 6.14e-05
Epoch 12/25 | Batch 7080/8072 | Loss: 0.6814 | LR: 6.14e-05
Epoch 12/25 | Batch 7120/8072 | Loss: 0.6812 | LR: 6.14e-05
Epoch 12/25 | Batch 7160/8072 | Loss: 0.6891 | LR: 6.13e-05
Epoch 12/25 | Batch 7200/8072 | Loss: 0.6821 | LR: 6.13e-05
Epoch 12/25 | Batch 7240/8072 | Loss: 0.6815 | LR: 6.13e-05
Epoch 12/25 | Batch 7280/8072 | Loss: 0.6819 | LR: 6.12e-05
Epoch 12/25 | Batch 7320/8072 | Loss: 0.6854 | LR: 6.12e-05
Epoch 12/25 | Batch 7360/8072 | Loss: 0.6815 | LR: 6.12e-05
Epoch 12/25 | Batch 7400/8072 | Loss: 0.6927 | LR: 6.11e-05
Epoch 12/25 | Batch 7440/8072 | Loss: 0.6818 | LR: 6.11e-05
Epoch 12/25 | Batch 7480/8072 | Loss: 0.6965 | LR: 6.11e-05
Epoch 12/25 | Batch 7520/8072 | Loss: 0.6830 | LR: 6.10e-05
Epoch 12/25 | Batch 7560/8072 | Loss: 0.6897 | LR: 6.10e-05
Epoch 12/25 | Batch 7600/8072 | Loss: 0.6859 | LR: 6.10e-05
Epoch 12/25 | Batch 7640/8072 | Loss: 0.6826 | LR: 6.09e-05
Epoch 12/25 | Batch 7680/8072 | Loss: 0.6816 | LR: 6.09e-05
Epoch 12/25 | Batch 7720/8072 | Loss: 0.6809 | LR: 6.09e-05
Epoch 12/25 | Batch 7760/8072 | Loss: 0.6896 | LR: 6.08e-05
Epoch 12/25 | Batch 7800/8072 | Loss: 0.6833 | LR: 6.08e-05
Epoch 12/25 | Batch 7840/8072 | Loss: 0.6818 | LR: 6.08e-05
Epoch 12/25 | Batch 7880/8072 | Loss: 0.6806 | LR: 6.07e-05
Epoch 12/25 | Batch 7920/8072 | Loss: 0.6817 | LR: 6.07e-05
Epoch 12/25 | Batch 7960/8072 | Loss: 0.6813 | LR: 6.07e-05
Epoch 12/25 | Batch 8000/8072 | Loss: 0.6870 | LR: 6.06e-05
Epoch 12/25 | Batch 8040/8072 | Loss: 0.6824 | LR: 6.06e-05
  Sample - Pred: [34, 40, 20, 2, 23, 40, 16, 18, 40, 10, 3, 40, 20, 25, 21] | True: [34, 40, 20, 2, 23, 40, 29, 18, 40, 10, 3, 40, 20, 25, 9]

Epoch 12 Summary:
  Train Loss: 0.6864
  Val Loss: 0.7076
  PER: 0.1471
  Avg LR: 6.38e-05
------------------------------------------------------------
  ** New best model saved! PER: 0.1471
Epoch 13/25 | Batch 0/8072 | Loss: 0.6840 | LR: 6.06e-05
Epoch 13/25 | Batch 40/8072 | Loss: 0.6818 | LR: 6.05e-05
Epoch 13/25 | Batch 80/8072 | Loss: 0.6828 | LR: 6.05e-05
Epoch 13/25 | Batch 120/8072 | Loss: 0.6825 | LR: 6.05e-05
Epoch 13/25 | Batch 160/8072 | Loss: 0.6867 | LR: 6.04e-05
Epoch 13/25 | Batch 200/8072 | Loss: 0.6820 | LR: 6.04e-05
Epoch 13/25 | Batch 240/8072 | Loss: 0.6813 | LR: 6.04e-05
Epoch 13/25 | Batch 280/8072 | Loss: 0.6807 | LR: 6.03e-05
Epoch 13/25 | Batch 320/8072 | Loss: 0.6955 | LR: 6.03e-05
Epoch 13/25 | Batch 360/8072 | Loss: 0.6816 | LR: 6.03e-05
Epoch 13/25 | Batch 400/8072 | Loss: 0.6858 | LR: 6.02e-05
Epoch 13/25 | Batch 440/8072 | Loss: 0.6805 | LR: 6.02e-05
Epoch 13/25 | Batch 480/8072 | Loss: 0.6848 | LR: 6.02e-05
Epoch 13/25 | Batch 520/8072 | Loss: 0.6854 | LR: 6.01e-05
Epoch 13/25 | Batch 560/8072 | Loss: 0.6820 | LR: 6.01e-05
Epoch 13/25 | Batch 600/8072 | Loss: 0.6882 | LR: 6.01e-05
Epoch 13/25 | Batch 640/8072 | Loss: 0.6905 | LR: 6.00e-05
Epoch 13/25 | Batch 680/8072 | Loss: 0.6850 | LR: 6.00e-05
Epoch 13/25 | Batch 720/8072 | Loss: 0.6810 | LR: 6.00e-05
Epoch 13/25 | Batch 760/8072 | Loss: 0.6809 | LR: 5.99e-05
Epoch 13/25 | Batch 800/8072 | Loss: 0.6892 | LR: 5.99e-05
Epoch 13/25 | Batch 840/8072 | Loss: 0.6834 | LR: 5.99e-05
Epoch 13/25 | Batch 880/8072 | Loss: 0.6881 | LR: 5.98e-05
Epoch 13/25 | Batch 920/8072 | Loss: 0.6899 | LR: 5.98e-05
Epoch 13/25 | Batch 960/8072 | Loss: 0.6824 | LR: 5.98e-05
Epoch 13/25 | Batch 1000/8072 | Loss: 0.7000 | LR: 5.97e-05
Epoch 13/25 | Batch 1040/8072 | Loss: 0.6822 | LR: 5.97e-05
Epoch 13/25 | Batch 1080/8072 | Loss: 0.6827 | LR: 5.97e-05
Epoch 13/25 | Batch 1120/8072 | Loss: 0.6833 | LR: 5.97e-05
Epoch 13/25 | Batch 1160/8072 | Loss: 0.6804 | LR: 5.96e-05
Epoch 13/25 | Batch 1200/8072 | Loss: 0.6845 | LR: 5.96e-05
Epoch 13/25 | Batch 1240/8072 | Loss: 0.6856 | LR: 5.96e-05
Epoch 13/25 | Batch 1280/8072 | Loss: 0.6838 | LR: 5.95e-05
Epoch 13/25 | Batch 1320/8072 | Loss: 0.6832 | LR: 5.95e-05
Epoch 13/25 | Batch 1360/8072 | Loss: 0.6811 | LR: 5.95e-05
Epoch 13/25 | Batch 1400/8072 | Loss: 0.6836 | LR: 5.94e-05
Epoch 13/25 | Batch 1440/8072 | Loss: 0.6804 | LR: 5.94e-05
Epoch 13/25 | Batch 1480/8072 | Loss: 0.6934 | LR: 5.94e-05
Epoch 13/25 | Batch 1520/8072 | Loss: 0.6816 | LR: 5.93e-05
Epoch 13/25 | Batch 1560/8072 | Loss: 0.6837 | LR: 5.93e-05
Epoch 13/25 | Batch 1600/8072 | Loss: 0.6808 | LR: 5.93e-05
Epoch 13/25 | Batch 1640/8072 | Loss: 0.6885 | LR: 5.92e-05
Epoch 13/25 | Batch 1680/8072 | Loss: 0.6806 | LR: 5.92e-05
Epoch 13/25 | Batch 1720/8072 | Loss: 0.6817 | LR: 5.92e-05
Epoch 13/25 | Batch 1760/8072 | Loss: 0.6810 | LR: 5.91e-05
Epoch 13/25 | Batch 1800/8072 | Loss: 0.6828 | LR: 5.91e-05
Epoch 13/25 | Batch 1840/8072 | Loss: 0.6808 | LR: 5.91e-05
Epoch 13/25 | Batch 1880/8072 | Loss: 0.6803 | LR: 5.90e-05
Epoch 13/25 | Batch 1920/8072 | Loss: 0.6857 | LR: 5.90e-05
Epoch 13/25 | Batch 1960/8072 | Loss: 0.6866 | LR: 5.90e-05
Epoch 13/25 | Batch 2000/8072 | Loss: 0.6902 | LR: 5.89e-05
Epoch 13/25 | Batch 2040/8072 | Loss: 0.6912 | LR: 5.89e-05
Epoch 13/25 | Batch 2080/8072 | Loss: 0.6818 | LR: 5.89e-05
Epoch 13/25 | Batch 2120/8072 | Loss: 0.6858 | LR: 5.88e-05
Epoch 13/25 | Batch 2160/8072 | Loss: 0.6839 | LR: 5.88e-05
Epoch 13/25 | Batch 2200/8072 | Loss: 0.6878 | LR: 5.88e-05
Epoch 13/25 | Batch 2240/8072 | Loss: 0.6813 | LR: 5.87e-05
Epoch 13/25 | Batch 2280/8072 | Loss: 0.6830 | LR: 5.87e-05
Epoch 13/25 | Batch 2320/8072 | Loss: 0.6924 | LR: 5.87e-05
Epoch 13/25 | Batch 2360/8072 | Loss: 0.6815 | LR: 5.86e-05
Epoch 13/25 | Batch 2400/8072 | Loss: 0.6806 | LR: 5.86e-05
Epoch 13/25 | Batch 2440/8072 | Loss: 0.6832 | LR: 5.86e-05
Epoch 13/25 | Batch 2480/8072 | Loss: 0.6833 | LR: 5.85e-05
Epoch 13/25 | Batch 2520/8072 | Loss: 0.6892 | LR: 5.85e-05
Epoch 13/25 | Batch 2560/8072 | Loss: 0.6817 | LR: 5.85e-05
Epoch 13/25 | Batch 2600/8072 | Loss: 0.6973 | LR: 5.84e-05
Epoch 13/25 | Batch 2640/8072 | Loss: 0.6821 | LR: 5.84e-05
Epoch 13/25 | Batch 2680/8072 | Loss: 0.6828 | LR: 5.84e-05
Epoch 13/25 | Batch 2720/8072 | Loss: 0.6819 | LR: 5.83e-05
Epoch 13/25 | Batch 2760/8072 | Loss: 0.6852 | LR: 5.83e-05
Epoch 13/25 | Batch 2800/8072 | Loss: 0.6802 | LR: 5.83e-05
Epoch 13/25 | Batch 2840/8072 | Loss: 0.6810 | LR: 5.82e-05
Epoch 13/25 | Batch 2880/8072 | Loss: 0.6831 | LR: 5.82e-05
Epoch 13/25 | Batch 2920/8072 | Loss: 0.6861 | LR: 5.82e-05
Epoch 13/25 | Batch 2960/8072 | Loss: 0.6811 | LR: 5.81e-05
Epoch 13/25 | Batch 3000/8072 | Loss: 0.6811 | LR: 5.81e-05
Epoch 13/25 | Batch 3040/8072 | Loss: 0.6826 | LR: 5.81e-05
Epoch 13/25 | Batch 3080/8072 | Loss: 0.6814 | LR: 5.80e-05
Epoch 13/25 | Batch 3120/8072 | Loss: 0.6841 | LR: 5.80e-05
Epoch 13/25 | Batch 3160/8072 | Loss: 0.6819 | LR: 5.80e-05
Epoch 13/25 | Batch 3200/8072 | Loss: 0.6815 | LR: 5.79e-05
Epoch 13/25 | Batch 3240/8072 | Loss: 0.6871 | LR: 5.79e-05
Epoch 13/25 | Batch 3280/8072 | Loss: 0.6841 | LR: 5.79e-05
Epoch 13/25 | Batch 3320/8072 | Loss: 0.6817 | LR: 5.78e-05
Epoch 13/25 | Batch 3360/8072 | Loss: 0.6813 | LR: 5.78e-05
Epoch 13/25 | Batch 3400/8072 | Loss: 0.6851 | LR: 5.78e-05
Epoch 13/25 | Batch 3440/8072 | Loss: 0.6807 | LR: 5.77e-05
Epoch 13/25 | Batch 3480/8072 | Loss: 0.6841 | LR: 5.77e-05
Epoch 13/25 | Batch 3520/8072 | Loss: 0.6819 | LR: 5.77e-05
Epoch 13/25 | Batch 3560/8072 | Loss: 0.6824 | LR: 5.76e-05
Epoch 13/25 | Batch 3600/8072 | Loss: 0.6820 | LR: 5.76e-05
Epoch 13/25 | Batch 3640/8072 | Loss: 0.6873 | LR: 5.76e-05
Epoch 13/25 | Batch 3680/8072 | Loss: 0.6808 | LR: 5.75e-05
Epoch 13/25 | Batch 3720/8072 | Loss: 0.6810 | LR: 5.75e-05
Epoch 13/25 | Batch 3760/8072 | Loss: 0.6876 | LR: 5.75e-05
Epoch 13/25 | Batch 3800/8072 | Loss: 0.6826 | LR: 5.74e-05
Epoch 13/25 | Batch 3840/8072 | Loss: 0.6850 | LR: 5.74e-05
Epoch 13/25 | Batch 3880/8072 | Loss: 0.6858 | LR: 5.74e-05
Epoch 13/25 | Batch 3920/8072 | Loss: 0.6898 | LR: 5.73e-05
Epoch 13/25 | Batch 3960/8072 | Loss: 0.6852 | LR: 5.73e-05
Epoch 13/25 | Batch 4000/8072 | Loss: 0.6816 | LR: 5.73e-05
Epoch 13/25 | Batch 4040/8072 | Loss: 0.6813 | LR: 5.72e-05
Epoch 13/25 | Batch 4080/8072 | Loss: 0.7141 | LR: 5.72e-05
Epoch 13/25 | Batch 4120/8072 | Loss: 0.6821 | LR: 5.72e-05
Epoch 13/25 | Batch 4160/8072 | Loss: 0.6852 | LR: 5.71e-05
Epoch 13/25 | Batch 4200/8072 | Loss: 0.6811 | LR: 5.71e-05
Epoch 13/25 | Batch 4240/8072 | Loss: 0.6802 | LR: 5.71e-05
Epoch 13/25 | Batch 4280/8072 | Loss: 0.6854 | LR: 5.70e-05
Epoch 13/25 | Batch 4320/8072 | Loss: 0.6964 | LR: 5.70e-05
Epoch 13/25 | Batch 4360/8072 | Loss: 0.6825 | LR: 5.70e-05
Epoch 13/25 | Batch 4400/8072 | Loss: 0.6832 | LR: 5.69e-05
Epoch 13/25 | Batch 4440/8072 | Loss: 0.6836 | LR: 5.69e-05
Epoch 13/25 | Batch 4480/8072 | Loss: 0.6802 | LR: 5.69e-05
Epoch 13/25 | Batch 4520/8072 | Loss: 0.6868 | LR: 5.68e-05
Epoch 13/25 | Batch 4560/8072 | Loss: 0.6847 | LR: 5.68e-05
Epoch 13/25 | Batch 4600/8072 | Loss: 0.6881 | LR: 5.68e-05
Epoch 13/25 | Batch 4640/8072 | Loss: 0.6821 | LR: 5.67e-05
Epoch 13/25 | Batch 4680/8072 | Loss: 0.6821 | LR: 5.67e-05
Epoch 13/25 | Batch 4720/8072 | Loss: 0.6837 | LR: 5.67e-05
Epoch 13/25 | Batch 4760/8072 | Loss: 0.6811 | LR: 5.66e-05
Epoch 13/25 | Batch 4800/8072 | Loss: 0.6877 | LR: 5.66e-05
Epoch 13/25 | Batch 4840/8072 | Loss: 0.6820 | LR: 5.66e-05
Epoch 13/25 | Batch 4880/8072 | Loss: 0.6933 | LR: 5.65e-05
Epoch 13/25 | Batch 4920/8072 | Loss: 0.6835 | LR: 5.65e-05
Epoch 13/25 | Batch 4960/8072 | Loss: 0.6806 | LR: 5.65e-05
Epoch 13/25 | Batch 5000/8072 | Loss: 0.6864 | LR: 5.64e-05
Epoch 13/25 | Batch 5040/8072 | Loss: 0.6871 | LR: 5.64e-05
Epoch 13/25 | Batch 5080/8072 | Loss: 0.6822 | LR: 5.64e-05
Epoch 13/25 | Batch 5120/8072 | Loss: 0.6816 | LR: 5.63e-05
Epoch 13/25 | Batch 5160/8072 | Loss: 0.6844 | LR: 5.63e-05
Epoch 13/25 | Batch 5200/8072 | Loss: 0.6894 | LR: 5.63e-05
Epoch 13/25 | Batch 5240/8072 | Loss: 0.6817 | LR: 5.62e-05
Epoch 13/25 | Batch 5280/8072 | Loss: 0.6869 | LR: 5.62e-05
Epoch 13/25 | Batch 5320/8072 | Loss: 0.6825 | LR: 5.62e-05
Epoch 13/25 | Batch 5360/8072 | Loss: 0.6953 | LR: 5.61e-05
Epoch 13/25 | Batch 5400/8072 | Loss: 0.6822 | LR: 5.61e-05
Epoch 13/25 | Batch 5440/8072 | Loss: 0.6835 | LR: 5.61e-05
Epoch 13/25 | Batch 5480/8072 | Loss: 0.6819 | LR: 5.60e-05
Epoch 13/25 | Batch 5520/8072 | Loss: 0.6847 | LR: 5.60e-05
Epoch 13/25 | Batch 5560/8072 | Loss: 0.6824 | LR: 5.60e-05
Epoch 13/25 | Batch 5600/8072 | Loss: 0.6847 | LR: 5.59e-05
Epoch 13/25 | Batch 5640/8072 | Loss: 0.6905 | LR: 5.59e-05
Epoch 13/25 | Batch 5680/8072 | Loss: 0.6819 | LR: 5.59e-05
Epoch 13/25 | Batch 5720/8072 | Loss: 0.7009 | LR: 5.58e-05
Epoch 13/25 | Batch 5760/8072 | Loss: 0.6817 | LR: 5.58e-05
Epoch 13/25 | Batch 5800/8072 | Loss: 0.6852 | LR: 5.58e-05
Epoch 13/25 | Batch 5840/8072 | Loss: 0.6851 | LR: 5.57e-05
Epoch 13/25 | Batch 5880/8072 | Loss: 0.6878 | LR: 5.57e-05
Epoch 13/25 | Batch 5920/8072 | Loss: 0.6881 | LR: 5.57e-05
Epoch 13/25 | Batch 5960/8072 | Loss: 0.6883 | LR: 5.56e-05
Epoch 13/25 | Batch 6000/8072 | Loss: 0.6806 | LR: 5.56e-05
Epoch 13/25 | Batch 6040/8072 | Loss: 0.6911 | LR: 5.56e-05
Epoch 13/25 | Batch 6080/8072 | Loss: 0.6910 | LR: 5.55e-05
Epoch 13/25 | Batch 6120/8072 | Loss: 0.6814 | LR: 5.55e-05
Epoch 13/25 | Batch 6160/8072 | Loss: 0.7015 | LR: 5.55e-05
Epoch 13/25 | Batch 6200/8072 | Loss: 0.6867 | LR: 5.54e-05
Epoch 13/25 | Batch 6240/8072 | Loss: 0.6845 | LR: 5.54e-05
Epoch 13/25 | Batch 6280/8072 | Loss: 0.6947 | LR: 5.54e-05
Epoch 13/25 | Batch 6320/8072 | Loss: 0.6803 | LR: 5.53e-05
Epoch 13/25 | Batch 6360/8072 | Loss: 0.6808 | LR: 5.53e-05
Epoch 13/25 | Batch 6400/8072 | Loss: 0.6914 | LR: 5.53e-05
Epoch 13/25 | Batch 6440/8072 | Loss: 0.6833 | LR: 5.52e-05
Epoch 13/25 | Batch 6480/8072 | Loss: 0.6882 | LR: 5.52e-05
Epoch 13/25 | Batch 6520/8072 | Loss: 0.6839 | LR: 5.52e-05
Epoch 13/25 | Batch 6560/8072 | Loss: 0.6848 | LR: 5.51e-05
Epoch 13/25 | Batch 6600/8072 | Loss: 0.7011 | LR: 5.51e-05
Epoch 13/25 | Batch 6640/8072 | Loss: 0.6816 | LR: 5.51e-05
Epoch 13/25 | Batch 6680/8072 | Loss: 0.6943 | LR: 5.50e-05
Epoch 13/25 | Batch 6720/8072 | Loss: 0.6889 | LR: 5.50e-05
Epoch 13/25 | Batch 6760/8072 | Loss: 0.6809 | LR: 5.50e-05
Epoch 13/25 | Batch 6800/8072 | Loss: 0.6804 | LR: 5.49e-05
Epoch 13/25 | Batch 6840/8072 | Loss: 0.6846 | LR: 5.49e-05
Epoch 13/25 | Batch 6880/8072 | Loss: 0.6827 | LR: 5.49e-05
Epoch 13/25 | Batch 6920/8072 | Loss: 0.6833 | LR: 5.48e-05
Epoch 13/25 | Batch 6960/8072 | Loss: 0.6844 | LR: 5.48e-05
Epoch 13/25 | Batch 7000/8072 | Loss: 0.6813 | LR: 5.48e-05
Epoch 13/25 | Batch 7040/8072 | Loss: 0.6870 | LR: 5.47e-05
Epoch 13/25 | Batch 7080/8072 | Loss: 0.7058 | LR: 5.47e-05
Epoch 13/25 | Batch 7120/8072 | Loss: 0.6839 | LR: 5.47e-05
Epoch 13/25 | Batch 7160/8072 | Loss: 0.6815 | LR: 5.46e-05
Epoch 13/25 | Batch 7200/8072 | Loss: 0.6826 | LR: 5.46e-05
Epoch 13/25 | Batch 7240/8072 | Loss: 0.6819 | LR: 5.46e-05
Epoch 13/25 | Batch 7280/8072 | Loss: 0.6839 | LR: 5.45e-05
Epoch 13/25 | Batch 7320/8072 | Loss: 0.6846 | LR: 5.45e-05
Epoch 13/25 | Batch 7360/8072 | Loss: 0.6818 | LR: 5.45e-05
Epoch 13/25 | Batch 7400/8072 | Loss: 0.6837 | LR: 5.44e-05
Epoch 13/25 | Batch 7440/8072 | Loss: 0.6804 | LR: 5.44e-05
Epoch 13/25 | Batch 7480/8072 | Loss: 0.6812 | LR: 5.44e-05
Epoch 13/25 | Batch 7520/8072 | Loss: 0.6827 | LR: 5.43e-05
Epoch 13/25 | Batch 7560/8072 | Loss: 0.6901 | LR: 5.43e-05
Epoch 13/25 | Batch 7600/8072 | Loss: 0.6823 | LR: 5.43e-05
Epoch 13/25 | Batch 7640/8072 | Loss: 0.6828 | LR: 5.42e-05
Epoch 13/25 | Batch 7680/8072 | Loss: 0.6858 | LR: 5.42e-05
Epoch 13/25 | Batch 7720/8072 | Loss: 0.6836 | LR: 5.42e-05
Epoch 13/25 | Batch 7760/8072 | Loss: 0.6836 | LR: 5.41e-05
Epoch 13/25 | Batch 7800/8072 | Loss: 0.6807 | LR: 5.41e-05
Epoch 13/25 | Batch 7840/8072 | Loss: 0.6830 | LR: 5.41e-05
Epoch 13/25 | Batch 7880/8072 | Loss: 0.6951 | LR: 5.40e-05
Epoch 13/25 | Batch 7920/8072 | Loss: 0.6821 | LR: 5.40e-05
Epoch 13/25 | Batch 7960/8072 | Loss: 0.6819 | LR: 5.40e-05
Epoch 13/25 | Batch 8000/8072 | Loss: 0.6804 | LR: 5.39e-05
Epoch 13/25 | Batch 8040/8072 | Loss: 0.6887 | LR: 5.39e-05
  Sample - Pred: [34, 40, 20, 2, 23, 40, 31, 18, 40, 10, 3, 40, 20, 3, 21] | True: [34, 40, 20, 2, 23, 40, 29, 18, 40, 10, 3, 40, 20, 25, 9]

Epoch 13 Summary:
  Train Loss: 0.6850
  Val Loss: 0.7051
  PER: 0.1391
  Avg LR: 5.72e-05
------------------------------------------------------------
  ** New best model saved! PER: 0.1391
Epoch 14/25 | Batch 0/8072 | Loss: 0.6829 | LR: 5.39e-05
Epoch 14/25 | Batch 40/8072 | Loss: 0.6811 | LR: 5.38e-05
Epoch 14/25 | Batch 80/8072 | Loss: 0.6895 | LR: 5.38e-05
Epoch 14/25 | Batch 120/8072 | Loss: 0.6801 | LR: 5.38e-05
Epoch 14/25 | Batch 160/8072 | Loss: 0.6874 | LR: 5.37e-05
Epoch 14/25 | Batch 200/8072 | Loss: 0.6833 | LR: 5.37e-05
Epoch 14/25 | Batch 240/8072 | Loss: 0.6815 | LR: 5.37e-05
Epoch 14/25 | Batch 280/8072 | Loss: 0.6817 | LR: 5.36e-05
Epoch 14/25 | Batch 320/8072 | Loss: 0.6804 | LR: 5.36e-05
Epoch 14/25 | Batch 360/8072 | Loss: 0.6852 | LR: 5.36e-05
Epoch 14/25 | Batch 400/8072 | Loss: 0.6832 | LR: 5.35e-05
Epoch 14/25 | Batch 440/8072 | Loss: 0.6805 | LR: 5.35e-05
Epoch 14/25 | Batch 480/8072 | Loss: 0.6845 | LR: 5.35e-05
Epoch 14/25 | Batch 520/8072 | Loss: 0.6834 | LR: 5.34e-05
Epoch 14/25 | Batch 560/8072 | Loss: 0.6820 | LR: 5.34e-05
Epoch 14/25 | Batch 600/8072 | Loss: 0.6803 | LR: 5.34e-05
Epoch 14/25 | Batch 640/8072 | Loss: 0.6845 | LR: 5.33e-05
Epoch 14/25 | Batch 680/8072 | Loss: 0.6856 | LR: 5.33e-05
Epoch 14/25 | Batch 720/8072 | Loss: 0.6806 | LR: 5.33e-05
Epoch 14/25 | Batch 760/8072 | Loss: 0.6803 | LR: 5.32e-05
Epoch 14/25 | Batch 800/8072 | Loss: 0.6810 | LR: 5.32e-05
Epoch 14/25 | Batch 840/8072 | Loss: 0.6839 | LR: 5.32e-05
Epoch 14/25 | Batch 880/8072 | Loss: 0.6817 | LR: 5.31e-05
Epoch 14/25 | Batch 920/8072 | Loss: 0.6835 | LR: 5.31e-05
Epoch 14/25 | Batch 960/8072 | Loss: 0.6810 | LR: 5.31e-05
Epoch 14/25 | Batch 1000/8072 | Loss: 0.6825 | LR: 5.30e-05
Epoch 14/25 | Batch 1040/8072 | Loss: 0.6822 | LR: 5.30e-05
Epoch 14/25 | Batch 1080/8072 | Loss: 0.6811 | LR: 5.30e-05
Epoch 14/25 | Batch 1120/8072 | Loss: 0.6803 | LR: 5.29e-05
Epoch 14/25 | Batch 1160/8072 | Loss: 0.6812 | LR: 5.29e-05
Epoch 14/25 | Batch 1200/8072 | Loss: 0.6837 | LR: 5.29e-05
Epoch 14/25 | Batch 1240/8072 | Loss: 0.6808 | LR: 5.28e-05
Epoch 14/25 | Batch 1280/8072 | Loss: 0.6810 | LR: 5.28e-05
Epoch 14/25 | Batch 1320/8072 | Loss: 0.6846 | LR: 5.28e-05
Epoch 14/25 | Batch 1360/8072 | Loss: 0.6809 | LR: 5.27e-05
Epoch 14/25 | Batch 1400/8072 | Loss: 0.6807 | LR: 5.27e-05
Epoch 14/25 | Batch 1440/8072 | Loss: 0.6815 | LR: 5.27e-05
Epoch 14/25 | Batch 1480/8072 | Loss: 0.6845 | LR: 5.26e-05
Epoch 14/25 | Batch 1520/8072 | Loss: 0.6887 | LR: 5.26e-05
Epoch 14/25 | Batch 1560/8072 | Loss: 0.6838 | LR: 5.26e-05
Epoch 14/25 | Batch 1600/8072 | Loss: 0.6825 | LR: 5.25e-05
Epoch 14/25 | Batch 1640/8072 | Loss: 0.6813 | LR: 5.25e-05
Epoch 14/25 | Batch 1680/8072 | Loss: 0.6875 | LR: 5.25e-05
Epoch 14/25 | Batch 1720/8072 | Loss: 0.6837 | LR: 5.24e-05
Epoch 14/25 | Batch 1760/8072 | Loss: 0.6837 | LR: 5.24e-05
Epoch 14/25 | Batch 1800/8072 | Loss: 0.6814 | LR: 5.24e-05
Epoch 14/25 | Batch 1840/8072 | Loss: 0.6866 | LR: 5.23e-05
Epoch 14/25 | Batch 1880/8072 | Loss: 0.6819 | LR: 5.23e-05
Epoch 14/25 | Batch 1920/8072 | Loss: 0.6806 | LR: 5.23e-05
Epoch 14/25 | Batch 1960/8072 | Loss: 0.6825 | LR: 5.22e-05
Epoch 14/25 | Batch 2000/8072 | Loss: 0.6827 | LR: 5.22e-05
Epoch 14/25 | Batch 2040/8072 | Loss: 0.6854 | LR: 5.22e-05
Epoch 14/25 | Batch 2080/8072 | Loss: 0.6821 | LR: 5.21e-05
Epoch 14/25 | Batch 2120/8072 | Loss: 0.6811 | LR: 5.21e-05
Epoch 14/25 | Batch 2160/8072 | Loss: 0.6815 | LR: 5.21e-05
Epoch 14/25 | Batch 2200/8072 | Loss: 0.6801 | LR: 5.20e-05
Epoch 14/25 | Batch 2240/8072 | Loss: 0.6821 | LR: 5.20e-05
Epoch 14/25 | Batch 2280/8072 | Loss: 0.6827 | LR: 5.20e-05
Epoch 14/25 | Batch 2320/8072 | Loss: 0.6813 | LR: 5.19e-05
Epoch 14/25 | Batch 2360/8072 | Loss: 0.6802 | LR: 5.19e-05
Epoch 14/25 | Batch 2400/8072 | Loss: 0.6854 | LR: 5.19e-05
Epoch 14/25 | Batch 2440/8072 | Loss: 0.6859 | LR: 5.18e-05
Epoch 14/25 | Batch 2480/8072 | Loss: 0.6872 | LR: 5.18e-05
Epoch 14/25 | Batch 2520/8072 | Loss: 0.6850 | LR: 5.18e-05
Epoch 14/25 | Batch 2560/8072 | Loss: 0.6813 | LR: 5.17e-05
Epoch 14/25 | Batch 2600/8072 | Loss: 0.6899 | LR: 5.17e-05
Epoch 14/25 | Batch 2640/8072 | Loss: 0.6843 | LR: 5.17e-05
Epoch 14/25 | Batch 2680/8072 | Loss: 0.6841 | LR: 5.16e-05
Epoch 14/25 | Batch 2720/8072 | Loss: 0.6843 | LR: 5.16e-05
Epoch 14/25 | Batch 2760/8072 | Loss: 0.6827 | LR: 5.16e-05
Epoch 14/25 | Batch 2800/8072 | Loss: 0.6808 | LR: 5.15e-05
Epoch 14/25 | Batch 2840/8072 | Loss: 0.6844 | LR: 5.15e-05
Epoch 14/25 | Batch 2880/8072 | Loss: 0.6839 | LR: 5.15e-05
Epoch 14/25 | Batch 2920/8072 | Loss: 0.6931 | LR: 5.14e-05
Epoch 14/25 | Batch 2960/8072 | Loss: 0.6972 | LR: 5.14e-05
Epoch 14/25 | Batch 3000/8072 | Loss: 0.6806 | LR: 5.14e-05
Epoch 14/25 | Batch 3040/8072 | Loss: 0.6824 | LR: 5.13e-05
Epoch 14/25 | Batch 3080/8072 | Loss: 0.6844 | LR: 5.13e-05
Epoch 14/25 | Batch 3120/8072 | Loss: 0.6832 | LR: 5.13e-05
Epoch 14/25 | Batch 3160/8072 | Loss: 0.6830 | LR: 5.12e-05
Epoch 14/25 | Batch 3200/8072 | Loss: 0.6815 | LR: 5.12e-05
Epoch 14/25 | Batch 3240/8072 | Loss: 0.6884 | LR: 5.12e-05
Epoch 14/25 | Batch 3280/8072 | Loss: 0.6803 | LR: 5.11e-05
Epoch 14/25 | Batch 3320/8072 | Loss: 0.6872 | LR: 5.11e-05
Epoch 14/25 | Batch 3360/8072 | Loss: 0.6805 | LR: 5.11e-05
Epoch 14/25 | Batch 3400/8072 | Loss: 0.6809 | LR: 5.10e-05
Epoch 14/25 | Batch 3440/8072 | Loss: 0.6850 | LR: 5.10e-05
Epoch 14/25 | Batch 3480/8072 | Loss: 0.6850 | LR: 5.10e-05
Epoch 14/25 | Batch 3520/8072 | Loss: 0.6814 | LR: 5.09e-05
Epoch 14/25 | Batch 3560/8072 | Loss: 0.6916 | LR: 5.09e-05
Epoch 14/25 | Batch 3600/8072 | Loss: 0.6889 | LR: 5.09e-05
Epoch 14/25 | Batch 3640/8072 | Loss: 0.6825 | LR: 5.08e-05
Epoch 14/25 | Batch 3680/8072 | Loss: 0.6822 | LR: 5.08e-05
Epoch 14/25 | Batch 3720/8072 | Loss: 0.6813 | LR: 5.08e-05
Epoch 14/25 | Batch 3760/8072 | Loss: 0.6943 | LR: 5.07e-05
Epoch 14/25 | Batch 3800/8072 | Loss: 0.6839 | LR: 5.07e-05
Epoch 14/25 | Batch 3840/8072 | Loss: 0.6845 | LR: 5.07e-05
Epoch 14/25 | Batch 3880/8072 | Loss: 0.6857 | LR: 5.06e-05
Epoch 14/25 | Batch 3920/8072 | Loss: 0.6911 | LR: 5.06e-05
Epoch 14/25 | Batch 3960/8072 | Loss: 0.6904 | LR: 5.06e-05
Epoch 14/25 | Batch 4000/8072 | Loss: 0.6808 | LR: 5.05e-05
Epoch 14/25 | Batch 4040/8072 | Loss: 0.6815 | LR: 5.05e-05
Epoch 14/25 | Batch 4080/8072 | Loss: 0.6809 | LR: 5.05e-05
Epoch 14/25 | Batch 4120/8072 | Loss: 0.6819 | LR: 5.04e-05
Epoch 14/25 | Batch 4160/8072 | Loss: 0.6816 | LR: 5.04e-05
Epoch 14/25 | Batch 4200/8072 | Loss: 0.6826 | LR: 5.04e-05
Epoch 14/25 | Batch 4240/8072 | Loss: 0.6822 | LR: 5.03e-05
Epoch 14/25 | Batch 4280/8072 | Loss: 0.6852 | LR: 5.03e-05
Epoch 14/25 | Batch 4320/8072 | Loss: 0.7022 | LR: 5.03e-05
Epoch 14/25 | Batch 4360/8072 | Loss: 0.6808 | LR: 5.02e-05
Epoch 14/25 | Batch 4400/8072 | Loss: 0.6837 | LR: 5.02e-05
Epoch 14/25 | Batch 4440/8072 | Loss: 0.6808 | LR: 5.02e-05
Epoch 14/25 | Batch 4480/8072 | Loss: 0.6812 | LR: 5.01e-05
Epoch 14/25 | Batch 4520/8072 | Loss: 0.6830 | LR: 5.01e-05
Epoch 14/25 | Batch 4560/8072 | Loss: 0.6882 | LR: 5.01e-05
Epoch 14/25 | Batch 4600/8072 | Loss: 0.6843 | LR: 5.00e-05
Epoch 14/25 | Batch 4640/8072 | Loss: 0.6868 | LR: 5.00e-05
Epoch 14/25 | Batch 4680/8072 | Loss: 0.6810 | LR: 5.00e-05
Epoch 14/25 | Batch 4720/8072 | Loss: 0.6810 | LR: 4.99e-05
Epoch 14/25 | Batch 4760/8072 | Loss: 0.6816 | LR: 4.99e-05
Epoch 14/25 | Batch 4800/8072 | Loss: 0.6819 | LR: 4.99e-05
Epoch 14/25 | Batch 4840/8072 | Loss: 0.6862 | LR: 4.98e-05
Epoch 14/25 | Batch 4880/8072 | Loss: 0.6862 | LR: 4.98e-05
Epoch 14/25 | Batch 4920/8072 | Loss: 0.6819 | LR: 4.98e-05
Epoch 14/25 | Batch 4960/8072 | Loss: 0.6809 | LR: 4.97e-05
Epoch 14/25 | Batch 5000/8072 | Loss: 0.6886 | LR: 4.97e-05
Epoch 14/25 | Batch 5040/8072 | Loss: 0.6806 | LR: 4.97e-05
Epoch 14/25 | Batch 5080/8072 | Loss: 0.6826 | LR: 4.96e-05
Epoch 14/25 | Batch 5120/8072 | Loss: 0.6809 | LR: 4.96e-05
Epoch 14/25 | Batch 5160/8072 | Loss: 0.6850 | LR: 4.96e-05
Epoch 14/25 | Batch 5200/8072 | Loss: 0.6806 | LR: 4.95e-05
Epoch 14/25 | Batch 5240/8072 | Loss: 0.6944 | LR: 4.95e-05
Epoch 14/25 | Batch 5280/8072 | Loss: 0.6805 | LR: 4.95e-05
Epoch 14/25 | Batch 5320/8072 | Loss: 0.6811 | LR: 4.94e-05
Epoch 14/25 | Batch 5360/8072 | Loss: 0.6812 | LR: 4.94e-05
Epoch 14/25 | Batch 5400/8072 | Loss: 0.6850 | LR: 4.94e-05
Epoch 14/25 | Batch 5440/8072 | Loss: 0.6838 | LR: 4.93e-05
Epoch 14/25 | Batch 5480/8072 | Loss: 0.6902 | LR: 4.93e-05
Epoch 14/25 | Batch 5520/8072 | Loss: 0.6909 | LR: 4.93e-05
Epoch 14/25 | Batch 5560/8072 | Loss: 0.6873 | LR: 4.92e-05
Epoch 14/25 | Batch 5600/8072 | Loss: 0.6839 | LR: 4.92e-05
Epoch 14/25 | Batch 5640/8072 | Loss: 0.6805 | LR: 4.92e-05
Epoch 14/25 | Batch 5680/8072 | Loss: 0.6896 | LR: 4.91e-05
Epoch 14/25 | Batch 5720/8072 | Loss: 0.6811 | LR: 4.91e-05
Epoch 14/25 | Batch 5760/8072 | Loss: 0.6826 | LR: 4.91e-05
Epoch 14/25 | Batch 5800/8072 | Loss: 0.6855 | LR: 4.90e-05
Epoch 14/25 | Batch 5840/8072 | Loss: 0.6823 | LR: 4.90e-05
Epoch 14/25 | Batch 5880/8072 | Loss: 0.6843 | LR: 4.90e-05
Epoch 14/25 | Batch 5920/8072 | Loss: 0.6820 | LR: 4.89e-05
Epoch 14/25 | Batch 5960/8072 | Loss: 0.6820 | LR: 4.89e-05
Epoch 14/25 | Batch 6000/8072 | Loss: 0.6812 | LR: 4.89e-05
Epoch 14/25 | Batch 6040/8072 | Loss: 0.6811 | LR: 4.88e-05
Epoch 14/25 | Batch 6080/8072 | Loss: 0.6806 | LR: 4.88e-05
Epoch 14/25 | Batch 6120/8072 | Loss: 0.6828 | LR: 4.88e-05
Epoch 14/25 | Batch 6160/8072 | Loss: 0.6813 | LR: 4.87e-05
Epoch 14/25 | Batch 6200/8072 | Loss: 0.6806 | LR: 4.87e-05
Epoch 14/25 | Batch 6240/8072 | Loss: 0.6849 | LR: 4.87e-05
Epoch 14/25 | Batch 6280/8072 | Loss: 0.6834 | LR: 4.86e-05
Epoch 14/25 | Batch 6320/8072 | Loss: 0.6821 | LR: 4.86e-05
Epoch 14/25 | Batch 6360/8072 | Loss: 0.6808 | LR: 4.86e-05
Epoch 14/25 | Batch 6400/8072 | Loss: 0.6809 | LR: 4.85e-05
Epoch 14/25 | Batch 6440/8072 | Loss: 0.6803 | LR: 4.85e-05
Epoch 14/25 | Batch 6480/8072 | Loss: 0.6813 | LR: 4.85e-05
Epoch 14/25 | Batch 6520/8072 | Loss: 0.6891 | LR: 4.84e-05
Epoch 14/25 | Batch 6560/8072 | Loss: 0.6841 | LR: 4.84e-05
Epoch 14/25 | Batch 6600/8072 | Loss: 0.6841 | LR: 4.84e-05
Epoch 14/25 | Batch 6640/8072 | Loss: 0.6861 | LR: 4.83e-05
Epoch 14/25 | Batch 6680/8072 | Loss: 0.6834 | LR: 4.83e-05
Epoch 14/25 | Batch 6720/8072 | Loss: 0.6802 | LR: 4.83e-05
Epoch 14/25 | Batch 6760/8072 | Loss: 0.6813 | LR: 4.82e-05
Epoch 14/25 | Batch 6800/8072 | Loss: 0.6814 | LR: 4.82e-05
Epoch 14/25 | Batch 6840/8072 | Loss: 0.6810 | LR: 4.82e-05
Epoch 14/25 | Batch 6880/8072 | Loss: 0.6886 | LR: 4.81e-05
Epoch 14/25 | Batch 6920/8072 | Loss: 0.6818 | LR: 4.81e-05
Epoch 14/25 | Batch 6960/8072 | Loss: 0.6843 | LR: 4.81e-05
Epoch 14/25 | Batch 7000/8072 | Loss: 0.6919 | LR: 4.80e-05
Epoch 14/25 | Batch 7040/8072 | Loss: 0.6850 | LR: 4.80e-05
Epoch 14/25 | Batch 7080/8072 | Loss: 0.6804 | LR: 4.80e-05
Epoch 14/25 | Batch 7120/8072 | Loss: 0.6939 | LR: 4.79e-05
Epoch 14/25 | Batch 7160/8072 | Loss: 0.6879 | LR: 4.79e-05
Epoch 14/25 | Batch 7200/8072 | Loss: 0.6804 | LR: 4.79e-05
Epoch 14/25 | Batch 7240/8072 | Loss: 0.6809 | LR: 4.78e-05
Epoch 14/25 | Batch 7280/8072 | Loss: 0.6842 | LR: 4.78e-05
Epoch 14/25 | Batch 7320/8072 | Loss: 0.6808 | LR: 4.78e-05
Epoch 14/25 | Batch 7360/8072 | Loss: 0.6808 | LR: 4.77e-05
Epoch 14/25 | Batch 7400/8072 | Loss: 0.6802 | LR: 4.77e-05
Epoch 14/25 | Batch 7440/8072 | Loss: 0.6822 | LR: 4.77e-05
Epoch 14/25 | Batch 7480/8072 | Loss: 0.6816 | LR: 4.76e-05
Epoch 14/25 | Batch 7520/8072 | Loss: 0.6806 | LR: 4.76e-05
Epoch 14/25 | Batch 7560/8072 | Loss: 0.6847 | LR: 4.75e-05
Epoch 14/25 | Batch 7600/8072 | Loss: 0.6832 | LR: 4.75e-05
Epoch 14/25 | Batch 7640/8072 | Loss: 0.6814 | LR: 4.75e-05
Epoch 14/25 | Batch 7680/8072 | Loss: 0.6806 | LR: 4.74e-05
Epoch 14/25 | Batch 7720/8072 | Loss: 0.6862 | LR: 4.74e-05
Epoch 14/25 | Batch 7760/8072 | Loss: 0.6809 | LR: 4.74e-05
Epoch 14/25 | Batch 7800/8072 | Loss: 0.6815 | LR: 4.73e-05
Epoch 14/25 | Batch 7840/8072 | Loss: 0.6832 | LR: 4.73e-05
Epoch 14/25 | Batch 7880/8072 | Loss: 0.6799 | LR: 4.73e-05
Epoch 14/25 | Batch 7920/8072 | Loss: 0.6873 | LR: 4.72e-05
Epoch 14/25 | Batch 7960/8072 | Loss: 0.6842 | LR: 4.72e-05
Epoch 14/25 | Batch 8000/8072 | Loss: 0.6826 | LR: 4.72e-05
Epoch 14/25 | Batch 8040/8072 | Loss: 0.6802 | LR: 4.71e-05
  Sample - Pred: [34, 40, 20, 2, 23, 40, 31, 18, 40, 10, 3, 40, 20, 25, 9] | True: [34, 40, 20, 2, 23, 40, 29, 18, 40, 10, 3, 40, 20, 25, 9]

Epoch 14 Summary:
  Train Loss: 0.6838
  Val Loss: 0.7039
  PER: 0.1319
  Avg LR: 5.05e-05
------------------------------------------------------------
  ** New best model saved! PER: 0.1319
Epoch 15/25 | Batch 0/8072 | Loss: 0.6813 | LR: 4.71e-05
Epoch 15/25 | Batch 40/8072 | Loss: 0.6820 | LR: 4.71e-05
Epoch 15/25 | Batch 80/8072 | Loss: 0.6811 | LR: 4.71e-05
Epoch 15/25 | Batch 120/8072 | Loss: 0.6825 | LR: 4.70e-05
Epoch 15/25 | Batch 160/8072 | Loss: 0.6801 | LR: 4.70e-05
Epoch 15/25 | Batch 200/8072 | Loss: 0.6826 | LR: 4.70e-05
Epoch 15/25 | Batch 240/8072 | Loss: 0.6819 | LR: 4.69e-05
Epoch 15/25 | Batch 280/8072 | Loss: 0.6803 | LR: 4.69e-05
Epoch 15/25 | Batch 320/8072 | Loss: 0.6807 | LR: 4.69e-05
Epoch 15/25 | Batch 360/8072 | Loss: 0.6806 | LR: 4.68e-05
Epoch 15/25 | Batch 400/8072 | Loss: 0.6816 | LR: 4.68e-05
Epoch 15/25 | Batch 440/8072 | Loss: 0.6814 | LR: 4.68e-05
Epoch 15/25 | Batch 480/8072 | Loss: 0.6801 | LR: 4.67e-05
Epoch 15/25 | Batch 520/8072 | Loss: 0.6811 | LR: 4.67e-05
Epoch 15/25 | Batch 560/8072 | Loss: 0.6835 | LR: 4.67e-05
Epoch 15/25 | Batch 600/8072 | Loss: 0.6814 | LR: 4.66e-05
Epoch 15/25 | Batch 640/8072 | Loss: 0.6802 | LR: 4.66e-05
Epoch 15/25 | Batch 680/8072 | Loss: 0.6803 | LR: 4.66e-05
Epoch 15/25 | Batch 720/8072 | Loss: 0.6846 | LR: 4.65e-05
Epoch 15/25 | Batch 760/8072 | Loss: 0.6809 | LR: 4.65e-05
Epoch 15/25 | Batch 800/8072 | Loss: 0.6876 | LR: 4.65e-05
Epoch 15/25 | Batch 840/8072 | Loss: 0.6849 | LR: 4.64e-05
Epoch 15/25 | Batch 880/8072 | Loss: 0.6819 | LR: 4.64e-05
Epoch 15/25 | Batch 920/8072 | Loss: 0.6813 | LR: 4.64e-05
Epoch 15/25 | Batch 960/8072 | Loss: 0.6858 | LR: 4.63e-05
Epoch 15/25 | Batch 1000/8072 | Loss: 0.6837 | LR: 4.63e-05
Epoch 15/25 | Batch 1040/8072 | Loss: 0.6809 | LR: 4.63e-05
Epoch 15/25 | Batch 1080/8072 | Loss: 0.6831 | LR: 4.62e-05
Epoch 15/25 | Batch 1120/8072 | Loss: 0.6854 | LR: 4.62e-05
Epoch 15/25 | Batch 1160/8072 | Loss: 0.6836 | LR: 4.62e-05
Epoch 15/25 | Batch 1200/8072 | Loss: 0.6803 | LR: 4.61e-05
Epoch 15/25 | Batch 1240/8072 | Loss: 0.6827 | LR: 4.61e-05
Epoch 15/25 | Batch 1280/8072 | Loss: 0.6828 | LR: 4.61e-05
Epoch 15/25 | Batch 1320/8072 | Loss: 0.6806 | LR: 4.60e-05
Epoch 15/25 | Batch 1360/8072 | Loss: 0.6815 | LR: 4.60e-05
Epoch 15/25 | Batch 1400/8072 | Loss: 0.6803 | LR: 4.60e-05
Epoch 15/25 | Batch 1440/8072 | Loss: 0.6812 | LR: 4.59e-05
Epoch 15/25 | Batch 1480/8072 | Loss: 0.6811 | LR: 4.59e-05
Epoch 15/25 | Batch 1520/8072 | Loss: 0.6807 | LR: 4.59e-05
Epoch 15/25 | Batch 1560/8072 | Loss: 0.6803 | LR: 4.58e-05
Epoch 15/25 | Batch 1600/8072 | Loss: 0.6849 | LR: 4.58e-05
Epoch 15/25 | Batch 1640/8072 | Loss: 0.6820 | LR: 4.58e-05
Epoch 15/25 | Batch 1680/8072 | Loss: 0.6836 | LR: 4.57e-05
Epoch 15/25 | Batch 1720/8072 | Loss: 0.6804 | LR: 4.57e-05
Epoch 15/25 | Batch 1760/8072 | Loss: 0.6835 | LR: 4.57e-05
Epoch 15/25 | Batch 1800/8072 | Loss: 0.6830 | LR: 4.56e-05
Epoch 15/25 | Batch 1840/8072 | Loss: 0.6852 | LR: 4.56e-05
Epoch 15/25 | Batch 1880/8072 | Loss: 0.6860 | LR: 4.56e-05
Epoch 15/25 | Batch 1920/8072 | Loss: 0.6807 | LR: 4.55e-05
Epoch 15/25 | Batch 1960/8072 | Loss: 0.6804 | LR: 4.55e-05
Epoch 15/25 | Batch 2000/8072 | Loss: 0.6826 | LR: 4.55e-05
Epoch 15/25 | Batch 2040/8072 | Loss: 0.6827 | LR: 4.54e-05
Epoch 15/25 | Batch 2080/8072 | Loss: 0.6824 | LR: 4.54e-05
Epoch 15/25 | Batch 2120/8072 | Loss: 0.6822 | LR: 4.54e-05
Epoch 15/25 | Batch 2160/8072 | Loss: 0.6857 | LR: 4.53e-05
Epoch 15/25 | Batch 2200/8072 | Loss: 0.6837 | LR: 4.53e-05
Epoch 15/25 | Batch 2240/8072 | Loss: 0.6828 | LR: 4.53e-05
Epoch 15/25 | Batch 2280/8072 | Loss: 0.6823 | LR: 4.52e-05
Epoch 15/25 | Batch 2320/8072 | Loss: 0.6838 | LR: 4.52e-05
Epoch 15/25 | Batch 2360/8072 | Loss: 0.6802 | LR: 4.52e-05
Epoch 15/25 | Batch 2400/8072 | Loss: 0.6834 | LR: 4.51e-05
Epoch 15/25 | Batch 2440/8072 | Loss: 0.6829 | LR: 4.51e-05
Epoch 15/25 | Batch 2480/8072 | Loss: 0.6803 | LR: 4.51e-05
Epoch 15/25 | Batch 2520/8072 | Loss: 0.6828 | LR: 4.50e-05
Epoch 15/25 | Batch 2560/8072 | Loss: 0.6820 | LR: 4.50e-05
Epoch 15/25 | Batch 2600/8072 | Loss: 0.6885 | LR: 4.50e-05
Epoch 15/25 | Batch 2640/8072 | Loss: 0.6827 | LR: 4.49e-05
Epoch 15/25 | Batch 2680/8072 | Loss: 0.6815 | LR: 4.49e-05
Epoch 15/25 | Batch 2720/8072 | Loss: 0.6830 | LR: 4.49e-05
Epoch 15/25 | Batch 2760/8072 | Loss: 0.6803 | LR: 4.48e-05
Epoch 15/25 | Batch 2800/8072 | Loss: 0.6805 | LR: 4.48e-05
Epoch 15/25 | Batch 2840/8072 | Loss: 0.6832 | LR: 4.48e-05
Epoch 15/25 | Batch 2880/8072 | Loss: 0.6832 | LR: 4.47e-05
Epoch 15/25 | Batch 2920/8072 | Loss: 0.6815 | LR: 4.47e-05
Epoch 15/25 | Batch 2960/8072 | Loss: 0.6856 | LR: 4.47e-05
Epoch 15/25 | Batch 3000/8072 | Loss: 0.6862 | LR: 4.46e-05
Epoch 15/25 | Batch 3040/8072 | Loss: 0.6842 | LR: 4.46e-05
Epoch 15/25 | Batch 3080/8072 | Loss: 0.6847 | LR: 4.46e-05
Epoch 15/25 | Batch 3120/8072 | Loss: 0.6820 | LR: 4.45e-05
Epoch 15/25 | Batch 3160/8072 | Loss: 0.6859 | LR: 4.45e-05
Epoch 15/25 | Batch 3200/8072 | Loss: 0.6821 | LR: 4.45e-05
Epoch 15/25 | Batch 3240/8072 | Loss: 0.6804 | LR: 4.44e-05
Epoch 15/25 | Batch 3280/8072 | Loss: 0.6838 | LR: 4.44e-05
Epoch 15/25 | Batch 3320/8072 | Loss: 0.6808 | LR: 4.44e-05
Epoch 15/25 | Batch 3360/8072 | Loss: 0.6805 | LR: 4.43e-05
Epoch 15/25 | Batch 3400/8072 | Loss: 0.6806 | LR: 4.43e-05
Epoch 15/25 | Batch 3440/8072 | Loss: 0.6806 | LR: 4.43e-05
Epoch 15/25 | Batch 3480/8072 | Loss: 0.6805 | LR: 4.42e-05
Epoch 15/25 | Batch 3520/8072 | Loss: 0.6843 | LR: 4.42e-05
Epoch 15/25 | Batch 3560/8072 | Loss: 0.6894 | LR: 4.42e-05
Epoch 15/25 | Batch 3600/8072 | Loss: 0.6825 | LR: 4.41e-05
Epoch 15/25 | Batch 3640/8072 | Loss: 0.6815 | LR: 4.41e-05
Epoch 15/25 | Batch 3680/8072 | Loss: 0.6812 | LR: 4.41e-05
Epoch 15/25 | Batch 3720/8072 | Loss: 0.6831 | LR: 4.40e-05
Epoch 15/25 | Batch 3760/8072 | Loss: 0.6804 | LR: 4.40e-05
Epoch 15/25 | Batch 3800/8072 | Loss: 0.6818 | LR: 4.40e-05
Epoch 15/25 | Batch 3840/8072 | Loss: 0.6815 | LR: 4.39e-05
Epoch 15/25 | Batch 3880/8072 | Loss: 0.6804 | LR: 4.39e-05
Epoch 15/25 | Batch 3920/8072 | Loss: 0.6803 | LR: 4.39e-05
Epoch 15/25 | Batch 3960/8072 | Loss: 0.6801 | LR: 4.38e-05
Epoch 15/25 | Batch 4000/8072 | Loss: 0.6806 | LR: 4.38e-05
Epoch 15/25 | Batch 4040/8072 | Loss: 0.6801 | LR: 4.38e-05
Epoch 15/25 | Batch 4080/8072 | Loss: 0.6824 | LR: 4.37e-05
Epoch 15/25 | Batch 4120/8072 | Loss: 0.6802 | LR: 4.37e-05
Epoch 15/25 | Batch 4160/8072 | Loss: 0.6800 | LR: 4.37e-05
Epoch 15/25 | Batch 4200/8072 | Loss: 0.6830 | LR: 4.36e-05
Epoch 15/25 | Batch 4240/8072 | Loss: 0.6844 | LR: 4.36e-05
Epoch 15/25 | Batch 4280/8072 | Loss: 0.6821 | LR: 4.36e-05
Epoch 15/25 | Batch 4320/8072 | Loss: 0.6808 | LR: 4.35e-05
Epoch 15/25 | Batch 4360/8072 | Loss: 0.6807 | LR: 4.35e-05
Epoch 15/25 | Batch 4400/8072 | Loss: 0.6834 | LR: 4.35e-05
Epoch 15/25 | Batch 4440/8072 | Loss: 0.6812 | LR: 4.34e-05
Epoch 15/25 | Batch 4480/8072 | Loss: 0.6801 | LR: 4.34e-05
Epoch 15/25 | Batch 4520/8072 | Loss: 0.6811 | LR: 4.34e-05
Epoch 15/25 | Batch 4560/8072 | Loss: 0.6879 | LR: 4.33e-05
Epoch 15/25 | Batch 4600/8072 | Loss: 0.6803 | LR: 4.33e-05
Epoch 15/25 | Batch 4640/8072 | Loss: 0.6816 | LR: 4.33e-05
Epoch 15/25 | Batch 4680/8072 | Loss: 0.6824 | LR: 4.32e-05
Epoch 15/25 | Batch 4720/8072 | Loss: 0.6802 | LR: 4.32e-05
Epoch 15/25 | Batch 4760/8072 | Loss: 0.6818 | LR: 4.32e-05
Epoch 15/25 | Batch 4800/8072 | Loss: 0.6844 | LR: 4.31e-05
Epoch 15/25 | Batch 4840/8072 | Loss: 0.6836 | LR: 4.31e-05
Epoch 15/25 | Batch 4880/8072 | Loss: 0.6828 | LR: 4.31e-05
Epoch 15/25 | Batch 4920/8072 | Loss: 0.6840 | LR: 4.30e-05
Epoch 15/25 | Batch 4960/8072 | Loss: 0.6819 | LR: 4.30e-05
Epoch 15/25 | Batch 5000/8072 | Loss: 0.6808 | LR: 4.30e-05
Epoch 15/25 | Batch 5040/8072 | Loss: 0.6832 | LR: 4.29e-05
Epoch 15/25 | Batch 5080/8072 | Loss: 0.6811 | LR: 4.29e-05
Epoch 15/25 | Batch 5120/8072 | Loss: 0.7074 | LR: 4.29e-05
Epoch 15/25 | Batch 5160/8072 | Loss: 0.6850 | LR: 4.28e-05
Epoch 15/25 | Batch 5200/8072 | Loss: 0.6838 | LR: 4.28e-05
Epoch 15/25 | Batch 5240/8072 | Loss: 0.6837 | LR: 4.28e-05
Epoch 15/25 | Batch 5280/8072 | Loss: 0.6837 | LR: 4.27e-05
Epoch 15/25 | Batch 5320/8072 | Loss: 0.6822 | LR: 4.27e-05
Epoch 15/25 | Batch 5360/8072 | Loss: 0.6816 | LR: 4.27e-05
Epoch 15/25 | Batch 5400/8072 | Loss: 0.6801 | LR: 4.26e-05
Epoch 15/25 | Batch 5440/8072 | Loss: 0.6830 | LR: 4.26e-05
Epoch 15/25 | Batch 5480/8072 | Loss: 0.6807 | LR: 4.26e-05
Epoch 15/25 | Batch 5520/8072 | Loss: 0.6817 | LR: 4.25e-05
Epoch 15/25 | Batch 5560/8072 | Loss: 0.6919 | LR: 4.25e-05
Epoch 15/25 | Batch 5600/8072 | Loss: 0.6805 | LR: 4.25e-05
Epoch 15/25 | Batch 5640/8072 | Loss: 0.6838 | LR: 4.24e-05
Epoch 15/25 | Batch 5680/8072 | Loss: 0.6803 | LR: 4.24e-05
Epoch 15/25 | Batch 5720/8072 | Loss: 0.6802 | LR: 4.24e-05
Epoch 15/25 | Batch 5760/8072 | Loss: 0.6799 | LR: 4.23e-05
Epoch 15/25 | Batch 5800/8072 | Loss: 0.6820 | LR: 4.23e-05
Epoch 15/25 | Batch 5840/8072 | Loss: 0.6804 | LR: 4.23e-05
Epoch 15/25 | Batch 5880/8072 | Loss: 0.6799 | LR: 4.22e-05
Epoch 15/25 | Batch 5920/8072 | Loss: 0.6800 | LR: 4.22e-05
Epoch 15/25 | Batch 5960/8072 | Loss: 0.6810 | LR: 4.22e-05
Epoch 15/25 | Batch 6000/8072 | Loss: 0.6899 | LR: 4.21e-05
Epoch 15/25 | Batch 6040/8072 | Loss: 0.6805 | LR: 4.21e-05
Epoch 15/25 | Batch 6080/8072 | Loss: 0.6943 | LR: 4.21e-05
Epoch 15/25 | Batch 6120/8072 | Loss: 0.6806 | LR: 4.20e-05
Epoch 15/25 | Batch 6160/8072 | Loss: 0.6848 | LR: 4.20e-05
Epoch 15/25 | Batch 6200/8072 | Loss: 0.6808 | LR: 4.20e-05
Epoch 15/25 | Batch 6240/8072 | Loss: 0.6816 | LR: 4.19e-05
Epoch 15/25 | Batch 6280/8072 | Loss: 0.6816 | LR: 4.19e-05
Epoch 15/25 | Batch 6320/8072 | Loss: 0.6807 | LR: 4.19e-05
Epoch 15/25 | Batch 6360/8072 | Loss: 0.6833 | LR: 4.18e-05
Epoch 15/25 | Batch 6400/8072 | Loss: 0.6844 | LR: 4.18e-05
Epoch 15/25 | Batch 6440/8072 | Loss: 0.6821 | LR: 4.18e-05
Epoch 15/25 | Batch 6480/8072 | Loss: 0.6814 | LR: 4.17e-05
Epoch 15/25 | Batch 6520/8072 | Loss: 0.6800 | LR: 4.17e-05
Epoch 15/25 | Batch 6560/8072 | Loss: 0.6835 | LR: 4.17e-05
Epoch 15/25 | Batch 6600/8072 | Loss: 0.6827 | LR: 4.16e-05
Epoch 15/25 | Batch 6640/8072 | Loss: 0.6812 | LR: 4.16e-05
Epoch 15/25 | Batch 6680/8072 | Loss: 0.6807 | LR: 4.16e-05
Epoch 15/25 | Batch 6720/8072 | Loss: 0.6812 | LR: 4.15e-05
Epoch 15/25 | Batch 6760/8072 | Loss: 0.6811 | LR: 4.15e-05
Epoch 15/25 | Batch 6800/8072 | Loss: 0.6808 | LR: 4.15e-05
Epoch 15/25 | Batch 6840/8072 | Loss: 0.6820 | LR: 4.14e-05
Epoch 15/25 | Batch 6880/8072 | Loss: 0.6846 | LR: 4.14e-05
Epoch 15/25 | Batch 6920/8072 | Loss: 0.6837 | LR: 4.14e-05
Epoch 15/25 | Batch 6960/8072 | Loss: 0.6836 | LR: 4.13e-05
Epoch 15/25 | Batch 7000/8072 | Loss: 0.6840 | LR: 4.13e-05
Epoch 15/25 | Batch 7040/8072 | Loss: 0.6801 | LR: 4.13e-05
Epoch 15/25 | Batch 7080/8072 | Loss: 0.6801 | LR: 4.12e-05
Epoch 15/25 | Batch 7120/8072 | Loss: 0.6800 | LR: 4.12e-05
Epoch 15/25 | Batch 7160/8072 | Loss: 0.6878 | LR: 4.12e-05
Epoch 15/25 | Batch 7200/8072 | Loss: 0.6837 | LR: 4.11e-05
Epoch 15/25 | Batch 7240/8072 | Loss: 0.6808 | LR: 4.11e-05
Epoch 15/25 | Batch 7280/8072 | Loss: 0.6812 | LR: 4.11e-05
Epoch 15/25 | Batch 7320/8072 | Loss: 0.6806 | LR: 4.10e-05
Epoch 15/25 | Batch 7360/8072 | Loss: 0.6818 | LR: 4.10e-05
Epoch 15/25 | Batch 7400/8072 | Loss: 0.6829 | LR: 4.10e-05
Epoch 15/25 | Batch 7440/8072 | Loss: 0.6814 | LR: 4.09e-05
Epoch 15/25 | Batch 7480/8072 | Loss: 0.6811 | LR: 4.09e-05
Epoch 15/25 | Batch 7520/8072 | Loss: 0.6834 | LR: 4.09e-05
Epoch 15/25 | Batch 7560/8072 | Loss: 0.6814 | LR: 4.08e-05
Epoch 15/25 | Batch 7600/8072 | Loss: 0.6803 | LR: 4.08e-05
Epoch 15/25 | Batch 7640/8072 | Loss: 0.6840 | LR: 4.08e-05
Epoch 15/25 | Batch 7680/8072 | Loss: 0.6829 | LR: 4.08e-05
Epoch 15/25 | Batch 7720/8072 | Loss: 0.6810 | LR: 4.07e-05
Epoch 15/25 | Batch 7760/8072 | Loss: 0.6815 | LR: 4.07e-05
Epoch 15/25 | Batch 7800/8072 | Loss: 0.6841 | LR: 4.07e-05
Epoch 15/25 | Batch 7840/8072 | Loss: 0.6803 | LR: 4.06e-05
Epoch 15/25 | Batch 7880/8072 | Loss: 0.6817 | LR: 4.06e-05
Epoch 15/25 | Batch 7920/8072 | Loss: 0.6826 | LR: 4.06e-05
Epoch 15/25 | Batch 7960/8072 | Loss: 0.6858 | LR: 4.05e-05
Epoch 15/25 | Batch 8000/8072 | Loss: 0.6878 | LR: 4.05e-05
Epoch 15/25 | Batch 8040/8072 | Loss: 0.6839 | LR: 4.05e-05
  Sample - Pred: [34, 40, 20, 2, 23, 40, 29, 18, 40, 10, 3, 40, 20, 3, 21] | True: [34, 40, 20, 2, 23, 40, 29, 18, 40, 10, 3, 40, 20, 25, 9]

Epoch 15 Summary:
  Train Loss: 0.6828
  Val Loss: 0.7026
  PER: 0.1247
  Avg LR: 4.38e-05
------------------------------------------------------------
  ** New best model saved! PER: 0.1247
Epoch 16/25 | Batch 0/8072 | Loss: 0.6823 | LR: 4.04e-05
Epoch 16/25 | Batch 40/8072 | Loss: 0.6814 | LR: 4.04e-05
Epoch 16/25 | Batch 80/8072 | Loss: 0.6815 | LR: 4.04e-05
Epoch 16/25 | Batch 120/8072 | Loss: 0.6835 | LR: 4.03e-05
Epoch 16/25 | Batch 160/8072 | Loss: 0.6799 | LR: 4.03e-05
Epoch 16/25 | Batch 200/8072 | Loss: 0.6813 | LR: 4.03e-05
Epoch 16/25 | Batch 240/8072 | Loss: 0.6819 | LR: 4.02e-05
Epoch 16/25 | Batch 280/8072 | Loss: 0.6809 | LR: 4.02e-05
Epoch 16/25 | Batch 320/8072 | Loss: 0.6808 | LR: 4.02e-05
Epoch 16/25 | Batch 360/8072 | Loss: 0.6820 | LR: 4.01e-05
Epoch 16/25 | Batch 400/8072 | Loss: 0.7008 | LR: 4.01e-05
Epoch 16/25 | Batch 440/8072 | Loss: 0.6812 | LR: 4.01e-05
Epoch 16/25 | Batch 480/8072 | Loss: 0.6847 | LR: 4.00e-05
Epoch 16/25 | Batch 520/8072 | Loss: 0.6849 | LR: 4.00e-05
Epoch 16/25 | Batch 560/8072 | Loss: 0.6818 | LR: 4.00e-05
Epoch 16/25 | Batch 600/8072 | Loss: 0.6822 | LR: 3.99e-05
Epoch 16/25 | Batch 640/8072 | Loss: 0.6856 | LR: 3.99e-05
Epoch 16/25 | Batch 680/8072 | Loss: 0.6814 | LR: 3.99e-05
Epoch 16/25 | Batch 720/8072 | Loss: 0.6800 | LR: 3.98e-05
Epoch 16/25 | Batch 760/8072 | Loss: 0.6826 | LR: 3.98e-05
Epoch 16/25 | Batch 800/8072 | Loss: 0.6809 | LR: 3.98e-05
Epoch 16/25 | Batch 840/8072 | Loss: 0.6815 | LR: 3.97e-05
Epoch 16/25 | Batch 880/8072 | Loss: 0.6881 | LR: 3.97e-05
Epoch 16/25 | Batch 920/8072 | Loss: 0.6801 | LR: 3.97e-05
Epoch 16/25 | Batch 960/8072 | Loss: 0.6818 | LR: 3.96e-05
Epoch 16/25 | Batch 1000/8072 | Loss: 0.6813 | LR: 3.96e-05
Epoch 16/25 | Batch 1040/8072 | Loss: 0.6810 | LR: 3.96e-05
Epoch 16/25 | Batch 1080/8072 | Loss: 0.6805 | LR: 3.95e-05
Epoch 16/25 | Batch 1120/8072 | Loss: 0.6799 | LR: 3.95e-05
Epoch 16/25 | Batch 1160/8072 | Loss: 0.6808 | LR: 3.95e-05
Epoch 16/25 | Batch 1200/8072 | Loss: 0.6837 | LR: 3.94e-05
Epoch 16/25 | Batch 1240/8072 | Loss: 0.6800 | LR: 3.94e-05
Epoch 16/25 | Batch 1280/8072 | Loss: 0.6821 | LR: 3.94e-05
Epoch 16/25 | Batch 1320/8072 | Loss: 0.6810 | LR: 3.93e-05
Epoch 16/25 | Batch 1360/8072 | Loss: 0.6849 | LR: 3.93e-05
Epoch 16/25 | Batch 1400/8072 | Loss: 0.6808 | LR: 3.93e-05
Epoch 16/25 | Batch 1440/8072 | Loss: 0.6816 | LR: 3.93e-05
Epoch 16/25 | Batch 1480/8072 | Loss: 0.6842 | LR: 3.92e-05
Epoch 16/25 | Batch 1520/8072 | Loss: 0.6834 | LR: 3.92e-05
Epoch 16/25 | Batch 1560/8072 | Loss: 0.6839 | LR: 3.92e-05
Epoch 16/25 | Batch 1600/8072 | Loss: 0.6843 | LR: 3.91e-05
Epoch 16/25 | Batch 1640/8072 | Loss: 0.6815 | LR: 3.91e-05
Epoch 16/25 | Batch 1680/8072 | Loss: 0.6805 | LR: 3.91e-05
Epoch 16/25 | Batch 1720/8072 | Loss: 0.6810 | LR: 3.90e-05
Epoch 16/25 | Batch 1760/8072 | Loss: 0.6809 | LR: 3.90e-05
Epoch 16/25 | Batch 1800/8072 | Loss: 0.6811 | LR: 3.90e-05
Epoch 16/25 | Batch 1840/8072 | Loss: 0.6819 | LR: 3.89e-05
Epoch 16/25 | Batch 1880/8072 | Loss: 0.6831 | LR: 3.89e-05
Epoch 16/25 | Batch 1920/8072 | Loss: 0.6808 | LR: 3.89e-05
Epoch 16/25 | Batch 1960/8072 | Loss: 0.6814 | LR: 3.88e-05
Epoch 16/25 | Batch 2000/8072 | Loss: 0.6812 | LR: 3.88e-05
Epoch 16/25 | Batch 2040/8072 | Loss: 0.6834 | LR: 3.88e-05
Epoch 16/25 | Batch 2080/8072 | Loss: 0.6802 | LR: 3.87e-05
Epoch 16/25 | Batch 2120/8072 | Loss: 0.6883 | LR: 3.87e-05
Epoch 16/25 | Batch 2160/8072 | Loss: 0.6874 | LR: 3.87e-05
Epoch 16/25 | Batch 2200/8072 | Loss: 0.6804 | LR: 3.86e-05
Epoch 16/25 | Batch 2240/8072 | Loss: 0.6803 | LR: 3.86e-05
Epoch 16/25 | Batch 2280/8072 | Loss: 0.6808 | LR: 3.86e-05
Epoch 16/25 | Batch 2320/8072 | Loss: 0.6819 | LR: 3.85e-05
Epoch 16/25 | Batch 2360/8072 | Loss: 0.6826 | LR: 3.85e-05
Epoch 16/25 | Batch 2400/8072 | Loss: 0.6818 | LR: 3.85e-05
Epoch 16/25 | Batch 2440/8072 | Loss: 0.6811 | LR: 3.84e-05
Epoch 16/25 | Batch 2480/8072 | Loss: 0.6806 | LR: 3.84e-05
Epoch 16/25 | Batch 2520/8072 | Loss: 0.6811 | LR: 3.84e-05
Epoch 16/25 | Batch 2560/8072 | Loss: 0.6804 | LR: 3.83e-05
Epoch 16/25 | Batch 2600/8072 | Loss: 0.6804 | LR: 3.83e-05
Epoch 16/25 | Batch 2640/8072 | Loss: 0.6804 | LR: 3.83e-05
Epoch 16/25 | Batch 2680/8072 | Loss: 0.6820 | LR: 3.82e-05
Epoch 16/25 | Batch 2720/8072 | Loss: 0.6861 | LR: 3.82e-05
Epoch 16/25 | Batch 2760/8072 | Loss: 0.6802 | LR: 3.82e-05
Epoch 16/25 | Batch 2800/8072 | Loss: 0.6800 | LR: 3.81e-05
Epoch 16/25 | Batch 2840/8072 | Loss: 0.6804 | LR: 3.81e-05
Epoch 16/25 | Batch 2880/8072 | Loss: 0.6805 | LR: 3.81e-05
Epoch 16/25 | Batch 2920/8072 | Loss: 0.6802 | LR: 3.80e-05
Epoch 16/25 | Batch 2960/8072 | Loss: 0.6827 | LR: 3.80e-05
Epoch 16/25 | Batch 3000/8072 | Loss: 0.6809 | LR: 3.80e-05
Epoch 16/25 | Batch 3040/8072 | Loss: 0.6810 | LR: 3.80e-05
Epoch 16/25 | Batch 3080/8072 | Loss: 0.6808 | LR: 3.79e-05
Epoch 16/25 | Batch 3120/8072 | Loss: 0.6809 | LR: 3.79e-05
Epoch 16/25 | Batch 3160/8072 | Loss: 0.6804 | LR: 3.79e-05
Epoch 16/25 | Batch 3200/8072 | Loss: 0.6812 | LR: 3.78e-05
Epoch 16/25 | Batch 3240/8072 | Loss: 0.6831 | LR: 3.78e-05
Epoch 16/25 | Batch 3280/8072 | Loss: 0.6808 | LR: 3.78e-05
Epoch 16/25 | Batch 3320/8072 | Loss: 0.6904 | LR: 3.77e-05
Epoch 16/25 | Batch 3360/8072 | Loss: 0.6812 | LR: 3.77e-05
Epoch 16/25 | Batch 3400/8072 | Loss: 0.6804 | LR: 3.77e-05
Epoch 16/25 | Batch 3440/8072 | Loss: 0.6810 | LR: 3.76e-05
Epoch 16/25 | Batch 3480/8072 | Loss: 0.6813 | LR: 3.76e-05
Epoch 16/25 | Batch 3520/8072 | Loss: 0.6830 | LR: 3.76e-05
Epoch 16/25 | Batch 3560/8072 | Loss: 0.6912 | LR: 3.75e-05
Epoch 16/25 | Batch 3600/8072 | Loss: 0.6820 | LR: 3.75e-05
Epoch 16/25 | Batch 3640/8072 | Loss: 0.6834 | LR: 3.75e-05
Epoch 16/25 | Batch 3680/8072 | Loss: 0.6825 | LR: 3.74e-05
Epoch 16/25 | Batch 3720/8072 | Loss: 0.6833 | LR: 3.74e-05
Epoch 16/25 | Batch 3760/8072 | Loss: 0.6867 | LR: 3.74e-05
Epoch 16/25 | Batch 3800/8072 | Loss: 0.6824 | LR: 3.73e-05
Epoch 16/25 | Batch 3840/8072 | Loss: 0.6802 | LR: 3.73e-05
Epoch 16/25 | Batch 3880/8072 | Loss: 0.6819 | LR: 3.73e-05
Epoch 16/25 | Batch 3920/8072 | Loss: 0.6803 | LR: 3.72e-05
Epoch 16/25 | Batch 3960/8072 | Loss: 0.6834 | LR: 3.72e-05
Epoch 16/25 | Batch 4000/8072 | Loss: 0.6855 | LR: 3.72e-05
Epoch 16/25 | Batch 4040/8072 | Loss: 0.6818 | LR: 3.71e-05
Epoch 16/25 | Batch 4080/8072 | Loss: 0.6810 | LR: 3.71e-05
Epoch 16/25 | Batch 4120/8072 | Loss: 0.6821 | LR: 3.71e-05
Epoch 16/25 | Batch 4160/8072 | Loss: 0.6834 | LR: 3.70e-05
Epoch 16/25 | Batch 4200/8072 | Loss: 0.6803 | LR: 3.70e-05
Epoch 16/25 | Batch 4240/8072 | Loss: 0.6808 | LR: 3.70e-05
Epoch 16/25 | Batch 4280/8072 | Loss: 0.6822 | LR: 3.69e-05
Epoch 16/25 | Batch 4320/8072 | Loss: 0.6821 | LR: 3.69e-05
Epoch 16/25 | Batch 4360/8072 | Loss: 0.6850 | LR: 3.69e-05
Epoch 16/25 | Batch 4400/8072 | Loss: 0.6820 | LR: 3.69e-05
Epoch 16/25 | Batch 4440/8072 | Loss: 0.6822 | LR: 3.68e-05
Epoch 16/25 | Batch 4480/8072 | Loss: 0.6812 | LR: 3.68e-05
Epoch 16/25 | Batch 4520/8072 | Loss: 0.6801 | LR: 3.68e-05
Epoch 16/25 | Batch 4560/8072 | Loss: 0.6800 | LR: 3.67e-05
Epoch 16/25 | Batch 4600/8072 | Loss: 0.6810 | LR: 3.67e-05
Epoch 16/25 | Batch 4640/8072 | Loss: 0.6848 | LR: 3.67e-05
Epoch 16/25 | Batch 4680/8072 | Loss: 0.6840 | LR: 3.66e-05
Epoch 16/25 | Batch 4720/8072 | Loss: 0.6799 | LR: 3.66e-05
Epoch 16/25 | Batch 4760/8072 | Loss: 0.6850 | LR: 3.66e-05
Epoch 16/25 | Batch 4800/8072 | Loss: 0.6815 | LR: 3.65e-05
Epoch 16/25 | Batch 4840/8072 | Loss: 0.6922 | LR: 3.65e-05
Epoch 16/25 | Batch 4880/8072 | Loss: 0.6815 | LR: 3.65e-05
Epoch 16/25 | Batch 4920/8072 | Loss: 0.6814 | LR: 3.64e-05
Epoch 16/25 | Batch 4960/8072 | Loss: 0.6820 | LR: 3.64e-05
Epoch 16/25 | Batch 5000/8072 | Loss: 0.6809 | LR: 3.64e-05
Epoch 16/25 | Batch 5040/8072 | Loss: 0.6814 | LR: 3.63e-05
Epoch 16/25 | Batch 5080/8072 | Loss: 0.6801 | LR: 3.63e-05
Epoch 16/25 | Batch 5120/8072 | Loss: 0.6801 | LR: 3.63e-05
Epoch 16/25 | Batch 5160/8072 | Loss: 0.6804 | LR: 3.62e-05
Epoch 16/25 | Batch 5200/8072 | Loss: 0.6814 | LR: 3.62e-05
Epoch 16/25 | Batch 5240/8072 | Loss: 0.6828 | LR: 3.62e-05
Epoch 16/25 | Batch 5280/8072 | Loss: 0.6804 | LR: 3.61e-05
Epoch 16/25 | Batch 5320/8072 | Loss: 0.6818 | LR: 3.61e-05
Epoch 16/25 | Batch 5360/8072 | Loss: 0.6807 | LR: 3.61e-05
Epoch 16/25 | Batch 5400/8072 | Loss: 0.6871 | LR: 3.60e-05
Epoch 16/25 | Batch 5440/8072 | Loss: 0.6815 | LR: 3.60e-05
Epoch 16/25 | Batch 5480/8072 | Loss: 0.6810 | LR: 3.60e-05
Epoch 16/25 | Batch 5520/8072 | Loss: 0.6805 | LR: 3.60e-05
Epoch 16/25 | Batch 5560/8072 | Loss: 0.6807 | LR: 3.59e-05
Epoch 16/25 | Batch 5600/8072 | Loss: 0.6817 | LR: 3.59e-05
Epoch 16/25 | Batch 5640/8072 | Loss: 0.6847 | LR: 3.59e-05
Epoch 16/25 | Batch 5680/8072 | Loss: 0.6824 | LR: 3.58e-05
Epoch 16/25 | Batch 5720/8072 | Loss: 0.6821 | LR: 3.58e-05
Epoch 16/25 | Batch 5760/8072 | Loss: 0.6821 | LR: 3.58e-05
Epoch 16/25 | Batch 5800/8072 | Loss: 0.6832 | LR: 3.57e-05
Epoch 16/25 | Batch 5840/8072 | Loss: 0.6804 | LR: 3.57e-05
Epoch 16/25 | Batch 5880/8072 | Loss: 0.6812 | LR: 3.57e-05
Epoch 16/25 | Batch 5920/8072 | Loss: 0.6826 | LR: 3.56e-05
Epoch 16/25 | Batch 5960/8072 | Loss: 0.6830 | LR: 3.56e-05
Epoch 16/25 | Batch 6000/8072 | Loss: 0.6826 | LR: 3.56e-05
Epoch 16/25 | Batch 6040/8072 | Loss: 0.6823 | LR: 3.55e-05
Epoch 16/25 | Batch 6080/8072 | Loss: 0.6812 | LR: 3.55e-05
Epoch 16/25 | Batch 6120/8072 | Loss: 0.6817 | LR: 3.55e-05
Epoch 16/25 | Batch 6160/8072 | Loss: 0.6800 | LR: 3.54e-05
Epoch 16/25 | Batch 6200/8072 | Loss: 0.6830 | LR: 3.54e-05
Epoch 16/25 | Batch 6240/8072 | Loss: 0.6810 | LR: 3.54e-05
Epoch 16/25 | Batch 6280/8072 | Loss: 0.6802 | LR: 3.53e-05
Epoch 16/25 | Batch 6320/8072 | Loss: 0.6825 | LR: 3.53e-05
Epoch 16/25 | Batch 6360/8072 | Loss: 0.6802 | LR: 3.53e-05
Epoch 16/25 | Batch 6400/8072 | Loss: 0.6816 | LR: 3.52e-05
Epoch 16/25 | Batch 6440/8072 | Loss: 0.6806 | LR: 3.52e-05
Epoch 16/25 | Batch 6480/8072 | Loss: 0.6815 | LR: 3.52e-05
Epoch 16/25 | Batch 6520/8072 | Loss: 0.6808 | LR: 3.52e-05
Epoch 16/25 | Batch 6560/8072 | Loss: 0.6866 | LR: 3.51e-05
Epoch 16/25 | Batch 6600/8072 | Loss: 0.6808 | LR: 3.51e-05
Epoch 16/25 | Batch 6640/8072 | Loss: 0.6812 | LR: 3.51e-05
Epoch 16/25 | Batch 6680/8072 | Loss: 0.6806 | LR: 3.50e-05
Epoch 16/25 | Batch 6720/8072 | Loss: 0.6812 | LR: 3.50e-05
Epoch 16/25 | Batch 6760/8072 | Loss: 0.6862 | LR: 3.50e-05
Epoch 16/25 | Batch 6800/8072 | Loss: 0.6856 | LR: 3.49e-05
Epoch 16/25 | Batch 6840/8072 | Loss: 0.6800 | LR: 3.49e-05
Epoch 16/25 | Batch 6880/8072 | Loss: 0.6825 | LR: 3.49e-05
Epoch 16/25 | Batch 6920/8072 | Loss: 0.6810 | LR: 3.48e-05
Epoch 16/25 | Batch 6960/8072 | Loss: 0.6825 | LR: 3.48e-05
Epoch 16/25 | Batch 7000/8072 | Loss: 0.6907 | LR: 3.48e-05
Epoch 16/25 | Batch 7040/8072 | Loss: 0.6818 | LR: 3.47e-05
Epoch 16/25 | Batch 7080/8072 | Loss: 0.6814 | LR: 3.47e-05
Epoch 16/25 | Batch 7120/8072 | Loss: 0.6803 | LR: 3.47e-05
Epoch 16/25 | Batch 7160/8072 | Loss: 0.6808 | LR: 3.46e-05
Epoch 16/25 | Batch 7200/8072 | Loss: 0.6813 | LR: 3.46e-05
Epoch 16/25 | Batch 7240/8072 | Loss: 0.6815 | LR: 3.46e-05
Epoch 16/25 | Batch 7280/8072 | Loss: 0.6904 | LR: 3.46e-05
Epoch 16/25 | Batch 7320/8072 | Loss: 0.6800 | LR: 3.45e-05
Epoch 16/25 | Batch 7360/8072 | Loss: 0.6800 | LR: 3.45e-05
Epoch 16/25 | Batch 7400/8072 | Loss: 0.6808 | LR: 3.45e-05
Epoch 16/25 | Batch 7440/8072 | Loss: 0.6812 | LR: 3.44e-05
Epoch 16/25 | Batch 7480/8072 | Loss: 0.6809 | LR: 3.44e-05
Epoch 16/25 | Batch 7520/8072 | Loss: 0.6813 | LR: 3.44e-05
Epoch 16/25 | Batch 7560/8072 | Loss: 0.6843 | LR: 3.43e-05
Epoch 16/25 | Batch 7600/8072 | Loss: 0.6820 | LR: 3.43e-05
Epoch 16/25 | Batch 7640/8072 | Loss: 0.6800 | LR: 3.43e-05
Epoch 16/25 | Batch 7680/8072 | Loss: 0.6819 | LR: 3.42e-05
Epoch 16/25 | Batch 7720/8072 | Loss: 0.6817 | LR: 3.42e-05
Epoch 16/25 | Batch 7760/8072 | Loss: 0.6805 | LR: 3.42e-05
Epoch 16/25 | Batch 7800/8072 | Loss: 0.6820 | LR: 3.41e-05
Epoch 16/25 | Batch 7840/8072 | Loss: 0.6815 | LR: 3.41e-05
Epoch 16/25 | Batch 7880/8072 | Loss: 0.6802 | LR: 3.41e-05
Epoch 16/25 | Batch 7920/8072 | Loss: 0.6806 | LR: 3.40e-05
Epoch 16/25 | Batch 7960/8072 | Loss: 0.6828 | LR: 3.40e-05
Epoch 16/25 | Batch 8000/8072 | Loss: 0.6803 | LR: 3.40e-05
Epoch 16/25 | Batch 8040/8072 | Loss: 0.6805 | LR: 3.39e-05
  Sample - Pred: [34, 40, 20, 2, 23, 40, 7, 18, 40, 10, 3, 40, 20, 3, 21] | True: [34, 40, 20, 2, 23, 40, 29, 18, 40, 10, 3, 40, 20, 25, 9]

Epoch 16 Summary:
  Train Loss: 0.6820
  Val Loss: 0.7024
  PER: 0.1242
  Avg LR: 3.72e-05
------------------------------------------------------------
  ** New best model saved! PER: 0.1242
Epoch 17/25 | Batch 0/8072 | Loss: 0.6805 | LR: 3.39e-05
Epoch 17/25 | Batch 40/8072 | Loss: 0.6803 | LR: 3.39e-05
Epoch 17/25 | Batch 80/8072 | Loss: 0.6804 | LR: 3.39e-05
Epoch 17/25 | Batch 120/8072 | Loss: 0.6808 | LR: 3.38e-05
Epoch 17/25 | Batch 160/8072 | Loss: 0.6806 | LR: 3.38e-05
Epoch 17/25 | Batch 200/8072 | Loss: 0.6800 | LR: 3.38e-05
Epoch 17/25 | Batch 240/8072 | Loss: 0.6812 | LR: 3.37e-05
Epoch 17/25 | Batch 280/8072 | Loss: 0.6812 | LR: 3.37e-05
Epoch 17/25 | Batch 320/8072 | Loss: 0.6806 | LR: 3.37e-05
Epoch 17/25 | Batch 360/8072 | Loss: 0.6804 | LR: 3.36e-05
Epoch 17/25 | Batch 400/8072 | Loss: 0.6807 | LR: 3.36e-05
Epoch 17/25 | Batch 440/8072 | Loss: 0.6836 | LR: 3.36e-05
Epoch 17/25 | Batch 480/8072 | Loss: 0.6816 | LR: 3.35e-05
Epoch 17/25 | Batch 520/8072 | Loss: 0.6806 | LR: 3.35e-05
Epoch 17/25 | Batch 560/8072 | Loss: 0.6811 | LR: 3.35e-05
Epoch 17/25 | Batch 600/8072 | Loss: 0.6814 | LR: 3.35e-05
Epoch 17/25 | Batch 640/8072 | Loss: 0.6806 | LR: 3.34e-05
Epoch 17/25 | Batch 680/8072 | Loss: 0.6829 | LR: 3.34e-05
Epoch 17/25 | Batch 720/8072 | Loss: 0.6809 | LR: 3.34e-05
Epoch 17/25 | Batch 760/8072 | Loss: 0.6812 | LR: 3.33e-05
Epoch 17/25 | Batch 800/8072 | Loss: 0.6812 | LR: 3.33e-05
Epoch 17/25 | Batch 840/8072 | Loss: 0.6801 | LR: 3.33e-05
Epoch 17/25 | Batch 880/8072 | Loss: 0.6811 | LR: 3.32e-05
Epoch 17/25 | Batch 920/8072 | Loss: 0.6804 | LR: 3.32e-05
Epoch 17/25 | Batch 960/8072 | Loss: 0.6813 | LR: 3.32e-05
Epoch 17/25 | Batch 1000/8072 | Loss: 0.6799 | LR: 3.31e-05
Epoch 17/25 | Batch 1040/8072 | Loss: 0.6814 | LR: 3.31e-05
Epoch 17/25 | Batch 1080/8072 | Loss: 0.6816 | LR: 3.31e-05
Epoch 17/25 | Batch 1120/8072 | Loss: 0.6806 | LR: 3.30e-05
Epoch 17/25 | Batch 1160/8072 | Loss: 0.6803 | LR: 3.30e-05
Epoch 17/25 | Batch 1200/8072 | Loss: 0.6837 | LR: 3.30e-05
Epoch 17/25 | Batch 1240/8072 | Loss: 0.6810 | LR: 3.29e-05
Epoch 17/25 | Batch 1280/8072 | Loss: 0.6802 | LR: 3.29e-05
Epoch 17/25 | Batch 1320/8072 | Loss: 0.6813 | LR: 3.29e-05
Epoch 17/25 | Batch 1360/8072 | Loss: 0.6838 | LR: 3.29e-05
Epoch 17/25 | Batch 1400/8072 | Loss: 0.6804 | LR: 3.28e-05
Epoch 17/25 | Batch 1440/8072 | Loss: 0.6808 | LR: 3.28e-05
Epoch 17/25 | Batch 1480/8072 | Loss: 0.6809 | LR: 3.28e-05
Epoch 17/25 | Batch 1520/8072 | Loss: 0.6844 | LR: 3.27e-05
Epoch 17/25 | Batch 1560/8072 | Loss: 0.6807 | LR: 3.27e-05
Epoch 17/25 | Batch 1600/8072 | Loss: 0.6806 | LR: 3.27e-05
Epoch 17/25 | Batch 1640/8072 | Loss: 0.6830 | LR: 3.26e-05
Epoch 17/25 | Batch 1680/8072 | Loss: 0.6805 | LR: 3.26e-05
Epoch 17/25 | Batch 1720/8072 | Loss: 0.6807 | LR: 3.26e-05
Epoch 17/25 | Batch 1760/8072 | Loss: 0.6804 | LR: 3.25e-05
Epoch 17/25 | Batch 1800/8072 | Loss: 0.6830 | LR: 3.25e-05
Epoch 17/25 | Batch 1840/8072 | Loss: 0.6802 | LR: 3.25e-05
Epoch 17/25 | Batch 1880/8072 | Loss: 0.6801 | LR: 3.24e-05
Epoch 17/25 | Batch 1920/8072 | Loss: 0.6822 | LR: 3.24e-05
Epoch 17/25 | Batch 1960/8072 | Loss: 0.6817 | LR: 3.24e-05
Epoch 17/25 | Batch 2000/8072 | Loss: 0.6799 | LR: 3.24e-05
Epoch 17/25 | Batch 2040/8072 | Loss: 0.6813 | LR: 3.23e-05
Epoch 17/25 | Batch 2080/8072 | Loss: 0.6809 | LR: 3.23e-05
Epoch 17/25 | Batch 2120/8072 | Loss: 0.6813 | LR: 3.23e-05
Epoch 17/25 | Batch 2160/8072 | Loss: 0.6809 | LR: 3.22e-05
Epoch 17/25 | Batch 2200/8072 | Loss: 0.6806 | LR: 3.22e-05
Epoch 17/25 | Batch 2240/8072 | Loss: 0.6828 | LR: 3.22e-05
Epoch 17/25 | Batch 2280/8072 | Loss: 0.6818 | LR: 3.21e-05
Epoch 17/25 | Batch 2320/8072 | Loss: 0.6803 | LR: 3.21e-05
Epoch 17/25 | Batch 2360/8072 | Loss: 0.6812 | LR: 3.21e-05
Epoch 17/25 | Batch 2400/8072 | Loss: 0.6799 | LR: 3.20e-05
Epoch 17/25 | Batch 2440/8072 | Loss: 0.6809 | LR: 3.20e-05
Epoch 17/25 | Batch 2480/8072 | Loss: 0.6826 | LR: 3.20e-05
Epoch 17/25 | Batch 2520/8072 | Loss: 0.6812 | LR: 3.20e-05
Epoch 17/25 | Batch 2560/8072 | Loss: 0.6802 | LR: 3.19e-05
Epoch 17/25 | Batch 2600/8072 | Loss: 0.6801 | LR: 3.19e-05
Epoch 17/25 | Batch 2640/8072 | Loss: 0.6824 | LR: 3.19e-05
Epoch 17/25 | Batch 2680/8072 | Loss: 0.6810 | LR: 3.18e-05
Epoch 17/25 | Batch 2720/8072 | Loss: 0.6817 | LR: 3.18e-05
Epoch 17/25 | Batch 2760/8072 | Loss: 0.6807 | LR: 3.18e-05
Epoch 17/25 | Batch 2800/8072 | Loss: 0.6800 | LR: 3.17e-05
Epoch 17/25 | Batch 2840/8072 | Loss: 0.6800 | LR: 3.17e-05
Epoch 17/25 | Batch 2880/8072 | Loss: 0.6811 | LR: 3.17e-05
Epoch 17/25 | Batch 2920/8072 | Loss: 0.6798 | LR: 3.16e-05
Epoch 17/25 | Batch 2960/8072 | Loss: 0.6811 | LR: 3.16e-05
Epoch 17/25 | Batch 3000/8072 | Loss: 0.6807 | LR: 3.16e-05
Epoch 17/25 | Batch 3040/8072 | Loss: 0.6805 | LR: 3.15e-05
Epoch 17/25 | Batch 3080/8072 | Loss: 0.6825 | LR: 3.15e-05
Epoch 17/25 | Batch 3120/8072 | Loss: 0.6806 | LR: 3.15e-05
Epoch 17/25 | Batch 3160/8072 | Loss: 0.6833 | LR: 3.15e-05
Epoch 17/25 | Batch 3200/8072 | Loss: 0.6803 | LR: 3.14e-05
Epoch 17/25 | Batch 3240/8072 | Loss: 0.6803 | LR: 3.14e-05
Epoch 17/25 | Batch 3280/8072 | Loss: 0.6812 | LR: 3.14e-05
Epoch 17/25 | Batch 3320/8072 | Loss: 0.6830 | LR: 3.13e-05
Epoch 17/25 | Batch 3360/8072 | Loss: 0.6800 | LR: 3.13e-05
Epoch 17/25 | Batch 3400/8072 | Loss: 0.6800 | LR: 3.13e-05
Epoch 17/25 | Batch 3440/8072 | Loss: 0.6810 | LR: 3.12e-05
Epoch 17/25 | Batch 3480/8072 | Loss: 0.6811 | LR: 3.12e-05
Epoch 17/25 | Batch 3520/8072 | Loss: 0.6809 | LR: 3.12e-05
Epoch 17/25 | Batch 3560/8072 | Loss: 0.6823 | LR: 3.11e-05
Epoch 17/25 | Batch 3600/8072 | Loss: 0.6807 | LR: 3.11e-05
Epoch 17/25 | Batch 3640/8072 | Loss: 0.6805 | LR: 3.11e-05
Epoch 17/25 | Batch 3680/8072 | Loss: 0.6801 | LR: 3.11e-05
Epoch 17/25 | Batch 3720/8072 | Loss: 0.6823 | LR: 3.10e-05
Epoch 17/25 | Batch 3760/8072 | Loss: 0.6811 | LR: 3.10e-05
Epoch 17/25 | Batch 3800/8072 | Loss: 0.6808 | LR: 3.10e-05
Epoch 17/25 | Batch 3840/8072 | Loss: 0.6805 | LR: 3.09e-05
Epoch 17/25 | Batch 3880/8072 | Loss: 0.6807 | LR: 3.09e-05
Epoch 17/25 | Batch 3920/8072 | Loss: 0.6804 | LR: 3.09e-05
Epoch 17/25 | Batch 3960/8072 | Loss: 0.6800 | LR: 3.08e-05
Epoch 17/25 | Batch 4000/8072 | Loss: 0.6807 | LR: 3.08e-05
Epoch 17/25 | Batch 4040/8072 | Loss: 0.6803 | LR: 3.08e-05
Epoch 17/25 | Batch 4080/8072 | Loss: 0.6893 | LR: 3.07e-05
Epoch 17/25 | Batch 4120/8072 | Loss: 0.6811 | LR: 3.07e-05
Epoch 17/25 | Batch 4160/8072 | Loss: 0.6807 | LR: 3.07e-05
Epoch 17/25 | Batch 4200/8072 | Loss: 0.6848 | LR: 3.07e-05
Epoch 17/25 | Batch 4240/8072 | Loss: 0.6831 | LR: 3.06e-05
Epoch 17/25 | Batch 4280/8072 | Loss: 0.6804 | LR: 3.06e-05
Epoch 17/25 | Batch 4320/8072 | Loss: 0.6799 | LR: 3.06e-05
Epoch 17/25 | Batch 4360/8072 | Loss: 0.6814 | LR: 3.05e-05
Epoch 17/25 | Batch 4400/8072 | Loss: 0.6817 | LR: 3.05e-05
Epoch 17/25 | Batch 4440/8072 | Loss: 0.6805 | LR: 3.05e-05
Epoch 17/25 | Batch 4480/8072 | Loss: 0.6798 | LR: 3.04e-05
Epoch 17/25 | Batch 4520/8072 | Loss: 0.6806 | LR: 3.04e-05
Epoch 17/25 | Batch 4560/8072 | Loss: 0.6806 | LR: 3.04e-05
Epoch 17/25 | Batch 4600/8072 | Loss: 0.6811 | LR: 3.03e-05
Epoch 17/25 | Batch 4640/8072 | Loss: 0.6809 | LR: 3.03e-05
Epoch 17/25 | Batch 4680/8072 | Loss: 0.6806 | LR: 3.03e-05
Epoch 17/25 | Batch 4720/8072 | Loss: 0.6800 | LR: 3.03e-05
Epoch 17/25 | Batch 4760/8072 | Loss: 0.6802 | LR: 3.02e-05
Epoch 17/25 | Batch 4800/8072 | Loss: 0.6798 | LR: 3.02e-05
Epoch 17/25 | Batch 4840/8072 | Loss: 0.6833 | LR: 3.02e-05
Epoch 17/25 | Batch 4880/8072 | Loss: 0.6806 | LR: 3.01e-05
Epoch 17/25 | Batch 4920/8072 | Loss: 0.6803 | LR: 3.01e-05
Epoch 17/25 | Batch 4960/8072 | Loss: 0.6808 | LR: 3.01e-05
Epoch 17/25 | Batch 5000/8072 | Loss: 0.6800 | LR: 3.00e-05
Epoch 17/25 | Batch 5040/8072 | Loss: 0.6809 | LR: 3.00e-05
Epoch 17/25 | Batch 5080/8072 | Loss: 0.6901 | LR: 3.00e-05
Epoch 17/25 | Batch 5120/8072 | Loss: 0.6805 | LR: 2.99e-05
Epoch 17/25 | Batch 5160/8072 | Loss: 0.6817 | LR: 2.99e-05
Epoch 17/25 | Batch 5200/8072 | Loss: 0.6802 | LR: 2.99e-05
Epoch 17/25 | Batch 5240/8072 | Loss: 0.6802 | LR: 2.99e-05
Epoch 17/25 | Batch 5280/8072 | Loss: 0.6804 | LR: 2.98e-05
Epoch 17/25 | Batch 5320/8072 | Loss: 0.6813 | LR: 2.98e-05
Epoch 17/25 | Batch 5360/8072 | Loss: 0.6799 | LR: 2.98e-05
Epoch 17/25 | Batch 5400/8072 | Loss: 0.6802 | LR: 2.97e-05
Epoch 17/25 | Batch 5440/8072 | Loss: 0.6809 | LR: 2.97e-05
Epoch 17/25 | Batch 5480/8072 | Loss: 0.6808 | LR: 2.97e-05
Epoch 17/25 | Batch 5520/8072 | Loss: 0.6798 | LR: 2.96e-05
Epoch 17/25 | Batch 5560/8072 | Loss: 0.6835 | LR: 2.96e-05
Epoch 17/25 | Batch 5600/8072 | Loss: 0.6803 | LR: 2.96e-05
Epoch 17/25 | Batch 5640/8072 | Loss: 0.6817 | LR: 2.96e-05
Epoch 17/25 | Batch 5680/8072 | Loss: 0.6803 | LR: 2.95e-05
Epoch 17/25 | Batch 5720/8072 | Loss: 0.6813 | LR: 2.95e-05
Epoch 17/25 | Batch 5760/8072 | Loss: 0.6803 | LR: 2.95e-05
Epoch 17/25 | Batch 5800/8072 | Loss: 0.6800 | LR: 2.94e-05
Epoch 17/25 | Batch 5840/8072 | Loss: 0.6802 | LR: 2.94e-05
Epoch 17/25 | Batch 5880/8072 | Loss: 0.6834 | LR: 2.94e-05
Epoch 17/25 | Batch 5920/8072 | Loss: 0.6803 | LR: 2.93e-05
Epoch 17/25 | Batch 5960/8072 | Loss: 0.6805 | LR: 2.93e-05
Epoch 17/25 | Batch 6000/8072 | Loss: 0.6801 | LR: 2.93e-05
Epoch 17/25 | Batch 6040/8072 | Loss: 0.6808 | LR: 2.93e-05
Epoch 17/25 | Batch 6080/8072 | Loss: 0.6802 | LR: 2.92e-05
Epoch 17/25 | Batch 6120/8072 | Loss: 0.6804 | LR: 2.92e-05
Epoch 17/25 | Batch 6160/8072 | Loss: 0.6872 | LR: 2.92e-05
Epoch 17/25 | Batch 6200/8072 | Loss: 0.6805 | LR: 2.91e-05
Epoch 17/25 | Batch 6240/8072 | Loss: 0.6805 | LR: 2.91e-05
Epoch 17/25 | Batch 6280/8072 | Loss: 0.6820 | LR: 2.91e-05
Epoch 17/25 | Batch 6320/8072 | Loss: 0.6803 | LR: 2.90e-05
Epoch 17/25 | Batch 6360/8072 | Loss: 0.6801 | LR: 2.90e-05
Epoch 17/25 | Batch 6400/8072 | Loss: 0.6801 | LR: 2.90e-05
Epoch 17/25 | Batch 6440/8072 | Loss: 0.6833 | LR: 2.89e-05
Epoch 17/25 | Batch 6480/8072 | Loss: 0.6803 | LR: 2.89e-05
Epoch 17/25 | Batch 6520/8072 | Loss: 0.6806 | LR: 2.89e-05
Epoch 17/25 | Batch 6560/8072 | Loss: 0.6799 | LR: 2.89e-05
Epoch 17/25 | Batch 6600/8072 | Loss: 0.6803 | LR: 2.88e-05
Epoch 17/25 | Batch 6640/8072 | Loss: 0.6807 | LR: 2.88e-05
Epoch 17/25 | Batch 6680/8072 | Loss: 0.6910 | LR: 2.88e-05
Epoch 17/25 | Batch 6720/8072 | Loss: 0.6806 | LR: 2.87e-05
Epoch 17/25 | Batch 6760/8072 | Loss: 0.6813 | LR: 2.87e-05
Epoch 17/25 | Batch 6800/8072 | Loss: 0.6802 | LR: 2.87e-05
Epoch 17/25 | Batch 6840/8072 | Loss: 0.6803 | LR: 2.86e-05
Epoch 17/25 | Batch 6880/8072 | Loss: 0.6874 | LR: 2.86e-05
Epoch 17/25 | Batch 6920/8072 | Loss: 0.6831 | LR: 2.86e-05
Epoch 17/25 | Batch 6960/8072 | Loss: 0.6807 | LR: 2.86e-05
Epoch 17/25 | Batch 7000/8072 | Loss: 0.6803 | LR: 2.85e-05
Epoch 17/25 | Batch 7040/8072 | Loss: 0.6852 | LR: 2.85e-05
Epoch 17/25 | Batch 7080/8072 | Loss: 0.6803 | LR: 2.85e-05
Epoch 17/25 | Batch 7120/8072 | Loss: 0.6821 | LR: 2.84e-05
Epoch 17/25 | Batch 7160/8072 | Loss: 0.6828 | LR: 2.84e-05
Epoch 17/25 | Batch 7200/8072 | Loss: 0.6818 | LR: 2.84e-05
Epoch 17/25 | Batch 7240/8072 | Loss: 0.6851 | LR: 2.83e-05
Epoch 17/25 | Batch 7280/8072 | Loss: 0.6799 | LR: 2.83e-05
Epoch 17/25 | Batch 7320/8072 | Loss: 0.6822 | LR: 2.83e-05
Epoch 17/25 | Batch 7360/8072 | Loss: 0.6808 | LR: 2.83e-05
Epoch 17/25 | Batch 7400/8072 | Loss: 0.6810 | LR: 2.82e-05
Epoch 17/25 | Batch 7440/8072 | Loss: 0.6849 | LR: 2.82e-05
Epoch 17/25 | Batch 7480/8072 | Loss: 0.6799 | LR: 2.82e-05
Epoch 17/25 | Batch 7520/8072 | Loss: 0.6817 | LR: 2.81e-05
Epoch 17/25 | Batch 7560/8072 | Loss: 0.6807 | LR: 2.81e-05
Epoch 17/25 | Batch 7600/8072 | Loss: 0.6807 | LR: 2.81e-05
Epoch 17/25 | Batch 7640/8072 | Loss: 0.6819 | LR: 2.80e-05
Epoch 17/25 | Batch 7680/8072 | Loss: 0.6799 | LR: 2.80e-05
Epoch 17/25 | Batch 7720/8072 | Loss: 0.6823 | LR: 2.80e-05
Epoch 17/25 | Batch 7760/8072 | Loss: 0.6848 | LR: 2.80e-05
Epoch 17/25 | Batch 7800/8072 | Loss: 0.6820 | LR: 2.79e-05
Epoch 17/25 | Batch 7840/8072 | Loss: 0.6813 | LR: 2.79e-05
Epoch 17/25 | Batch 7880/8072 | Loss: 0.6804 | LR: 2.79e-05
Epoch 17/25 | Batch 7920/8072 | Loss: 0.6828 | LR: 2.78e-05
Epoch 17/25 | Batch 7960/8072 | Loss: 0.6808 | LR: 2.78e-05
Epoch 17/25 | Batch 8000/8072 | Loss: 0.6809 | LR: 2.78e-05
Epoch 17/25 | Batch 8040/8072 | Loss: 0.6802 | LR: 2.78e-05
  Sample - Pred: [34, 40, 20, 2, 23, 40, 7, 18, 40, 10, 3, 40, 20, 25, 9] | True: [34, 40, 20, 2, 23, 40, 29, 18, 40, 10, 3, 40, 20, 25, 9]

Epoch 17 Summary:
  Train Loss: 0.6815
  Val Loss: 0.7004
  PER: 0.1173
  Avg LR: 3.08e-05
------------------------------------------------------------
  ** New best model saved! PER: 0.1173
Epoch 18/25 | Batch 0/8072 | Loss: 0.6811 | LR: 2.77e-05
Epoch 18/25 | Batch 40/8072 | Loss: 0.6811 | LR: 2.77e-05
Epoch 18/25 | Batch 80/8072 | Loss: 0.6812 | LR: 2.77e-05
Epoch 18/25 | Batch 120/8072 | Loss: 0.6801 | LR: 2.76e-05
Epoch 18/25 | Batch 160/8072 | Loss: 0.6802 | LR: 2.76e-05
Epoch 18/25 | Batch 200/8072 | Loss: 0.6802 | LR: 2.76e-05
Epoch 18/25 | Batch 240/8072 | Loss: 0.6802 | LR: 2.75e-05
Epoch 18/25 | Batch 280/8072 | Loss: 0.6819 | LR: 2.75e-05
Epoch 18/25 | Batch 320/8072 | Loss: 0.6806 | LR: 2.75e-05
Epoch 18/25 | Batch 360/8072 | Loss: 0.6811 | LR: 2.75e-05
Epoch 18/25 | Batch 400/8072 | Loss: 0.6808 | LR: 2.74e-05
Epoch 18/25 | Batch 440/8072 | Loss: 0.6817 | LR: 2.74e-05
Epoch 18/25 | Batch 480/8072 | Loss: 0.6799 | LR: 2.74e-05
Epoch 18/25 | Batch 520/8072 | Loss: 0.6823 | LR: 2.73e-05
Epoch 18/25 | Batch 560/8072 | Loss: 0.6809 | LR: 2.73e-05
Epoch 18/25 | Batch 600/8072 | Loss: 0.6804 | LR: 2.73e-05
Epoch 18/25 | Batch 640/8072 | Loss: 0.6805 | LR: 2.73e-05
Epoch 18/25 | Batch 680/8072 | Loss: 0.6817 | LR: 2.72e-05
Epoch 18/25 | Batch 720/8072 | Loss: 0.6805 | LR: 2.72e-05
Epoch 18/25 | Batch 760/8072 | Loss: 0.6806 | LR: 2.72e-05
Epoch 18/25 | Batch 800/8072 | Loss: 0.6815 | LR: 2.71e-05
Epoch 18/25 | Batch 840/8072 | Loss: 0.6805 | LR: 2.71e-05
Epoch 18/25 | Batch 880/8072 | Loss: 0.6834 | LR: 2.71e-05
Epoch 18/25 | Batch 920/8072 | Loss: 0.6804 | LR: 2.70e-05
Epoch 18/25 | Batch 960/8072 | Loss: 0.6799 | LR: 2.70e-05
Epoch 18/25 | Batch 1000/8072 | Loss: 0.6812 | LR: 2.70e-05
Epoch 18/25 | Batch 1040/8072 | Loss: 0.6804 | LR: 2.70e-05
Epoch 18/25 | Batch 1080/8072 | Loss: 0.6808 | LR: 2.69e-05
Epoch 18/25 | Batch 1120/8072 | Loss: 0.6800 | LR: 2.69e-05
Epoch 18/25 | Batch 1160/8072 | Loss: 0.6802 | LR: 2.69e-05
Epoch 18/25 | Batch 1200/8072 | Loss: 0.6827 | LR: 2.68e-05
Epoch 18/25 | Batch 1240/8072 | Loss: 0.6817 | LR: 2.68e-05
Epoch 18/25 | Batch 1280/8072 | Loss: 0.6809 | LR: 2.68e-05
Epoch 18/25 | Batch 1320/8072 | Loss: 0.6807 | LR: 2.68e-05
Epoch 18/25 | Batch 1360/8072 | Loss: 0.6805 | LR: 2.67e-05
Epoch 18/25 | Batch 1400/8072 | Loss: 0.6802 | LR: 2.67e-05
Epoch 18/25 | Batch 1440/8072 | Loss: 0.6806 | LR: 2.67e-05
Epoch 18/25 | Batch 1480/8072 | Loss: 0.6805 | LR: 2.66e-05
Epoch 18/25 | Batch 1520/8072 | Loss: 0.6806 | LR: 2.66e-05
Epoch 18/25 | Batch 1560/8072 | Loss: 0.6813 | LR: 2.66e-05
Epoch 18/25 | Batch 1600/8072 | Loss: 0.6803 | LR: 2.65e-05
Epoch 18/25 | Batch 1640/8072 | Loss: 0.6804 | LR: 2.65e-05
Epoch 18/25 | Batch 1680/8072 | Loss: 0.6802 | LR: 2.65e-05
Epoch 18/25 | Batch 1720/8072 | Loss: 0.6814 | LR: 2.65e-05
Epoch 18/25 | Batch 1760/8072 | Loss: 0.6805 | LR: 2.64e-05
Epoch 18/25 | Batch 1800/8072 | Loss: 0.6814 | LR: 2.64e-05
Epoch 18/25 | Batch 1840/8072 | Loss: 0.6813 | LR: 2.64e-05
Epoch 18/25 | Batch 1880/8072 | Loss: 0.6808 | LR: 2.63e-05
Epoch 18/25 | Batch 1920/8072 | Loss: 0.7040 | LR: 2.63e-05
Epoch 18/25 | Batch 1960/8072 | Loss: 0.6804 | LR: 2.63e-05
Epoch 18/25 | Batch 2000/8072 | Loss: 0.6813 | LR: 2.63e-05
Epoch 18/25 | Batch 2040/8072 | Loss: 0.6807 | LR: 2.62e-05
Epoch 18/25 | Batch 2080/8072 | Loss: 0.6804 | LR: 2.62e-05
Epoch 18/25 | Batch 2120/8072 | Loss: 0.6815 | LR: 2.62e-05
Epoch 18/25 | Batch 2160/8072 | Loss: 0.6799 | LR: 2.61e-05
Epoch 18/25 | Batch 2200/8072 | Loss: 0.6802 | LR: 2.61e-05
Epoch 18/25 | Batch 2240/8072 | Loss: 0.6807 | LR: 2.61e-05
Epoch 18/25 | Batch 2280/8072 | Loss: 0.6802 | LR: 2.60e-05
Epoch 18/25 | Batch 2320/8072 | Loss: 0.6801 | LR: 2.60e-05
Epoch 18/25 | Batch 2360/8072 | Loss: 0.6801 | LR: 2.60e-05
Epoch 18/25 | Batch 2400/8072 | Loss: 0.6817 | LR: 2.60e-05
Epoch 18/25 | Batch 2440/8072 | Loss: 0.6801 | LR: 2.59e-05
Epoch 18/25 | Batch 2480/8072 | Loss: 0.6803 | LR: 2.59e-05
Epoch 18/25 | Batch 2520/8072 | Loss: 0.6802 | LR: 2.59e-05
Epoch 18/25 | Batch 2560/8072 | Loss: 0.6800 | LR: 2.58e-05
Epoch 18/25 | Batch 2600/8072 | Loss: 0.6802 | LR: 2.58e-05
Epoch 18/25 | Batch 2640/8072 | Loss: 0.6799 | LR: 2.58e-05
Epoch 18/25 | Batch 2680/8072 | Loss: 0.6822 | LR: 2.58e-05
Epoch 18/25 | Batch 2720/8072 | Loss: 0.6808 | LR: 2.57e-05
Epoch 18/25 | Batch 2760/8072 | Loss: 0.6819 | LR: 2.57e-05
Epoch 18/25 | Batch 2800/8072 | Loss: 0.6836 | LR: 2.57e-05
Epoch 18/25 | Batch 2840/8072 | Loss: 0.6811 | LR: 2.56e-05
Epoch 18/25 | Batch 2880/8072 | Loss: 0.6806 | LR: 2.56e-05
Epoch 18/25 | Batch 2920/8072 | Loss: 0.6802 | LR: 2.56e-05
Epoch 18/25 | Batch 2960/8072 | Loss: 0.6806 | LR: 2.56e-05
Epoch 18/25 | Batch 3000/8072 | Loss: 0.6799 | LR: 2.55e-05
Epoch 18/25 | Batch 3040/8072 | Loss: 0.6803 | LR: 2.55e-05
Epoch 18/25 | Batch 3080/8072 | Loss: 0.6811 | LR: 2.55e-05
Epoch 18/25 | Batch 3120/8072 | Loss: 0.6810 | LR: 2.54e-05
Epoch 18/25 | Batch 3160/8072 | Loss: 0.6817 | LR: 2.54e-05
Epoch 18/25 | Batch 3200/8072 | Loss: 0.6799 | LR: 2.54e-05
Epoch 18/25 | Batch 3240/8072 | Loss: 0.6832 | LR: 2.54e-05
Epoch 18/25 | Batch 3280/8072 | Loss: 0.6799 | LR: 2.53e-05
Epoch 18/25 | Batch 3320/8072 | Loss: 0.6811 | LR: 2.53e-05
Epoch 18/25 | Batch 3360/8072 | Loss: 0.6803 | LR: 2.53e-05
Epoch 18/25 | Batch 3400/8072 | Loss: 0.6816 | LR: 2.52e-05
Epoch 18/25 | Batch 3440/8072 | Loss: 0.6807 | LR: 2.52e-05
Epoch 18/25 | Batch 3480/8072 | Loss: 0.6819 | LR: 2.52e-05
Epoch 18/25 | Batch 3520/8072 | Loss: 0.6827 | LR: 2.52e-05
Epoch 18/25 | Batch 3560/8072 | Loss: 0.6799 | LR: 2.51e-05
Epoch 18/25 | Batch 3600/8072 | Loss: 0.6813 | LR: 2.51e-05
Epoch 18/25 | Batch 3640/8072 | Loss: 0.6802 | LR: 2.51e-05
Epoch 18/25 | Batch 3680/8072 | Loss: 0.6824 | LR: 2.50e-05
Epoch 18/25 | Batch 3720/8072 | Loss: 0.6802 | LR: 2.50e-05
Epoch 18/25 | Batch 3760/8072 | Loss: 0.6801 | LR: 2.50e-05
Epoch 18/25 | Batch 3800/8072 | Loss: 0.6805 | LR: 2.49e-05
Epoch 18/25 | Batch 3840/8072 | Loss: 0.6804 | LR: 2.49e-05
Epoch 18/25 | Batch 3880/8072 | Loss: 0.6798 | LR: 2.49e-05
Epoch 18/25 | Batch 3920/8072 | Loss: 0.6799 | LR: 2.49e-05
Epoch 18/25 | Batch 3960/8072 | Loss: 0.6802 | LR: 2.48e-05
Epoch 18/25 | Batch 4000/8072 | Loss: 0.6809 | LR: 2.48e-05
Epoch 18/25 | Batch 4040/8072 | Loss: 0.6822 | LR: 2.48e-05
Epoch 18/25 | Batch 4080/8072 | Loss: 0.6801 | LR: 2.47e-05
Epoch 18/25 | Batch 4120/8072 | Loss: 0.6801 | LR: 2.47e-05
Epoch 18/25 | Batch 4160/8072 | Loss: 0.6804 | LR: 2.47e-05
Epoch 18/25 | Batch 4200/8072 | Loss: 0.6812 | LR: 2.47e-05
Epoch 18/25 | Batch 4240/8072 | Loss: 0.6816 | LR: 2.46e-05
Epoch 18/25 | Batch 4280/8072 | Loss: 0.6812 | LR: 2.46e-05
Epoch 18/25 | Batch 4320/8072 | Loss: 0.6802 | LR: 2.46e-05
Epoch 18/25 | Batch 4360/8072 | Loss: 0.6846 | LR: 2.45e-05
Epoch 18/25 | Batch 4400/8072 | Loss: 0.6810 | LR: 2.45e-05
Epoch 18/25 | Batch 4440/8072 | Loss: 0.6806 | LR: 2.45e-05
Epoch 18/25 | Batch 4480/8072 | Loss: 0.6814 | LR: 2.45e-05
Epoch 18/25 | Batch 4520/8072 | Loss: 0.6812 | LR: 2.44e-05
Epoch 18/25 | Batch 4560/8072 | Loss: 0.6801 | LR: 2.44e-05
Epoch 18/25 | Batch 4600/8072 | Loss: 0.6812 | LR: 2.44e-05
Epoch 18/25 | Batch 4640/8072 | Loss: 0.6843 | LR: 2.43e-05
Epoch 18/25 | Batch 4680/8072 | Loss: 0.6800 | LR: 2.43e-05
Epoch 18/25 | Batch 4720/8072 | Loss: 0.6811 | LR: 2.43e-05
Epoch 18/25 | Batch 4760/8072 | Loss: 0.6799 | LR: 2.43e-05
Epoch 18/25 | Batch 4800/8072 | Loss: 0.6799 | LR: 2.42e-05
Epoch 18/25 | Batch 4840/8072 | Loss: 0.6807 | LR: 2.42e-05
Epoch 18/25 | Batch 4880/8072 | Loss: 0.6813 | LR: 2.42e-05
Epoch 18/25 | Batch 4920/8072 | Loss: 0.6802 | LR: 2.42e-05
Epoch 18/25 | Batch 4960/8072 | Loss: 0.6836 | LR: 2.41e-05
Epoch 18/25 | Batch 5000/8072 | Loss: 0.6812 | LR: 2.41e-05
Epoch 18/25 | Batch 5040/8072 | Loss: 0.6805 | LR: 2.41e-05
Epoch 18/25 | Batch 5080/8072 | Loss: 0.6799 | LR: 2.40e-05
Epoch 18/25 | Batch 5120/8072 | Loss: 0.6806 | LR: 2.40e-05
Epoch 18/25 | Batch 5160/8072 | Loss: 0.6804 | LR: 2.40e-05
Epoch 18/25 | Batch 5200/8072 | Loss: 0.6804 | LR: 2.40e-05
Epoch 18/25 | Batch 5240/8072 | Loss: 0.6802 | LR: 2.39e-05
Epoch 18/25 | Batch 5280/8072 | Loss: 0.6806 | LR: 2.39e-05
Epoch 18/25 | Batch 5320/8072 | Loss: 0.6811 | LR: 2.39e-05
Epoch 18/25 | Batch 5360/8072 | Loss: 0.6807 | LR: 2.38e-05
Epoch 18/25 | Batch 5400/8072 | Loss: 0.6808 | LR: 2.38e-05
Epoch 18/25 | Batch 5440/8072 | Loss: 0.6801 | LR: 2.38e-05
Epoch 18/25 | Batch 5480/8072 | Loss: 0.6826 | LR: 2.38e-05
Epoch 18/25 | Batch 5520/8072 | Loss: 0.6801 | LR: 2.37e-05
Epoch 18/25 | Batch 5560/8072 | Loss: 0.6800 | LR: 2.37e-05
Epoch 18/25 | Batch 5600/8072 | Loss: 0.6799 | LR: 2.37e-05
Epoch 18/25 | Batch 5640/8072 | Loss: 0.6806 | LR: 2.36e-05
Epoch 18/25 | Batch 5680/8072 | Loss: 0.6807 | LR: 2.36e-05
Epoch 18/25 | Batch 5720/8072 | Loss: 0.6800 | LR: 2.36e-05
Epoch 18/25 | Batch 5760/8072 | Loss: 0.6801 | LR: 2.36e-05
Epoch 18/25 | Batch 5800/8072 | Loss: 0.6805 | LR: 2.35e-05
Epoch 18/25 | Batch 5840/8072 | Loss: 0.6805 | LR: 2.35e-05
Epoch 18/25 | Batch 5880/8072 | Loss: 0.6801 | LR: 2.35e-05
Epoch 18/25 | Batch 5920/8072 | Loss: 0.6804 | LR: 2.34e-05
Epoch 18/25 | Batch 5960/8072 | Loss: 0.6805 | LR: 2.34e-05
Epoch 18/25 | Batch 6000/8072 | Loss: 0.6836 | LR: 2.34e-05
Epoch 18/25 | Batch 6040/8072 | Loss: 0.6801 | LR: 2.34e-05
Epoch 18/25 | Batch 6080/8072 | Loss: 0.6804 | LR: 2.33e-05
Epoch 18/25 | Batch 6120/8072 | Loss: 0.6811 | LR: 2.33e-05
Epoch 18/25 | Batch 6160/8072 | Loss: 0.6833 | LR: 2.33e-05
Epoch 18/25 | Batch 6200/8072 | Loss: 0.6800 | LR: 2.32e-05
Epoch 18/25 | Batch 6240/8072 | Loss: 0.6801 | LR: 2.32e-05
Epoch 18/25 | Batch 6280/8072 | Loss: 0.6801 | LR: 2.32e-05
Epoch 18/25 | Batch 6320/8072 | Loss: 0.6801 | LR: 2.32e-05
Epoch 18/25 | Batch 6360/8072 | Loss: 0.6801 | LR: 2.31e-05
Epoch 18/25 | Batch 6400/8072 | Loss: 0.6810 | LR: 2.31e-05
Epoch 18/25 | Batch 6440/8072 | Loss: 0.6803 | LR: 2.31e-05
Epoch 18/25 | Batch 6480/8072 | Loss: 0.6799 | LR: 2.31e-05
Epoch 18/25 | Batch 6520/8072 | Loss: 0.6820 | LR: 2.30e-05
Epoch 18/25 | Batch 6560/8072 | Loss: 0.7311 | LR: 2.30e-05
Epoch 18/25 | Batch 6600/8072 | Loss: 0.6800 | LR: 2.30e-05
Epoch 18/25 | Batch 6640/8072 | Loss: 0.6829 | LR: 2.29e-05
Epoch 18/25 | Batch 6680/8072 | Loss: 0.6828 | LR: 2.29e-05
Epoch 18/25 | Batch 6720/8072 | Loss: 0.6809 | LR: 2.29e-05
Epoch 18/25 | Batch 6760/8072 | Loss: 0.6802 | LR: 2.29e-05
Epoch 18/25 | Batch 6800/8072 | Loss: 0.6806 | LR: 2.28e-05
Epoch 18/25 | Batch 6840/8072 | Loss: 0.6800 | LR: 2.28e-05
Epoch 18/25 | Batch 6880/8072 | Loss: 0.6820 | LR: 2.28e-05
Epoch 18/25 | Batch 6920/8072 | Loss: 0.6814 | LR: 2.27e-05
Epoch 18/25 | Batch 6960/8072 | Loss: 0.6803 | LR: 2.27e-05
Epoch 18/25 | Batch 7000/8072 | Loss: 0.6805 | LR: 2.27e-05
Epoch 18/25 | Batch 7040/8072 | Loss: 0.6811 | LR: 2.27e-05
Epoch 18/25 | Batch 7080/8072 | Loss: 0.6800 | LR: 2.26e-05
Epoch 18/25 | Batch 7120/8072 | Loss: 0.6804 | LR: 2.26e-05
Epoch 18/25 | Batch 7160/8072 | Loss: 0.6807 | LR: 2.26e-05
Epoch 18/25 | Batch 7200/8072 | Loss: 0.6819 | LR: 2.26e-05
Epoch 18/25 | Batch 7240/8072 | Loss: 0.6813 | LR: 2.25e-05
Epoch 18/25 | Batch 7280/8072 | Loss: 0.6805 | LR: 2.25e-05
Epoch 18/25 | Batch 7320/8072 | Loss: 0.6801 | LR: 2.25e-05
Epoch 18/25 | Batch 7360/8072 | Loss: 0.6827 | LR: 2.24e-05
Epoch 18/25 | Batch 7400/8072 | Loss: 0.6809 | LR: 2.24e-05
Epoch 18/25 | Batch 7440/8072 | Loss: 0.6801 | LR: 2.24e-05
Epoch 18/25 | Batch 7480/8072 | Loss: 0.6817 | LR: 2.24e-05
Epoch 18/25 | Batch 7520/8072 | Loss: 0.6824 | LR: 2.23e-05
Epoch 18/25 | Batch 7560/8072 | Loss: 0.6806 | LR: 2.23e-05
Epoch 18/25 | Batch 7600/8072 | Loss: 0.6807 | LR: 2.23e-05
Epoch 18/25 | Batch 7640/8072 | Loss: 0.6805 | LR: 2.23e-05
Epoch 18/25 | Batch 7680/8072 | Loss: 0.6799 | LR: 2.22e-05
Epoch 18/25 | Batch 7720/8072 | Loss: 0.6827 | LR: 2.22e-05
Epoch 18/25 | Batch 7760/8072 | Loss: 0.6800 | LR: 2.22e-05
Epoch 18/25 | Batch 7800/8072 | Loss: 0.6805 | LR: 2.21e-05
Epoch 18/25 | Batch 7840/8072 | Loss: 0.6808 | LR: 2.21e-05
Epoch 18/25 | Batch 7880/8072 | Loss: 0.6801 | LR: 2.21e-05
Epoch 18/25 | Batch 7920/8072 | Loss: 0.6805 | LR: 2.21e-05
Epoch 18/25 | Batch 7960/8072 | Loss: 0.6800 | LR: 2.20e-05
Epoch 18/25 | Batch 8000/8072 | Loss: 0.6857 | LR: 2.20e-05
Epoch 18/25 | Batch 8040/8072 | Loss: 0.6805 | LR: 2.20e-05
  Sample - Pred: [34, 40, 20, 2, 23, 40, 7, 18, 40, 20, 3, 40, 20, 3, 21] | True: [34, 40, 20, 2, 23, 40, 29, 18, 40, 10, 3, 40, 20, 25, 9]

Epoch 18 Summary:
  Train Loss: 0.6810
  Val Loss: 0.6998
  PER: 0.1145
  Avg LR: 2.48e-05
------------------------------------------------------------
  ** New best model saved! PER: 0.1145
Epoch 19/25 | Batch 0/8072 | Loss: 0.6803 | LR: 2.20e-05
Epoch 19/25 | Batch 40/8072 | Loss: 0.6799 | LR: 2.19e-05
Epoch 19/25 | Batch 80/8072 | Loss: 0.6816 | LR: 2.19e-05
Epoch 19/25 | Batch 120/8072 | Loss: 0.6818 | LR: 2.19e-05
Epoch 19/25 | Batch 160/8072 | Loss: 0.6803 | LR: 2.18e-05
Epoch 19/25 | Batch 200/8072 | Loss: 0.6812 | LR: 2.18e-05
Epoch 19/25 | Batch 240/8072 | Loss: 0.6801 | LR: 2.18e-05
Epoch 19/25 | Batch 280/8072 | Loss: 0.6814 | LR: 2.18e-05
Epoch 19/25 | Batch 320/8072 | Loss: 0.6799 | LR: 2.17e-05
Epoch 19/25 | Batch 360/8072 | Loss: 0.6803 | LR: 2.17e-05
Epoch 19/25 | Batch 400/8072 | Loss: 0.6805 | LR: 2.17e-05
Epoch 19/25 | Batch 440/8072 | Loss: 0.6805 | LR: 2.17e-05
Epoch 19/25 | Batch 480/8072 | Loss: 0.6804 | LR: 2.16e-05
Epoch 19/25 | Batch 520/8072 | Loss: 0.6807 | LR: 2.16e-05
Epoch 19/25 | Batch 560/8072 | Loss: 0.6803 | LR: 2.16e-05
Epoch 19/25 | Batch 600/8072 | Loss: 0.6816 | LR: 2.15e-05
Epoch 19/25 | Batch 640/8072 | Loss: 0.6807 | LR: 2.15e-05
Epoch 19/25 | Batch 680/8072 | Loss: 0.6803 | LR: 2.15e-05
Epoch 19/25 | Batch 720/8072 | Loss: 0.6800 | LR: 2.15e-05
Epoch 19/25 | Batch 760/8072 | Loss: 0.6798 | LR: 2.14e-05
Epoch 19/25 | Batch 800/8072 | Loss: 0.6814 | LR: 2.14e-05
Epoch 19/25 | Batch 840/8072 | Loss: 0.6842 | LR: 2.14e-05
Epoch 19/25 | Batch 880/8072 | Loss: 0.6802 | LR: 2.14e-05
Epoch 19/25 | Batch 920/8072 | Loss: 0.6801 | LR: 2.13e-05
Epoch 19/25 | Batch 960/8072 | Loss: 0.6806 | LR: 2.13e-05
Epoch 19/25 | Batch 1000/8072 | Loss: 0.6801 | LR: 2.13e-05
Epoch 19/25 | Batch 1040/8072 | Loss: 0.6808 | LR: 2.12e-05
Epoch 19/25 | Batch 1080/8072 | Loss: 0.6830 | LR: 2.12e-05
Epoch 19/25 | Batch 1120/8072 | Loss: 0.6814 | LR: 2.12e-05
Epoch 19/25 | Batch 1160/8072 | Loss: 0.6807 | LR: 2.12e-05
Epoch 19/25 | Batch 1200/8072 | Loss: 0.6819 | LR: 2.11e-05
Epoch 19/25 | Batch 1240/8072 | Loss: 0.6810 | LR: 2.11e-05
Epoch 19/25 | Batch 1280/8072 | Loss: 0.6805 | LR: 2.11e-05
Epoch 19/25 | Batch 1320/8072 | Loss: 0.6810 | LR: 2.11e-05
Epoch 19/25 | Batch 1360/8072 | Loss: 0.6805 | LR: 2.10e-05
Epoch 19/25 | Batch 1400/8072 | Loss: 0.6809 | LR: 2.10e-05
Epoch 19/25 | Batch 1440/8072 | Loss: 0.6799 | LR: 2.10e-05
Epoch 19/25 | Batch 1480/8072 | Loss: 0.6806 | LR: 2.10e-05
Epoch 19/25 | Batch 1520/8072 | Loss: 0.6801 | LR: 2.09e-05
Epoch 19/25 | Batch 1560/8072 | Loss: 0.6800 | LR: 2.09e-05
Epoch 19/25 | Batch 1600/8072 | Loss: 0.6806 | LR: 2.09e-05
Epoch 19/25 | Batch 1640/8072 | Loss: 0.6811 | LR: 2.08e-05
Epoch 19/25 | Batch 1680/8072 | Loss: 0.6810 | LR: 2.08e-05
Epoch 19/25 | Batch 1720/8072 | Loss: 0.6806 | LR: 2.08e-05
Epoch 19/25 | Batch 1760/8072 | Loss: 0.6801 | LR: 2.08e-05
Epoch 19/25 | Batch 1800/8072 | Loss: 0.6807 | LR: 2.07e-05
Epoch 19/25 | Batch 1840/8072 | Loss: 0.6810 | LR: 2.07e-05
Epoch 19/25 | Batch 1880/8072 | Loss: 0.6802 | LR: 2.07e-05
Epoch 19/25 | Batch 1920/8072 | Loss: 0.6812 | LR: 2.07e-05
Epoch 19/25 | Batch 1960/8072 | Loss: 0.6807 | LR: 2.06e-05
Epoch 19/25 | Batch 2000/8072 | Loss: 0.6800 | LR: 2.06e-05
Epoch 19/25 | Batch 2040/8072 | Loss: 0.6815 | LR: 2.06e-05
Epoch 19/25 | Batch 2080/8072 | Loss: 0.6801 | LR: 2.05e-05
Epoch 19/25 | Batch 2120/8072 | Loss: 0.6799 | LR: 2.05e-05
Epoch 19/25 | Batch 2160/8072 | Loss: 0.6800 | LR: 2.05e-05
Epoch 19/25 | Batch 2200/8072 | Loss: 0.6800 | LR: 2.05e-05
Epoch 19/25 | Batch 2240/8072 | Loss: 0.6803 | LR: 2.04e-05
Epoch 19/25 | Batch 2280/8072 | Loss: 0.6830 | LR: 2.04e-05
Epoch 19/25 | Batch 2320/8072 | Loss: 0.6799 | LR: 2.04e-05
Epoch 19/25 | Batch 2360/8072 | Loss: 0.6804 | LR: 2.04e-05
Epoch 19/25 | Batch 2400/8072 | Loss: 0.6807 | LR: 2.03e-05
Epoch 19/25 | Batch 2440/8072 | Loss: 0.6806 | LR: 2.03e-05
Epoch 19/25 | Batch 2480/8072 | Loss: 0.6803 | LR: 2.03e-05
Epoch 19/25 | Batch 2520/8072 | Loss: 0.6811 | LR: 2.03e-05
Epoch 19/25 | Batch 2560/8072 | Loss: 0.6799 | LR: 2.02e-05
Epoch 19/25 | Batch 2600/8072 | Loss: 0.6802 | LR: 2.02e-05
Epoch 19/25 | Batch 2640/8072 | Loss: 0.6803 | LR: 2.02e-05
Epoch 19/25 | Batch 2680/8072 | Loss: 0.6808 | LR: 2.02e-05
Epoch 19/25 | Batch 2720/8072 | Loss: 0.6799 | LR: 2.01e-05
Epoch 19/25 | Batch 2760/8072 | Loss: 0.6804 | LR: 2.01e-05
Epoch 19/25 | Batch 2800/8072 | Loss: 0.6805 | LR: 2.01e-05
Epoch 19/25 | Batch 2840/8072 | Loss: 0.6833 | LR: 2.00e-05
Epoch 19/25 | Batch 2880/8072 | Loss: 0.6798 | LR: 2.00e-05
Epoch 19/25 | Batch 2920/8072 | Loss: 0.6819 | LR: 2.00e-05
Epoch 19/25 | Batch 2960/8072 | Loss: 0.6809 | LR: 2.00e-05
Epoch 19/25 | Batch 3000/8072 | Loss: 0.6804 | LR: 1.99e-05
Epoch 19/25 | Batch 3040/8072 | Loss: 0.6799 | LR: 1.99e-05
Epoch 19/25 | Batch 3080/8072 | Loss: 0.6808 | LR: 1.99e-05
Epoch 19/25 | Batch 3120/8072 | Loss: 0.6800 | LR: 1.99e-05
Epoch 19/25 | Batch 3160/8072 | Loss: 0.6804 | LR: 1.98e-05
Epoch 19/25 | Batch 3200/8072 | Loss: 0.6809 | LR: 1.98e-05
Epoch 19/25 | Batch 3240/8072 | Loss: 0.6831 | LR: 1.98e-05
Epoch 19/25 | Batch 3280/8072 | Loss: 0.6827 | LR: 1.98e-05
Epoch 19/25 | Batch 3320/8072 | Loss: 0.6806 | LR: 1.97e-05
Epoch 19/25 | Batch 3360/8072 | Loss: 0.6803 | LR: 1.97e-05
Epoch 19/25 | Batch 3400/8072 | Loss: 0.6822 | LR: 1.97e-05
Epoch 19/25 | Batch 3440/8072 | Loss: 0.6802 | LR: 1.96e-05
Epoch 19/25 | Batch 3480/8072 | Loss: 0.6811 | LR: 1.96e-05
Epoch 19/25 | Batch 3520/8072 | Loss: 0.6803 | LR: 1.96e-05
Epoch 19/25 | Batch 3560/8072 | Loss: 0.6799 | LR: 1.96e-05
Epoch 19/25 | Batch 3600/8072 | Loss: 0.6811 | LR: 1.95e-05
Epoch 19/25 | Batch 3640/8072 | Loss: 0.6800 | LR: 1.95e-05
Epoch 19/25 | Batch 3680/8072 | Loss: 0.6798 | LR: 1.95e-05
Epoch 19/25 | Batch 3720/8072 | Loss: 0.6800 | LR: 1.95e-05
Epoch 19/25 | Batch 3760/8072 | Loss: 0.6825 | LR: 1.94e-05
Epoch 19/25 | Batch 3800/8072 | Loss: 0.6808 | LR: 1.94e-05
Epoch 19/25 | Batch 3840/8072 | Loss: 0.6801 | LR: 1.94e-05
Epoch 19/25 | Batch 3880/8072 | Loss: 0.6804 | LR: 1.94e-05
Epoch 19/25 | Batch 3920/8072 | Loss: 0.6810 | LR: 1.93e-05
Epoch 19/25 | Batch 3960/8072 | Loss: 0.6804 | LR: 1.93e-05
Epoch 19/25 | Batch 4000/8072 | Loss: 0.6799 | LR: 1.93e-05
Epoch 19/25 | Batch 4040/8072 | Loss: 0.6810 | LR: 1.93e-05
Epoch 19/25 | Batch 4080/8072 | Loss: 0.6803 | LR: 1.92e-05
Epoch 19/25 | Batch 4120/8072 | Loss: 0.6804 | LR: 1.92e-05
Epoch 19/25 | Batch 4160/8072 | Loss: 0.6825 | LR: 1.92e-05
Epoch 19/25 | Batch 4200/8072 | Loss: 0.6836 | LR: 1.92e-05
Epoch 19/25 | Batch 4240/8072 | Loss: 0.6833 | LR: 1.91e-05
Epoch 19/25 | Batch 4280/8072 | Loss: 0.6804 | LR: 1.91e-05
Epoch 19/25 | Batch 4320/8072 | Loss: 0.6805 | LR: 1.91e-05
Epoch 19/25 | Batch 4360/8072 | Loss: 0.6806 | LR: 1.91e-05
Epoch 19/25 | Batch 4400/8072 | Loss: 0.6802 | LR: 1.90e-05
Epoch 19/25 | Batch 4440/8072 | Loss: 0.6812 | LR: 1.90e-05
Epoch 19/25 | Batch 4480/8072 | Loss: 0.6800 | LR: 1.90e-05
Epoch 19/25 | Batch 4520/8072 | Loss: 0.6815 | LR: 1.89e-05
Epoch 19/25 | Batch 4560/8072 | Loss: 0.6811 | LR: 1.89e-05
Epoch 19/25 | Batch 4600/8072 | Loss: 0.6799 | LR: 1.89e-05
Epoch 19/25 | Batch 4640/8072 | Loss: 0.6801 | LR: 1.89e-05
Epoch 19/25 | Batch 4680/8072 | Loss: 0.6800 | LR: 1.88e-05
Epoch 19/25 | Batch 4720/8072 | Loss: 0.6798 | LR: 1.88e-05
Epoch 19/25 | Batch 4760/8072 | Loss: 0.6808 | LR: 1.88e-05
Epoch 19/25 | Batch 4800/8072 | Loss: 0.6817 | LR: 1.88e-05
Epoch 19/25 | Batch 4840/8072 | Loss: 0.6802 | LR: 1.87e-05
Epoch 19/25 | Batch 4880/8072 | Loss: 0.6807 | LR: 1.87e-05
Epoch 19/25 | Batch 4920/8072 | Loss: 0.6815 | LR: 1.87e-05
Epoch 19/25 | Batch 4960/8072 | Loss: 0.6799 | LR: 1.87e-05
Epoch 19/25 | Batch 5000/8072 | Loss: 0.6800 | LR: 1.86e-05
Epoch 19/25 | Batch 5040/8072 | Loss: 0.6801 | LR: 1.86e-05
Epoch 19/25 | Batch 5080/8072 | Loss: 0.6806 | LR: 1.86e-05
Epoch 19/25 | Batch 5120/8072 | Loss: 0.6806 | LR: 1.86e-05
Epoch 19/25 | Batch 5160/8072 | Loss: 0.6803 | LR: 1.85e-05
Epoch 19/25 | Batch 5200/8072 | Loss: 0.6811 | LR: 1.85e-05
Epoch 19/25 | Batch 5240/8072 | Loss: 0.6811 | LR: 1.85e-05
Epoch 19/25 | Batch 5280/8072 | Loss: 0.6820 | LR: 1.85e-05
Epoch 19/25 | Batch 5320/8072 | Loss: 0.6802 | LR: 1.84e-05
Epoch 19/25 | Batch 5360/8072 | Loss: 0.6819 | LR: 1.84e-05
Epoch 19/25 | Batch 5400/8072 | Loss: 0.6812 | LR: 1.84e-05
Epoch 19/25 | Batch 5440/8072 | Loss: 0.6800 | LR: 1.84e-05
Epoch 19/25 | Batch 5480/8072 | Loss: 0.6800 | LR: 1.83e-05
Epoch 19/25 | Batch 5520/8072 | Loss: 0.6817 | LR: 1.83e-05
Epoch 19/25 | Batch 5560/8072 | Loss: 0.6814 | LR: 1.83e-05
Epoch 19/25 | Batch 5600/8072 | Loss: 0.6801 | LR: 1.83e-05
Epoch 19/25 | Batch 5640/8072 | Loss: 0.6799 | LR: 1.82e-05
Epoch 19/25 | Batch 5680/8072 | Loss: 0.6816 | LR: 1.82e-05
Epoch 19/25 | Batch 5720/8072 | Loss: 0.6798 | LR: 1.82e-05
Epoch 19/25 | Batch 5760/8072 | Loss: 0.6803 | LR: 1.82e-05
Epoch 19/25 | Batch 5800/8072 | Loss: 0.6798 | LR: 1.81e-05
Epoch 19/25 | Batch 5840/8072 | Loss: 0.6802 | LR: 1.81e-05
Epoch 19/25 | Batch 5880/8072 | Loss: 0.6824 | LR: 1.81e-05
Epoch 19/25 | Batch 5920/8072 | Loss: 0.6816 | LR: 1.81e-05
Epoch 19/25 | Batch 5960/8072 | Loss: 0.6814 | LR: 1.80e-05
Epoch 19/25 | Batch 6000/8072 | Loss: 0.6803 | LR: 1.80e-05
Epoch 19/25 | Batch 6040/8072 | Loss: 0.6804 | LR: 1.80e-05
Epoch 19/25 | Batch 6080/8072 | Loss: 0.6801 | LR: 1.80e-05
Epoch 19/25 | Batch 6120/8072 | Loss: 0.6801 | LR: 1.79e-05
Epoch 19/25 | Batch 6160/8072 | Loss: 0.6808 | LR: 1.79e-05
Epoch 19/25 | Batch 6200/8072 | Loss: 0.6799 | LR: 1.79e-05
Epoch 19/25 | Batch 6240/8072 | Loss: 0.6799 | LR: 1.79e-05
Epoch 19/25 | Batch 6280/8072 | Loss: 0.6810 | LR: 1.78e-05
Epoch 19/25 | Batch 6320/8072 | Loss: 0.6807 | LR: 1.78e-05
Epoch 19/25 | Batch 6360/8072 | Loss: 0.6799 | LR: 1.78e-05
Epoch 19/25 | Batch 6400/8072 | Loss: 0.6809 | LR: 1.78e-05
Epoch 19/25 | Batch 6440/8072 | Loss: 0.6802 | LR: 1.77e-05
Epoch 19/25 | Batch 6480/8072 | Loss: 0.6803 | LR: 1.77e-05
Epoch 19/25 | Batch 6520/8072 | Loss: 0.6823 | LR: 1.77e-05
Epoch 19/25 | Batch 6560/8072 | Loss: 0.6833 | LR: 1.77e-05
Epoch 19/25 | Batch 6600/8072 | Loss: 0.6800 | LR: 1.76e-05
Epoch 19/25 | Batch 6640/8072 | Loss: 0.6807 | LR: 1.76e-05
Epoch 19/25 | Batch 6680/8072 | Loss: 0.6801 | LR: 1.76e-05
Epoch 19/25 | Batch 6720/8072 | Loss: 0.6808 | LR: 1.76e-05
Epoch 19/25 | Batch 6760/8072 | Loss: 0.6816 | LR: 1.75e-05
Epoch 19/25 | Batch 6800/8072 | Loss: 0.6803 | LR: 1.75e-05
Epoch 19/25 | Batch 6840/8072 | Loss: 0.6799 | LR: 1.75e-05
Epoch 19/25 | Batch 6880/8072 | Loss: 0.6805 | LR: 1.75e-05
Epoch 19/25 | Batch 6920/8072 | Loss: 0.6805 | LR: 1.74e-05
Epoch 19/25 | Batch 6960/8072 | Loss: 0.6805 | LR: 1.74e-05
Epoch 19/25 | Batch 7000/8072 | Loss: 0.6807 | LR: 1.74e-05
Epoch 19/25 | Batch 7040/8072 | Loss: 0.6802 | LR: 1.74e-05
Epoch 19/25 | Batch 7080/8072 | Loss: 0.6799 | LR: 1.73e-05
Epoch 19/25 | Batch 7120/8072 | Loss: 0.6812 | LR: 1.73e-05
Epoch 19/25 | Batch 7160/8072 | Loss: 0.6811 | LR: 1.73e-05
Epoch 19/25 | Batch 7200/8072 | Loss: 0.6831 | LR: 1.73e-05
Epoch 19/25 | Batch 7240/8072 | Loss: 0.6809 | LR: 1.72e-05
Epoch 19/25 | Batch 7280/8072 | Loss: 0.6807 | LR: 1.72e-05
Epoch 19/25 | Batch 7320/8072 | Loss: 0.6805 | LR: 1.72e-05
Epoch 19/25 | Batch 7360/8072 | Loss: 0.6799 | LR: 1.72e-05
Epoch 19/25 | Batch 7400/8072 | Loss: 0.6830 | LR: 1.71e-05
Epoch 19/25 | Batch 7440/8072 | Loss: 0.6801 | LR: 1.71e-05
Epoch 19/25 | Batch 7480/8072 | Loss: 0.6800 | LR: 1.71e-05
Epoch 19/25 | Batch 7520/8072 | Loss: 0.6808 | LR: 1.71e-05
Epoch 19/25 | Batch 7560/8072 | Loss: 0.6802 | LR: 1.70e-05
Epoch 19/25 | Batch 7600/8072 | Loss: 0.6816 | LR: 1.70e-05
Epoch 19/25 | Batch 7640/8072 | Loss: 0.6799 | LR: 1.70e-05
Epoch 19/25 | Batch 7680/8072 | Loss: 0.6800 | LR: 1.70e-05
Epoch 19/25 | Batch 7720/8072 | Loss: 0.6810 | LR: 1.69e-05
Epoch 19/25 | Batch 7760/8072 | Loss: 0.6813 | LR: 1.69e-05
Epoch 19/25 | Batch 7800/8072 | Loss: 0.6802 | LR: 1.69e-05
Epoch 19/25 | Batch 7840/8072 | Loss: 0.6801 | LR: 1.69e-05
Epoch 19/25 | Batch 7880/8072 | Loss: 0.6798 | LR: 1.68e-05
Epoch 19/25 | Batch 7920/8072 | Loss: 0.6808 | LR: 1.68e-05
Epoch 19/25 | Batch 7960/8072 | Loss: 0.6804 | LR: 1.68e-05
Epoch 19/25 | Batch 8000/8072 | Loss: 0.6823 | LR: 1.68e-05
Epoch 19/25 | Batch 8040/8072 | Loss: 0.6803 | LR: 1.67e-05
  Sample - Pred: [34, 40, 20, 2, 23, 40, 7, 18, 40, 10, 3, 40, 20, 25, 21] | True: [34, 40, 20, 2, 23, 40, 29, 18, 40, 10, 3, 40, 20, 25, 9]

Epoch 19 Summary:
  Train Loss: 0.6806
  Val Loss: 0.6994
  PER: 0.1114
  Avg LR: 1.93e-05
------------------------------------------------------------
  ** New best model saved! PER: 0.1114
Epoch 20/25 | Batch 0/8072 | Loss: 0.6817 | LR: 1.67e-05
Epoch 20/25 | Batch 40/8072 | Loss: 0.6798 | LR: 1.67e-05
Epoch 20/25 | Batch 80/8072 | Loss: 0.6845 | LR: 1.67e-05
Epoch 20/25 | Batch 120/8072 | Loss: 0.6801 | LR: 1.66e-05
Epoch 20/25 | Batch 160/8072 | Loss: 0.6803 | LR: 1.66e-05
Epoch 20/25 | Batch 200/8072 | Loss: 0.6878 | LR: 1.66e-05
Epoch 20/25 | Batch 240/8072 | Loss: 0.6805 | LR: 1.66e-05
Epoch 20/25 | Batch 280/8072 | Loss: 0.6810 | LR: 1.65e-05
Epoch 20/25 | Batch 320/8072 | Loss: 0.6799 | LR: 1.65e-05
Epoch 20/25 | Batch 360/8072 | Loss: 0.6802 | LR: 1.65e-05
Epoch 20/25 | Batch 400/8072 | Loss: 0.6808 | LR: 1.65e-05
Epoch 20/25 | Batch 440/8072 | Loss: 0.6804 | LR: 1.64e-05
Epoch 20/25 | Batch 480/8072 | Loss: 0.6806 | LR: 1.64e-05
Epoch 20/25 | Batch 520/8072 | Loss: 0.6803 | LR: 1.64e-05
Epoch 20/25 | Batch 560/8072 | Loss: 0.6806 | LR: 1.64e-05
Epoch 20/25 | Batch 600/8072 | Loss: 0.6803 | LR: 1.63e-05
Epoch 20/25 | Batch 640/8072 | Loss: 0.6822 | LR: 1.63e-05
Epoch 20/25 | Batch 680/8072 | Loss: 0.6799 | LR: 1.63e-05
Epoch 20/25 | Batch 720/8072 | Loss: 0.6801 | LR: 1.63e-05
Epoch 20/25 | Batch 760/8072 | Loss: 0.6811 | LR: 1.63e-05
Epoch 20/25 | Batch 800/8072 | Loss: 0.6813 | LR: 1.62e-05
Epoch 20/25 | Batch 840/8072 | Loss: 0.6800 | LR: 1.62e-05
Epoch 20/25 | Batch 880/8072 | Loss: 0.6805 | LR: 1.62e-05
Epoch 20/25 | Batch 920/8072 | Loss: 0.6807 | LR: 1.62e-05
Epoch 20/25 | Batch 960/8072 | Loss: 0.6813 | LR: 1.61e-05
Epoch 20/25 | Batch 1000/8072 | Loss: 0.6798 | LR: 1.61e-05
Epoch 20/25 | Batch 1040/8072 | Loss: 0.6805 | LR: 1.61e-05
Epoch 20/25 | Batch 1080/8072 | Loss: 0.6799 | LR: 1.61e-05
Epoch 20/25 | Batch 1120/8072 | Loss: 0.6802 | LR: 1.60e-05
Epoch 20/25 | Batch 1160/8072 | Loss: 0.6802 | LR: 1.60e-05
Epoch 20/25 | Batch 1200/8072 | Loss: 0.6800 | LR: 1.60e-05
Epoch 20/25 | Batch 1240/8072 | Loss: 0.6809 | LR: 1.60e-05
Epoch 20/25 | Batch 1280/8072 | Loss: 0.6800 | LR: 1.59e-05
Epoch 20/25 | Batch 1320/8072 | Loss: 0.6800 | LR: 1.59e-05
Epoch 20/25 | Batch 1360/8072 | Loss: 0.6803 | LR: 1.59e-05
Epoch 20/25 | Batch 1400/8072 | Loss: 0.6808 | LR: 1.59e-05
Epoch 20/25 | Batch 1440/8072 | Loss: 0.6807 | LR: 1.58e-05
Epoch 20/25 | Batch 1480/8072 | Loss: 0.6806 | LR: 1.58e-05
Epoch 20/25 | Batch 1520/8072 | Loss: 0.6801 | LR: 1.58e-05
Epoch 20/25 | Batch 1560/8072 | Loss: 0.6800 | LR: 1.58e-05
Epoch 20/25 | Batch 1600/8072 | Loss: 0.6803 | LR: 1.57e-05
Epoch 20/25 | Batch 1640/8072 | Loss: 0.6800 | LR: 1.57e-05
Epoch 20/25 | Batch 1680/8072 | Loss: 0.6798 | LR: 1.57e-05
Epoch 20/25 | Batch 1720/8072 | Loss: 0.6800 | LR: 1.57e-05
Epoch 20/25 | Batch 1760/8072 | Loss: 0.6801 | LR: 1.57e-05
Epoch 20/25 | Batch 1800/8072 | Loss: 0.6805 | LR: 1.56e-05
Epoch 20/25 | Batch 1840/8072 | Loss: 0.6801 | LR: 1.56e-05
Epoch 20/25 | Batch 1880/8072 | Loss: 0.6806 | LR: 1.56e-05
Epoch 20/25 | Batch 1920/8072 | Loss: 0.6807 | LR: 1.56e-05
Epoch 20/25 | Batch 1960/8072 | Loss: 0.6799 | LR: 1.55e-05
Epoch 20/25 | Batch 2000/8072 | Loss: 0.6799 | LR: 1.55e-05
Epoch 20/25 | Batch 2040/8072 | Loss: 0.6806 | LR: 1.55e-05
Epoch 20/25 | Batch 2080/8072 | Loss: 0.6802 | LR: 1.55e-05
Epoch 20/25 | Batch 2120/8072 | Loss: 0.6797 | LR: 1.54e-05
Epoch 20/25 | Batch 2160/8072 | Loss: 0.6800 | LR: 1.54e-05
Epoch 20/25 | Batch 2200/8072 | Loss: 0.6800 | LR: 1.54e-05
Epoch 20/25 | Batch 2240/8072 | Loss: 0.6798 | LR: 1.54e-05
Epoch 20/25 | Batch 2280/8072 | Loss: 0.6822 | LR: 1.53e-05
Epoch 20/25 | Batch 2320/8072 | Loss: 0.6800 | LR: 1.53e-05
Epoch 20/25 | Batch 2360/8072 | Loss: 0.6801 | LR: 1.53e-05
Epoch 20/25 | Batch 2400/8072 | Loss: 0.6798 | LR: 1.53e-05
Epoch 20/25 | Batch 2440/8072 | Loss: 0.6798 | LR: 1.52e-05
Epoch 20/25 | Batch 2480/8072 | Loss: 0.6807 | LR: 1.52e-05
Epoch 20/25 | Batch 2520/8072 | Loss: 0.6803 | LR: 1.52e-05
Epoch 20/25 | Batch 2560/8072 | Loss: 0.6798 | LR: 1.52e-05
Epoch 20/25 | Batch 2600/8072 | Loss: 0.6800 | LR: 1.52e-05
Epoch 20/25 | Batch 2640/8072 | Loss: 0.6800 | LR: 1.51e-05
Epoch 20/25 | Batch 2680/8072 | Loss: 0.6807 | LR: 1.51e-05
Epoch 20/25 | Batch 2720/8072 | Loss: 0.6798 | LR: 1.51e-05
Epoch 20/25 | Batch 2760/8072 | Loss: 0.6804 | LR: 1.51e-05
Epoch 20/25 | Batch 2800/8072 | Loss: 0.6801 | LR: 1.50e-05
Epoch 20/25 | Batch 2840/8072 | Loss: 0.6807 | LR: 1.50e-05
Epoch 20/25 | Batch 2880/8072 | Loss: 0.6801 | LR: 1.50e-05
Epoch 20/25 | Batch 2920/8072 | Loss: 0.6799 | LR: 1.50e-05
Epoch 20/25 | Batch 2960/8072 | Loss: 0.6805 | LR: 1.49e-05
Epoch 20/25 | Batch 3000/8072 | Loss: 0.6797 | LR: 1.49e-05
Epoch 20/25 | Batch 3040/8072 | Loss: 0.6800 | LR: 1.49e-05
Epoch 20/25 | Batch 3080/8072 | Loss: 0.6801 | LR: 1.49e-05
Epoch 20/25 | Batch 3120/8072 | Loss: 0.6802 | LR: 1.49e-05
Epoch 20/25 | Batch 3160/8072 | Loss: 0.6806 | LR: 1.48e-05
Epoch 20/25 | Batch 3200/8072 | Loss: 0.6802 | LR: 1.48e-05
Epoch 20/25 | Batch 3240/8072 | Loss: 0.6810 | LR: 1.48e-05
Epoch 20/25 | Batch 3280/8072 | Loss: 0.6800 | LR: 1.48e-05
Epoch 20/25 | Batch 3320/8072 | Loss: 0.6805 | LR: 1.47e-05
Epoch 20/25 | Batch 3360/8072 | Loss: 0.6825 | LR: 1.47e-05
Epoch 20/25 | Batch 3400/8072 | Loss: 0.6802 | LR: 1.47e-05
Epoch 20/25 | Batch 3440/8072 | Loss: 0.6811 | LR: 1.47e-05
Epoch 20/25 | Batch 3480/8072 | Loss: 0.6816 | LR: 1.46e-05
Epoch 20/25 | Batch 3520/8072 | Loss: 0.6803 | LR: 1.46e-05
Epoch 20/25 | Batch 3560/8072 | Loss: 0.6798 | LR: 1.46e-05
Epoch 20/25 | Batch 3600/8072 | Loss: 0.6801 | LR: 1.46e-05
Epoch 20/25 | Batch 3640/8072 | Loss: 0.6800 | LR: 1.46e-05
Epoch 20/25 | Batch 3680/8072 | Loss: 0.6801 | LR: 1.45e-05
Epoch 20/25 | Batch 3720/8072 | Loss: 0.6808 | LR: 1.45e-05
Epoch 20/25 | Batch 3760/8072 | Loss: 0.6798 | LR: 1.45e-05
Epoch 20/25 | Batch 3800/8072 | Loss: 0.6811 | LR: 1.45e-05
Epoch 20/25 | Batch 3840/8072 | Loss: 0.6801 | LR: 1.44e-05
Epoch 20/25 | Batch 3880/8072 | Loss: 0.6809 | LR: 1.44e-05
Epoch 20/25 | Batch 3920/8072 | Loss: 0.6798 | LR: 1.44e-05
Epoch 20/25 | Batch 3960/8072 | Loss: 0.6807 | LR: 1.44e-05
Epoch 20/25 | Batch 4000/8072 | Loss: 0.6814 | LR: 1.43e-05
Epoch 20/25 | Batch 4040/8072 | Loss: 0.6800 | LR: 1.43e-05
Epoch 20/25 | Batch 4080/8072 | Loss: 0.6804 | LR: 1.43e-05
Epoch 20/25 | Batch 4120/8072 | Loss: 0.6799 | LR: 1.43e-05
Epoch 20/25 | Batch 4160/8072 | Loss: 0.6802 | LR: 1.43e-05
Epoch 20/25 | Batch 4200/8072 | Loss: 0.6804 | LR: 1.42e-05
Epoch 20/25 | Batch 4240/8072 | Loss: 0.6799 | LR: 1.42e-05
Epoch 20/25 | Batch 4280/8072 | Loss: 0.6804 | LR: 1.42e-05
Epoch 20/25 | Batch 4320/8072 | Loss: 0.6904 | LR: 1.42e-05
Epoch 20/25 | Batch 4360/8072 | Loss: 0.6803 | LR: 1.41e-05
Epoch 20/25 | Batch 4400/8072 | Loss: 0.6802 | LR: 1.41e-05
Epoch 20/25 | Batch 4440/8072 | Loss: 0.6799 | LR: 1.41e-05
Epoch 20/25 | Batch 4480/8072 | Loss: 0.6799 | LR: 1.41e-05
Epoch 20/25 | Batch 4520/8072 | Loss: 0.6805 | LR: 1.40e-05
Epoch 20/25 | Batch 4560/8072 | Loss: 0.6812 | LR: 1.40e-05
Epoch 20/25 | Batch 4600/8072 | Loss: 0.6798 | LR: 1.40e-05
Epoch 20/25 | Batch 4640/8072 | Loss: 0.6799 | LR: 1.40e-05
Epoch 20/25 | Batch 4680/8072 | Loss: 0.6806 | LR: 1.40e-05
Epoch 20/25 | Batch 4720/8072 | Loss: 0.6804 | LR: 1.39e-05
Epoch 20/25 | Batch 4760/8072 | Loss: 0.6803 | LR: 1.39e-05
Epoch 20/25 | Batch 4800/8072 | Loss: 0.6799 | LR: 1.39e-05
Epoch 20/25 | Batch 4840/8072 | Loss: 0.6808 | LR: 1.39e-05
Epoch 20/25 | Batch 4880/8072 | Loss: 0.6800 | LR: 1.38e-05
Epoch 20/25 | Batch 4920/8072 | Loss: 0.6798 | LR: 1.38e-05
Epoch 20/25 | Batch 4960/8072 | Loss: 0.6800 | LR: 1.38e-05
Epoch 20/25 | Batch 5000/8072 | Loss: 0.6808 | LR: 1.38e-05
Epoch 20/25 | Batch 5040/8072 | Loss: 0.6812 | LR: 1.38e-05
Epoch 20/25 | Batch 5080/8072 | Loss: 0.6801 | LR: 1.37e-05
Epoch 20/25 | Batch 5120/8072 | Loss: 0.6802 | LR: 1.37e-05
Epoch 20/25 | Batch 5160/8072 | Loss: 0.6799 | LR: 1.37e-05
Epoch 20/25 | Batch 5200/8072 | Loss: 0.6801 | LR: 1.37e-05
Epoch 20/25 | Batch 5240/8072 | Loss: 0.6801 | LR: 1.36e-05
Epoch 20/25 | Batch 5280/8072 | Loss: 0.6801 | LR: 1.36e-05
Epoch 20/25 | Batch 5320/8072 | Loss: 0.6802 | LR: 1.36e-05
Epoch 20/25 | Batch 5360/8072 | Loss: 0.6802 | LR: 1.36e-05
Epoch 20/25 | Batch 5400/8072 | Loss: 0.6802 | LR: 1.36e-05
Epoch 20/25 | Batch 5440/8072 | Loss: 0.6801 | LR: 1.35e-05
Epoch 20/25 | Batch 5480/8072 | Loss: 0.6799 | LR: 1.35e-05
Epoch 20/25 | Batch 5520/8072 | Loss: 0.6801 | LR: 1.35e-05
Epoch 20/25 | Batch 5560/8072 | Loss: 0.6810 | LR: 1.35e-05
Epoch 20/25 | Batch 5600/8072 | Loss: 0.6814 | LR: 1.34e-05
Epoch 20/25 | Batch 5640/8072 | Loss: 0.6802 | LR: 1.34e-05
Epoch 20/25 | Batch 5680/8072 | Loss: 0.6806 | LR: 1.34e-05
Epoch 20/25 | Batch 5720/8072 | Loss: 0.6810 | LR: 1.34e-05
Epoch 20/25 | Batch 5760/8072 | Loss: 0.6799 | LR: 1.34e-05
Epoch 20/25 | Batch 5800/8072 | Loss: 0.6808 | LR: 1.33e-05
Epoch 20/25 | Batch 5840/8072 | Loss: 0.6800 | LR: 1.33e-05
Epoch 20/25 | Batch 5880/8072 | Loss: 0.6808 | LR: 1.33e-05
Epoch 20/25 | Batch 5920/8072 | Loss: 0.6800 | LR: 1.33e-05
Epoch 20/25 | Batch 5960/8072 | Loss: 0.6802 | LR: 1.32e-05
Epoch 20/25 | Batch 6000/8072 | Loss: 0.6820 | LR: 1.32e-05
Epoch 20/25 | Batch 6040/8072 | Loss: 0.6797 | LR: 1.32e-05
Epoch 20/25 | Batch 6080/8072 | Loss: 0.6801 | LR: 1.32e-05
Epoch 20/25 | Batch 6120/8072 | Loss: 0.6800 | LR: 1.32e-05
Epoch 20/25 | Batch 6160/8072 | Loss: 0.6802 | LR: 1.31e-05
Epoch 20/25 | Batch 6200/8072 | Loss: 0.6802 | LR: 1.31e-05
Epoch 20/25 | Batch 6240/8072 | Loss: 0.6800 | LR: 1.31e-05
Epoch 20/25 | Batch 6280/8072 | Loss: 0.6801 | LR: 1.31e-05
Epoch 20/25 | Batch 6320/8072 | Loss: 0.6801 | LR: 1.30e-05
Epoch 20/25 | Batch 6360/8072 | Loss: 0.6798 | LR: 1.30e-05
Epoch 20/25 | Batch 6400/8072 | Loss: 0.6809 | LR: 1.30e-05
Epoch 20/25 | Batch 6440/8072 | Loss: 0.6803 | LR: 1.30e-05
Epoch 20/25 | Batch 6480/8072 | Loss: 0.6801 | LR: 1.30e-05
Epoch 20/25 | Batch 6520/8072 | Loss: 0.6801 | LR: 1.29e-05
Epoch 20/25 | Batch 6560/8072 | Loss: 0.6799 | LR: 1.29e-05
Epoch 20/25 | Batch 6600/8072 | Loss: 0.6802 | LR: 1.29e-05
Epoch 20/25 | Batch 6640/8072 | Loss: 0.6806 | LR: 1.29e-05
Epoch 20/25 | Batch 6680/8072 | Loss: 0.6800 | LR: 1.28e-05
Epoch 20/25 | Batch 6720/8072 | Loss: 0.6810 | LR: 1.28e-05
Epoch 20/25 | Batch 6760/8072 | Loss: 0.6807 | LR: 1.28e-05
Epoch 20/25 | Batch 6800/8072 | Loss: 0.6798 | LR: 1.28e-05
Epoch 20/25 | Batch 6840/8072 | Loss: 0.6835 | LR: 1.28e-05
Epoch 20/25 | Batch 6880/8072 | Loss: 0.6802 | LR: 1.27e-05
Epoch 20/25 | Batch 6920/8072 | Loss: 0.6801 | LR: 1.27e-05
Epoch 20/25 | Batch 6960/8072 | Loss: 0.6801 | LR: 1.27e-05
Epoch 20/25 | Batch 7000/8072 | Loss: 0.6801 | LR: 1.27e-05
Epoch 20/25 | Batch 7040/8072 | Loss: 0.6806 | LR: 1.27e-05
Epoch 20/25 | Batch 7080/8072 | Loss: 0.6798 | LR: 1.26e-05
Epoch 20/25 | Batch 7120/8072 | Loss: 0.6799 | LR: 1.26e-05
Epoch 20/25 | Batch 7160/8072 | Loss: 0.6804 | LR: 1.26e-05
Epoch 20/25 | Batch 7200/8072 | Loss: 0.6802 | LR: 1.26e-05
Epoch 20/25 | Batch 7240/8072 | Loss: 0.6806 | LR: 1.25e-05
Epoch 20/25 | Batch 7280/8072 | Loss: 0.6800 | LR: 1.25e-05
Epoch 20/25 | Batch 7320/8072 | Loss: 0.6801 | LR: 1.25e-05
Epoch 20/25 | Batch 7360/8072 | Loss: 0.6800 | LR: 1.25e-05
Epoch 20/25 | Batch 7400/8072 | Loss: 0.6799 | LR: 1.25e-05
Epoch 20/25 | Batch 7440/8072 | Loss: 0.6798 | LR: 1.24e-05
Epoch 20/25 | Batch 7480/8072 | Loss: 0.6800 | LR: 1.24e-05
Epoch 20/25 | Batch 7520/8072 | Loss: 0.6801 | LR: 1.24e-05
Epoch 20/25 | Batch 7560/8072 | Loss: 0.6801 | LR: 1.24e-05
Epoch 20/25 | Batch 7600/8072 | Loss: 0.6804 | LR: 1.24e-05
Epoch 20/25 | Batch 7640/8072 | Loss: 0.6801 | LR: 1.23e-05
Epoch 20/25 | Batch 7680/8072 | Loss: 0.6798 | LR: 1.23e-05
Epoch 20/25 | Batch 7720/8072 | Loss: 0.6802 | LR: 1.23e-05
Epoch 20/25 | Batch 7760/8072 | Loss: 0.6802 | LR: 1.23e-05
Epoch 20/25 | Batch 7800/8072 | Loss: 0.6798 | LR: 1.22e-05
Epoch 20/25 | Batch 7840/8072 | Loss: 0.6830 | LR: 1.22e-05
Epoch 20/25 | Batch 7880/8072 | Loss: 0.6798 | LR: 1.22e-05
Epoch 20/25 | Batch 7920/8072 | Loss: 0.6805 | LR: 1.22e-05
Epoch 20/25 | Batch 7960/8072 | Loss: 0.6798 | LR: 1.22e-05
Epoch 20/25 | Batch 8000/8072 | Loss: 0.6798 | LR: 1.21e-05
Epoch 20/25 | Batch 8040/8072 | Loss: 0.6816 | LR: 1.21e-05
  Sample - Pred: [34, 40, 20, 2, 23, 40, 7, 18, 40, 10, 3, 40, 20, 3, 21] | True: [34, 40, 20, 2, 23, 40, 29, 18, 40, 10, 3, 40, 20, 25, 9]

Epoch 20 Summary:
  Train Loss: 0.6804
  Val Loss: 0.6995
  PER: 0.1113
  Avg LR: 1.44e-05
------------------------------------------------------------
  ** New best model saved! PER: 0.1113
Epoch 21/25 | Batch 0/8072 | Loss: 0.6799 | LR: 1.21e-05
Epoch 21/25 | Batch 40/8072 | Loss: 0.6805 | LR: 1.21e-05
Epoch 21/25 | Batch 80/8072 | Loss: 0.6803 | LR: 1.21e-05
Epoch 21/25 | Batch 120/8072 | Loss: 0.6801 | LR: 1.20e-05
Epoch 21/25 | Batch 160/8072 | Loss: 0.6798 | LR: 1.20e-05
Epoch 21/25 | Batch 200/8072 | Loss: 0.6802 | LR: 1.20e-05
Epoch 21/25 | Batch 240/8072 | Loss: 0.6824 | LR: 1.20e-05
Epoch 21/25 | Batch 280/8072 | Loss: 0.6801 | LR: 1.20e-05
Epoch 21/25 | Batch 320/8072 | Loss: 0.6845 | LR: 1.19e-05
Epoch 21/25 | Batch 360/8072 | Loss: 0.6798 | LR: 1.19e-05
Epoch 21/25 | Batch 400/8072 | Loss: 0.6799 | LR: 1.19e-05
Epoch 21/25 | Batch 440/8072 | Loss: 0.6798 | LR: 1.19e-05
Epoch 21/25 | Batch 480/8072 | Loss: 0.6802 | LR: 1.18e-05
Epoch 21/25 | Batch 520/8072 | Loss: 0.6801 | LR: 1.18e-05
Epoch 21/25 | Batch 560/8072 | Loss: 0.6798 | LR: 1.18e-05
Epoch 21/25 | Batch 600/8072 | Loss: 0.6801 | LR: 1.18e-05
Epoch 21/25 | Batch 640/8072 | Loss: 0.6799 | LR: 1.18e-05
Epoch 21/25 | Batch 680/8072 | Loss: 0.6800 | LR: 1.17e-05
Epoch 21/25 | Batch 720/8072 | Loss: 0.7098 | LR: 1.17e-05
Epoch 21/25 | Batch 760/8072 | Loss: 0.6800 | LR: 1.17e-05
Epoch 21/25 | Batch 800/8072 | Loss: 0.6801 | LR: 1.17e-05
Epoch 21/25 | Batch 840/8072 | Loss: 0.6800 | LR: 1.17e-05
Epoch 21/25 | Batch 880/8072 | Loss: 0.6813 | LR: 1.16e-05
Epoch 21/25 | Batch 920/8072 | Loss: 0.6802 | LR: 1.16e-05
Epoch 21/25 | Batch 960/8072 | Loss: 0.6799 | LR: 1.16e-05
Epoch 21/25 | Batch 1000/8072 | Loss: 0.6802 | LR: 1.16e-05
Epoch 21/25 | Batch 1040/8072 | Loss: 0.6798 | LR: 1.16e-05
Epoch 21/25 | Batch 1080/8072 | Loss: 0.6803 | LR: 1.15e-05
Epoch 21/25 | Batch 1120/8072 | Loss: 0.6799 | LR: 1.15e-05
Epoch 21/25 | Batch 1160/8072 | Loss: 0.6804 | LR: 1.15e-05
Epoch 21/25 | Batch 1200/8072 | Loss: 0.6802 | LR: 1.15e-05
Epoch 21/25 | Batch 1240/8072 | Loss: 0.6821 | LR: 1.15e-05
Epoch 21/25 | Batch 1280/8072 | Loss: 0.6799 | LR: 1.14e-05
Epoch 21/25 | Batch 1320/8072 | Loss: 0.6804 | LR: 1.14e-05
Epoch 21/25 | Batch 1360/8072 | Loss: 0.6800 | LR: 1.14e-05
Epoch 21/25 | Batch 1400/8072 | Loss: 0.6802 | LR: 1.14e-05
Epoch 21/25 | Batch 1440/8072 | Loss: 0.6802 | LR: 1.14e-05
Epoch 21/25 | Batch 1480/8072 | Loss: 0.6802 | LR: 1.13e-05
Epoch 21/25 | Batch 1520/8072 | Loss: 0.6803 | LR: 1.13e-05
Epoch 21/25 | Batch 1560/8072 | Loss: 0.6804 | LR: 1.13e-05
Epoch 21/25 | Batch 1600/8072 | Loss: 0.6801 | LR: 1.13e-05
Epoch 21/25 | Batch 1640/8072 | Loss: 0.6801 | LR: 1.13e-05
Epoch 21/25 | Batch 1680/8072 | Loss: 0.6798 | LR: 1.12e-05
Epoch 21/25 | Batch 1720/8072 | Loss: 0.6801 | LR: 1.12e-05
Epoch 21/25 | Batch 1760/8072 | Loss: 0.6799 | LR: 1.12e-05
Epoch 21/25 | Batch 1800/8072 | Loss: 0.6803 | LR: 1.12e-05
Epoch 21/25 | Batch 1840/8072 | Loss: 0.6797 | LR: 1.11e-05
Epoch 21/25 | Batch 1880/8072 | Loss: 0.6805 | LR: 1.11e-05
Epoch 21/25 | Batch 1920/8072 | Loss: 0.6798 | LR: 1.11e-05
Epoch 21/25 | Batch 1960/8072 | Loss: 0.6801 | LR: 1.11e-05
Epoch 21/25 | Batch 2000/8072 | Loss: 0.6806 | LR: 1.11e-05
Epoch 21/25 | Batch 2040/8072 | Loss: 0.6802 | LR: 1.10e-05
Epoch 21/25 | Batch 2080/8072 | Loss: 0.6806 | LR: 1.10e-05
Epoch 21/25 | Batch 2120/8072 | Loss: 0.6808 | LR: 1.10e-05
Epoch 21/25 | Batch 2160/8072 | Loss: 0.6801 | LR: 1.10e-05
Epoch 21/25 | Batch 2200/8072 | Loss: 0.6800 | LR: 1.10e-05
Epoch 21/25 | Batch 2240/8072 | Loss: 0.6800 | LR: 1.09e-05
Epoch 21/25 | Batch 2280/8072 | Loss: 0.6801 | LR: 1.09e-05
Epoch 21/25 | Batch 2320/8072 | Loss: 0.6798 | LR: 1.09e-05
Epoch 21/25 | Batch 2360/8072 | Loss: 0.6803 | LR: 1.09e-05
Epoch 21/25 | Batch 2400/8072 | Loss: 0.6802 | LR: 1.09e-05
Epoch 21/25 | Batch 2440/8072 | Loss: 0.6801 | LR: 1.08e-05
Epoch 21/25 | Batch 2480/8072 | Loss: 0.6803 | LR: 1.08e-05
Epoch 21/25 | Batch 2520/8072 | Loss: 0.6807 | LR: 1.08e-05
Epoch 21/25 | Batch 2560/8072 | Loss: 0.6809 | LR: 1.08e-05
Epoch 21/25 | Batch 2600/8072 | Loss: 0.6798 | LR: 1.08e-05
Epoch 21/25 | Batch 2640/8072 | Loss: 0.6804 | LR: 1.07e-05
Epoch 21/25 | Batch 2680/8072 | Loss: 0.6802 | LR: 1.07e-05
Epoch 21/25 | Batch 2720/8072 | Loss: 0.6807 | LR: 1.07e-05
Epoch 21/25 | Batch 2760/8072 | Loss: 0.6800 | LR: 1.07e-05
Epoch 21/25 | Batch 2800/8072 | Loss: 0.6800 | LR: 1.07e-05
Epoch 21/25 | Batch 2840/8072 | Loss: 0.6800 | LR: 1.06e-05
Epoch 21/25 | Batch 2880/8072 | Loss: 0.6801 | LR: 1.06e-05
Epoch 21/25 | Batch 2920/8072 | Loss: 0.6803 | LR: 1.06e-05
Epoch 21/25 | Batch 2960/8072 | Loss: 0.6798 | LR: 1.06e-05
Epoch 21/25 | Batch 3000/8072 | Loss: 0.6806 | LR: 1.06e-05
Epoch 21/25 | Batch 3040/8072 | Loss: 0.6815 | LR: 1.05e-05
Epoch 21/25 | Batch 3080/8072 | Loss: 0.6800 | LR: 1.05e-05
Epoch 21/25 | Batch 3120/8072 | Loss: 0.6800 | LR: 1.05e-05
Epoch 21/25 | Batch 3160/8072 | Loss: 0.6800 | LR: 1.05e-05
Epoch 21/25 | Batch 3200/8072 | Loss: 0.6799 | LR: 1.05e-05
Epoch 21/25 | Batch 3240/8072 | Loss: 0.6803 | LR: 1.04e-05
Epoch 21/25 | Batch 3280/8072 | Loss: 0.6802 | LR: 1.04e-05
Epoch 21/25 | Batch 3320/8072 | Loss: 0.6803 | LR: 1.04e-05
Epoch 21/25 | Batch 3360/8072 | Loss: 0.6809 | LR: 1.04e-05
Epoch 21/25 | Batch 3400/8072 | Loss: 0.6800 | LR: 1.04e-05
Epoch 21/25 | Batch 3440/8072 | Loss: 0.6802 | LR: 1.03e-05
Epoch 21/25 | Batch 3480/8072 | Loss: 0.6801 | LR: 1.03e-05
Epoch 21/25 | Batch 3520/8072 | Loss: 0.6798 | LR: 1.03e-05
Epoch 21/25 | Batch 3560/8072 | Loss: 0.6800 | LR: 1.03e-05
Epoch 21/25 | Batch 3600/8072 | Loss: 0.6801 | LR: 1.03e-05
Epoch 21/25 | Batch 3640/8072 | Loss: 0.6799 | LR: 1.03e-05
Epoch 21/25 | Batch 3680/8072 | Loss: 0.6797 | LR: 1.02e-05
Epoch 21/25 | Batch 3720/8072 | Loss: 0.6806 | LR: 1.02e-05
Epoch 21/25 | Batch 3760/8072 | Loss: 0.6800 | LR: 1.02e-05
Epoch 21/25 | Batch 3800/8072 | Loss: 0.6804 | LR: 1.02e-05
Epoch 21/25 | Batch 3840/8072 | Loss: 0.6807 | LR: 1.02e-05
Epoch 21/25 | Batch 3880/8072 | Loss: 0.6804 | LR: 1.01e-05
Epoch 21/25 | Batch 3920/8072 | Loss: 0.6801 | LR: 1.01e-05
Epoch 21/25 | Batch 3960/8072 | Loss: 0.6797 | LR: 1.01e-05
Epoch 21/25 | Batch 4000/8072 | Loss: 0.6797 | LR: 1.01e-05
Epoch 21/25 | Batch 4040/8072 | Loss: 0.6803 | LR: 1.01e-05
Epoch 21/25 | Batch 4080/8072 | Loss: 0.6800 | LR: 1.00e-05
Epoch 21/25 | Batch 4120/8072 | Loss: 0.6797 | LR: 1.00e-05
Epoch 21/25 | Batch 4160/8072 | Loss: 0.6803 | LR: 1.00e-05
Epoch 21/25 | Batch 4200/8072 | Loss: 0.6806 | LR: 9.98e-06
Epoch 21/25 | Batch 4240/8072 | Loss: 0.6804 | LR: 9.96e-06
Epoch 21/25 | Batch 4280/8072 | Loss: 0.6798 | LR: 9.94e-06
Epoch 21/25 | Batch 4320/8072 | Loss: 0.6804 | LR: 9.92e-06
Epoch 21/25 | Batch 4360/8072 | Loss: 0.6798 | LR: 9.90e-06
Epoch 21/25 | Batch 4400/8072 | Loss: 0.6801 | LR: 9.88e-06
Epoch 21/25 | Batch 4440/8072 | Loss: 0.6801 | LR: 9.87e-06
Epoch 21/25 | Batch 4480/8072 | Loss: 0.6803 | LR: 9.85e-06
Epoch 21/25 | Batch 4520/8072 | Loss: 0.6803 | LR: 9.83e-06
Epoch 21/25 | Batch 4560/8072 | Loss: 0.6800 | LR: 9.81e-06
Epoch 21/25 | Batch 4600/8072 | Loss: 0.6813 | LR: 9.79e-06
Epoch 21/25 | Batch 4640/8072 | Loss: 0.6803 | LR: 9.77e-06
Epoch 21/25 | Batch 4680/8072 | Loss: 0.6803 | LR: 9.75e-06
Epoch 21/25 | Batch 4720/8072 | Loss: 0.6798 | LR: 9.73e-06
Epoch 21/25 | Batch 4760/8072 | Loss: 0.6802 | LR: 9.71e-06
Epoch 21/25 | Batch 4800/8072 | Loss: 0.6800 | LR: 9.69e-06
Epoch 21/25 | Batch 4840/8072 | Loss: 0.6804 | LR: 9.68e-06
Epoch 21/25 | Batch 4880/8072 | Loss: 0.6800 | LR: 9.66e-06
Epoch 21/25 | Batch 4920/8072 | Loss: 0.6806 | LR: 9.64e-06
Epoch 21/25 | Batch 4960/8072 | Loss: 0.6800 | LR: 9.62e-06
Epoch 21/25 | Batch 5000/8072 | Loss: 0.6800 | LR: 9.60e-06
Epoch 21/25 | Batch 5040/8072 | Loss: 0.6799 | LR: 9.58e-06
Epoch 21/25 | Batch 5080/8072 | Loss: 0.6798 | LR: 9.56e-06
Epoch 21/25 | Batch 5120/8072 | Loss: 0.6801 | LR: 9.54e-06
Epoch 21/25 | Batch 5160/8072 | Loss: 0.6802 | LR: 9.52e-06
Epoch 21/25 | Batch 5200/8072 | Loss: 0.6806 | LR: 9.51e-06
Epoch 21/25 | Batch 5240/8072 | Loss: 0.6818 | LR: 9.49e-06
Epoch 21/25 | Batch 5280/8072 | Loss: 0.6799 | LR: 9.47e-06
Epoch 21/25 | Batch 5320/8072 | Loss: 0.6800 | LR: 9.45e-06
Epoch 21/25 | Batch 5360/8072 | Loss: 0.6807 | LR: 9.43e-06
Epoch 21/25 | Batch 5400/8072 | Loss: 0.6798 | LR: 9.41e-06
Epoch 21/25 | Batch 5440/8072 | Loss: 0.6813 | LR: 9.39e-06
Epoch 21/25 | Batch 5480/8072 | Loss: 0.6801 | LR: 9.37e-06
Epoch 21/25 | Batch 5520/8072 | Loss: 0.6798 | LR: 9.36e-06
Epoch 21/25 | Batch 5560/8072 | Loss: 0.6800 | LR: 9.34e-06
Epoch 21/25 | Batch 5600/8072 | Loss: 0.6800 | LR: 9.32e-06
Epoch 21/25 | Batch 5640/8072 | Loss: 0.6799 | LR: 9.30e-06
Epoch 21/25 | Batch 5680/8072 | Loss: 0.6803 | LR: 9.28e-06
Epoch 21/25 | Batch 5720/8072 | Loss: 0.6798 | LR: 9.26e-06
Epoch 21/25 | Batch 5760/8072 | Loss: 0.6798 | LR: 9.24e-06
Epoch 21/25 | Batch 5800/8072 | Loss: 0.6808 | LR: 9.23e-06
Epoch 21/25 | Batch 5840/8072 | Loss: 0.6798 | LR: 9.21e-06
Epoch 21/25 | Batch 5880/8072 | Loss: 0.6803 | LR: 9.19e-06
Epoch 21/25 | Batch 5920/8072 | Loss: 0.6801 | LR: 9.17e-06
Epoch 21/25 | Batch 5960/8072 | Loss: 0.6805 | LR: 9.15e-06
Epoch 21/25 | Batch 6000/8072 | Loss: 0.6803 | LR: 9.13e-06
Epoch 21/25 | Batch 6040/8072 | Loss: 0.6797 | LR: 9.12e-06
Epoch 21/25 | Batch 6080/8072 | Loss: 0.6797 | LR: 9.10e-06
Epoch 21/25 | Batch 6120/8072 | Loss: 0.6808 | LR: 9.08e-06
Epoch 21/25 | Batch 6160/8072 | Loss: 0.6801 | LR: 9.06e-06
Epoch 21/25 | Batch 6200/8072 | Loss: 0.6798 | LR: 9.04e-06
Epoch 21/25 | Batch 6240/8072 | Loss: 0.6806 | LR: 9.02e-06
Epoch 21/25 | Batch 6280/8072 | Loss: 0.6812 | LR: 9.01e-06
Epoch 21/25 | Batch 6320/8072 | Loss: 0.6801 | LR: 8.99e-06
Epoch 21/25 | Batch 6360/8072 | Loss: 0.6800 | LR: 8.97e-06
Epoch 21/25 | Batch 6400/8072 | Loss: 0.6797 | LR: 8.95e-06
Epoch 21/25 | Batch 6440/8072 | Loss: 0.6810 | LR: 8.93e-06
Epoch 21/25 | Batch 6480/8072 | Loss: 0.6798 | LR: 8.91e-06
Epoch 21/25 | Batch 6520/8072 | Loss: 0.6806 | LR: 8.90e-06
Epoch 21/25 | Batch 6560/8072 | Loss: 0.6811 | LR: 8.88e-06
Epoch 21/25 | Batch 6600/8072 | Loss: 0.6800 | LR: 8.86e-06
Epoch 21/25 | Batch 6640/8072 | Loss: 0.6800 | LR: 8.84e-06
Epoch 21/25 | Batch 6680/8072 | Loss: 0.6808 | LR: 8.82e-06
Epoch 21/25 | Batch 6720/8072 | Loss: 0.6798 | LR: 8.81e-06
Epoch 21/25 | Batch 6760/8072 | Loss: 0.6804 | LR: 8.79e-06
Epoch 21/25 | Batch 6800/8072 | Loss: 0.6803 | LR: 8.77e-06
Epoch 21/25 | Batch 6840/8072 | Loss: 0.6906 | LR: 8.75e-06
Epoch 21/25 | Batch 6880/8072 | Loss: 0.6810 | LR: 8.73e-06
Epoch 21/25 | Batch 6920/8072 | Loss: 0.6799 | LR: 8.72e-06
Epoch 21/25 | Batch 6960/8072 | Loss: 0.6802 | LR: 8.70e-06
Epoch 21/25 | Batch 7000/8072 | Loss: 0.6809 | LR: 8.68e-06
Epoch 21/25 | Batch 7040/8072 | Loss: 0.6798 | LR: 8.66e-06
Epoch 21/25 | Batch 7080/8072 | Loss: 0.6812 | LR: 8.64e-06
Epoch 21/25 | Batch 7120/8072 | Loss: 0.6799 | LR: 8.63e-06
Epoch 21/25 | Batch 7160/8072 | Loss: 0.6799 | LR: 8.61e-06
Epoch 21/25 | Batch 7200/8072 | Loss: 0.6799 | LR: 8.59e-06
Epoch 21/25 | Batch 7240/8072 | Loss: 0.6799 | LR: 8.57e-06
Epoch 21/25 | Batch 7280/8072 | Loss: 0.6810 | LR: 8.55e-06
Epoch 21/25 | Batch 7320/8072 | Loss: 0.6799 | LR: 8.54e-06
Epoch 21/25 | Batch 7360/8072 | Loss: 0.6803 | LR: 8.52e-06
Epoch 21/25 | Batch 7400/8072 | Loss: 0.6800 | LR: 8.50e-06
Epoch 21/25 | Batch 7440/8072 | Loss: 0.6798 | LR: 8.48e-06
Epoch 21/25 | Batch 7480/8072 | Loss: 0.6804 | LR: 8.47e-06
Epoch 21/25 | Batch 7520/8072 | Loss: 0.6806 | LR: 8.45e-06
Epoch 21/25 | Batch 7560/8072 | Loss: 0.6800 | LR: 8.43e-06
Epoch 21/25 | Batch 7600/8072 | Loss: 0.6800 | LR: 8.41e-06
Epoch 21/25 | Batch 7640/8072 | Loss: 0.6808 | LR: 8.40e-06
Epoch 21/25 | Batch 7680/8072 | Loss: 0.6804 | LR: 8.38e-06
Epoch 21/25 | Batch 7720/8072 | Loss: 0.6799 | LR: 8.36e-06
Epoch 21/25 | Batch 7760/8072 | Loss: 0.6800 | LR: 8.34e-06
Epoch 21/25 | Batch 7800/8072 | Loss: 0.6800 | LR: 8.33e-06
Epoch 21/25 | Batch 7840/8072 | Loss: 0.6801 | LR: 8.31e-06
Epoch 21/25 | Batch 7880/8072 | Loss: 0.6799 | LR: 8.29e-06
Epoch 21/25 | Batch 7920/8072 | Loss: 0.6857 | LR: 8.27e-06
Epoch 21/25 | Batch 7960/8072 | Loss: 0.6798 | LR: 8.26e-06
Epoch 21/25 | Batch 8000/8072 | Loss: 0.6798 | LR: 8.24e-06
Epoch 21/25 | Batch 8040/8072 | Loss: 0.6801 | LR: 8.22e-06
  Sample - Pred: [34, 40, 20, 2, 23, 40, 7, 18, 40, 10, 3, 40, 20, 3, 21] | True: [34, 40, 20, 2, 23, 40, 29, 18, 40, 10, 3, 40, 20, 25, 9]

Epoch 21 Summary:
  Train Loss: 0.6802
  Val Loss: 0.6990
  PER: 0.1090
  Avg LR: 1.01e-05
------------------------------------------------------------
  ** New best model saved! PER: 0.1090
Epoch 22/25 | Batch 0/8072 | Loss: 0.6803 | LR: 8.21e-06
Epoch 22/25 | Batch 40/8072 | Loss: 0.6801 | LR: 8.19e-06
Epoch 22/25 | Batch 80/8072 | Loss: 0.6797 | LR: 8.17e-06
Epoch 22/25 | Batch 120/8072 | Loss: 0.6800 | LR: 8.15e-06
Epoch 22/25 | Batch 160/8072 | Loss: 0.6803 | LR: 8.14e-06
Epoch 22/25 | Batch 200/8072 | Loss: 0.6803 | LR: 8.12e-06
Epoch 22/25 | Batch 240/8072 | Loss: 0.6798 | LR: 8.10e-06
Epoch 22/25 | Batch 280/8072 | Loss: 0.6799 | LR: 8.08e-06
Epoch 22/25 | Batch 320/8072 | Loss: 0.6804 | LR: 8.07e-06
Epoch 22/25 | Batch 360/8072 | Loss: 0.6810 | LR: 8.05e-06
Epoch 22/25 | Batch 400/8072 | Loss: 0.6797 | LR: 8.03e-06
Epoch 22/25 | Batch 440/8072 | Loss: 0.6798 | LR: 8.02e-06
Epoch 22/25 | Batch 480/8072 | Loss: 0.6810 | LR: 8.00e-06
Epoch 22/25 | Batch 520/8072 | Loss: 0.6797 | LR: 7.98e-06
Epoch 22/25 | Batch 560/8072 | Loss: 0.6802 | LR: 7.96e-06
Epoch 22/25 | Batch 600/8072 | Loss: 0.6798 | LR: 7.95e-06
Epoch 22/25 | Batch 640/8072 | Loss: 0.6802 | LR: 7.93e-06
Epoch 22/25 | Batch 680/8072 | Loss: 0.6798 | LR: 7.91e-06
Epoch 22/25 | Batch 720/8072 | Loss: 0.6799 | LR: 7.90e-06
Epoch 22/25 | Batch 760/8072 | Loss: 0.6803 | LR: 7.88e-06
Epoch 22/25 | Batch 800/8072 | Loss: 0.6799 | LR: 7.86e-06
Epoch 22/25 | Batch 840/8072 | Loss: 0.6803 | LR: 7.84e-06
Epoch 22/25 | Batch 880/8072 | Loss: 0.6801 | LR: 7.83e-06
Epoch 22/25 | Batch 920/8072 | Loss: 0.6801 | LR: 7.81e-06
Epoch 22/25 | Batch 960/8072 | Loss: 0.6797 | LR: 7.79e-06
Epoch 22/25 | Batch 1000/8072 | Loss: 0.6806 | LR: 7.78e-06
Epoch 22/25 | Batch 1040/8072 | Loss: 0.6805 | LR: 7.76e-06
Epoch 22/25 | Batch 1080/8072 | Loss: 0.6799 | LR: 7.74e-06
Epoch 22/25 | Batch 1120/8072 | Loss: 0.6799 | LR: 7.73e-06
Epoch 22/25 | Batch 1160/8072 | Loss: 0.6800 | LR: 7.71e-06
Epoch 22/25 | Batch 1200/8072 | Loss: 0.6799 | LR: 7.69e-06
Epoch 22/25 | Batch 1240/8072 | Loss: 0.6800 | LR: 7.68e-06
Epoch 22/25 | Batch 1280/8072 | Loss: 0.6802 | LR: 7.66e-06
Epoch 22/25 | Batch 1320/8072 | Loss: 0.6800 | LR: 7.64e-06
Epoch 22/25 | Batch 1360/8072 | Loss: 0.6797 | LR: 7.63e-06
Epoch 22/25 | Batch 1400/8072 | Loss: 0.6799 | LR: 7.61e-06
Epoch 22/25 | Batch 1440/8072 | Loss: 0.6800 | LR: 7.59e-06
Epoch 22/25 | Batch 1480/8072 | Loss: 0.6803 | LR: 7.58e-06
Epoch 22/25 | Batch 1520/8072 | Loss: 0.6798 | LR: 7.56e-06
Epoch 22/25 | Batch 1560/8072 | Loss: 0.6798 | LR: 7.54e-06
Epoch 22/25 | Batch 1600/8072 | Loss: 0.6799 | LR: 7.53e-06
Epoch 22/25 | Batch 1640/8072 | Loss: 0.6801 | LR: 7.51e-06
Epoch 22/25 | Batch 1680/8072 | Loss: 0.6798 | LR: 7.49e-06
Epoch 22/25 | Batch 1720/8072 | Loss: 0.6800 | LR: 7.48e-06
Epoch 22/25 | Batch 1760/8072 | Loss: 0.6798 | LR: 7.46e-06
Epoch 22/25 | Batch 1800/8072 | Loss: 0.6798 | LR: 7.44e-06
Epoch 22/25 | Batch 1840/8072 | Loss: 0.6799 | LR: 7.43e-06
Epoch 22/25 | Batch 1880/8072 | Loss: 0.6803 | LR: 7.41e-06
Epoch 22/25 | Batch 1920/8072 | Loss: 0.6801 | LR: 7.39e-06
Epoch 22/25 | Batch 1960/8072 | Loss: 0.6811 | LR: 7.38e-06
Epoch 22/25 | Batch 2000/8072 | Loss: 0.6804 | LR: 7.36e-06
Epoch 22/25 | Batch 2040/8072 | Loss: 0.6799 | LR: 7.34e-06
Epoch 22/25 | Batch 2080/8072 | Loss: 0.6798 | LR: 7.33e-06
Epoch 22/25 | Batch 2120/8072 | Loss: 0.6798 | LR: 7.31e-06
Epoch 22/25 | Batch 2160/8072 | Loss: 0.6808 | LR: 7.29e-06
Epoch 22/25 | Batch 2200/8072 | Loss: 0.6798 | LR: 7.28e-06
Epoch 22/25 | Batch 2240/8072 | Loss: 0.6798 | LR: 7.26e-06
Epoch 22/25 | Batch 2280/8072 | Loss: 0.6799 | LR: 7.25e-06
Epoch 22/25 | Batch 2320/8072 | Loss: 0.6799 | LR: 7.23e-06
Epoch 22/25 | Batch 2360/8072 | Loss: 0.6801 | LR: 7.21e-06
Epoch 22/25 | Batch 2400/8072 | Loss: 0.6802 | LR: 7.20e-06
Epoch 22/25 | Batch 2440/8072 | Loss: 0.6803 | LR: 7.18e-06
Epoch 22/25 | Batch 2480/8072 | Loss: 0.6803 | LR: 7.16e-06
Epoch 22/25 | Batch 2520/8072 | Loss: 0.6803 | LR: 7.15e-06
Epoch 22/25 | Batch 2560/8072 | Loss: 0.6799 | LR: 7.13e-06
Epoch 22/25 | Batch 2600/8072 | Loss: 0.6810 | LR: 7.12e-06
Epoch 22/25 | Batch 2640/8072 | Loss: 0.6806 | LR: 7.10e-06
Epoch 22/25 | Batch 2680/8072 | Loss: 0.6798 | LR: 7.08e-06
Epoch 22/25 | Batch 2720/8072 | Loss: 0.6801 | LR: 7.07e-06
Epoch 22/25 | Batch 2760/8072 | Loss: 0.6799 | LR: 7.05e-06
Epoch 22/25 | Batch 2800/8072 | Loss: 0.6802 | LR: 7.04e-06
Epoch 22/25 | Batch 2840/8072 | Loss: 0.6802 | LR: 7.02e-06
Epoch 22/25 | Batch 2880/8072 | Loss: 0.6801 | LR: 7.00e-06
Epoch 22/25 | Batch 2920/8072 | Loss: 0.6802 | LR: 6.99e-06
Epoch 22/25 | Batch 2960/8072 | Loss: 0.6805 | LR: 6.97e-06
Epoch 22/25 | Batch 3000/8072 | Loss: 0.6804 | LR: 6.96e-06
Epoch 22/25 | Batch 3040/8072 | Loss: 0.6798 | LR: 6.94e-06
Epoch 22/25 | Batch 3080/8072 | Loss: 0.6798 | LR: 6.92e-06
Epoch 22/25 | Batch 3120/8072 | Loss: 0.6799 | LR: 6.91e-06
Epoch 22/25 | Batch 3160/8072 | Loss: 0.6804 | LR: 6.89e-06
Epoch 22/25 | Batch 3200/8072 | Loss: 0.6799 | LR: 6.88e-06
Epoch 22/25 | Batch 3240/8072 | Loss: 0.6799 | LR: 6.86e-06
Epoch 22/25 | Batch 3280/8072 | Loss: 0.6817 | LR: 6.84e-06
Epoch 22/25 | Batch 3320/8072 | Loss: 0.6797 | LR: 6.83e-06
Epoch 22/25 | Batch 3360/8072 | Loss: 0.6799 | LR: 6.81e-06
Epoch 22/25 | Batch 3400/8072 | Loss: 0.6800 | LR: 6.80e-06
Epoch 22/25 | Batch 3440/8072 | Loss: 0.6807 | LR: 6.78e-06
Epoch 22/25 | Batch 3480/8072 | Loss: 0.6799 | LR: 6.77e-06
Epoch 22/25 | Batch 3520/8072 | Loss: 0.6809 | LR: 6.75e-06
Epoch 22/25 | Batch 3560/8072 | Loss: 0.6797 | LR: 6.73e-06
Epoch 22/25 | Batch 3600/8072 | Loss: 0.6801 | LR: 6.72e-06
Epoch 22/25 | Batch 3640/8072 | Loss: 0.6798 | LR: 6.70e-06
Epoch 22/25 | Batch 3680/8072 | Loss: 0.6809 | LR: 6.69e-06
Epoch 22/25 | Batch 3720/8072 | Loss: 0.6799 | LR: 6.67e-06
Epoch 22/25 | Batch 3760/8072 | Loss: 0.6799 | LR: 6.66e-06
Epoch 22/25 | Batch 3800/8072 | Loss: 0.6798 | LR: 6.64e-06
Epoch 22/25 | Batch 3840/8072 | Loss: 0.6804 | LR: 6.63e-06
Epoch 22/25 | Batch 3880/8072 | Loss: 0.6801 | LR: 6.61e-06
Epoch 22/25 | Batch 3920/8072 | Loss: 0.6807 | LR: 6.59e-06
Epoch 22/25 | Batch 3960/8072 | Loss: 0.6802 | LR: 6.58e-06
Epoch 22/25 | Batch 4000/8072 | Loss: 0.6800 | LR: 6.56e-06
Epoch 22/25 | Batch 4040/8072 | Loss: 0.6798 | LR: 6.55e-06
Epoch 22/25 | Batch 4080/8072 | Loss: 0.6798 | LR: 6.53e-06
Epoch 22/25 | Batch 4120/8072 | Loss: 0.6800 | LR: 6.52e-06
Epoch 22/25 | Batch 4160/8072 | Loss: 0.6801 | LR: 6.50e-06
Epoch 22/25 | Batch 4200/8072 | Loss: 0.6797 | LR: 6.49e-06
Epoch 22/25 | Batch 4240/8072 | Loss: 0.6798 | LR: 6.47e-06
Epoch 22/25 | Batch 4280/8072 | Loss: 0.6797 | LR: 6.46e-06
Epoch 22/25 | Batch 4320/8072 | Loss: 0.6802 | LR: 6.44e-06
Epoch 22/25 | Batch 4360/8072 | Loss: 0.6799 | LR: 6.43e-06
Epoch 22/25 | Batch 4400/8072 | Loss: 0.6799 | LR: 6.41e-06
Epoch 22/25 | Batch 4440/8072 | Loss: 0.6799 | LR: 6.40e-06
Epoch 22/25 | Batch 4480/8072 | Loss: 0.6798 | LR: 6.38e-06
Epoch 22/25 | Batch 4520/8072 | Loss: 0.6801 | LR: 6.36e-06
Epoch 22/25 | Batch 4560/8072 | Loss: 0.6801 | LR: 6.35e-06
Epoch 22/25 | Batch 4600/8072 | Loss: 0.6808 | LR: 6.33e-06
Epoch 22/25 | Batch 4640/8072 | Loss: 0.6801 | LR: 6.32e-06
Epoch 22/25 | Batch 4680/8072 | Loss: 0.6803 | LR: 6.30e-06
Epoch 22/25 | Batch 4720/8072 | Loss: 0.6798 | LR: 6.29e-06
Epoch 22/25 | Batch 4760/8072 | Loss: 0.6797 | LR: 6.27e-06
Epoch 22/25 | Batch 4800/8072 | Loss: 0.6802 | LR: 6.26e-06
Epoch 22/25 | Batch 4840/8072 | Loss: 0.6798 | LR: 6.24e-06
Epoch 22/25 | Batch 4880/8072 | Loss: 0.6803 | LR: 6.23e-06
Epoch 22/25 | Batch 4920/8072 | Loss: 0.6800 | LR: 6.21e-06
Epoch 22/25 | Batch 4960/8072 | Loss: 0.6800 | LR: 6.20e-06
Epoch 22/25 | Batch 5000/8072 | Loss: 0.6800 | LR: 6.18e-06
Epoch 22/25 | Batch 5040/8072 | Loss: 0.6801 | LR: 6.17e-06
Epoch 22/25 | Batch 5080/8072 | Loss: 0.6801 | LR: 6.15e-06
Epoch 22/25 | Batch 5120/8072 | Loss: 0.6800 | LR: 6.14e-06
Epoch 22/25 | Batch 5160/8072 | Loss: 0.6799 | LR: 6.12e-06
Epoch 22/25 | Batch 5200/8072 | Loss: 0.6797 | LR: 6.11e-06
Epoch 22/25 | Batch 5240/8072 | Loss: 0.6797 | LR: 6.09e-06
Epoch 22/25 | Batch 5280/8072 | Loss: 0.6801 | LR: 6.08e-06
Epoch 22/25 | Batch 5320/8072 | Loss: 0.6801 | LR: 6.07e-06
Epoch 22/25 | Batch 5360/8072 | Loss: 0.6799 | LR: 6.05e-06
Epoch 22/25 | Batch 5400/8072 | Loss: 0.6802 | LR: 6.04e-06
Epoch 22/25 | Batch 5440/8072 | Loss: 0.6800 | LR: 6.02e-06
Epoch 22/25 | Batch 5480/8072 | Loss: 0.6804 | LR: 6.01e-06
Epoch 22/25 | Batch 5520/8072 | Loss: 0.6801 | LR: 5.99e-06
Epoch 22/25 | Batch 5560/8072 | Loss: 0.6799 | LR: 5.98e-06
Epoch 22/25 | Batch 5600/8072 | Loss: 0.6802 | LR: 5.96e-06
Epoch 22/25 | Batch 5640/8072 | Loss: 0.6801 | LR: 5.95e-06
Epoch 22/25 | Batch 5680/8072 | Loss: 0.6806 | LR: 5.93e-06
Epoch 22/25 | Batch 5720/8072 | Loss: 0.6799 | LR: 5.92e-06
Epoch 22/25 | Batch 5760/8072 | Loss: 0.6800 | LR: 5.90e-06
Epoch 22/25 | Batch 5800/8072 | Loss: 0.6801 | LR: 5.89e-06
Epoch 22/25 | Batch 5840/8072 | Loss: 0.6799 | LR: 5.88e-06
Epoch 22/25 | Batch 5880/8072 | Loss: 0.6799 | LR: 5.86e-06
Epoch 22/25 | Batch 5920/8072 | Loss: 0.6798 | LR: 5.85e-06
Epoch 22/25 | Batch 5960/8072 | Loss: 0.6799 | LR: 5.83e-06
Epoch 22/25 | Batch 6000/8072 | Loss: 0.6806 | LR: 5.82e-06
Epoch 22/25 | Batch 6040/8072 | Loss: 0.6798 | LR: 5.80e-06
Epoch 22/25 | Batch 6080/8072 | Loss: 0.6820 | LR: 5.79e-06
Epoch 22/25 | Batch 6120/8072 | Loss: 0.6799 | LR: 5.77e-06
Epoch 22/25 | Batch 6160/8072 | Loss: 0.6805 | LR: 5.76e-06
Epoch 22/25 | Batch 6200/8072 | Loss: 0.6804 | LR: 5.75e-06
Epoch 22/25 | Batch 6240/8072 | Loss: 0.6803 | LR: 5.73e-06
Epoch 22/25 | Batch 6280/8072 | Loss: 0.6800 | LR: 5.72e-06
Epoch 22/25 | Batch 6320/8072 | Loss: 0.6799 | LR: 5.70e-06
Epoch 22/25 | Batch 6360/8072 | Loss: 0.6801 | LR: 5.69e-06
Epoch 22/25 | Batch 6400/8072 | Loss: 0.6801 | LR: 5.67e-06
Epoch 22/25 | Batch 6440/8072 | Loss: 0.6798 | LR: 5.66e-06
Epoch 22/25 | Batch 6480/8072 | Loss: 0.6804 | LR: 5.65e-06
Epoch 22/25 | Batch 6520/8072 | Loss: 0.6800 | LR: 5.63e-06
Epoch 22/25 | Batch 6560/8072 | Loss: 0.6800 | LR: 5.62e-06
Epoch 22/25 | Batch 6600/8072 | Loss: 0.6798 | LR: 5.60e-06
Epoch 22/25 | Batch 6640/8072 | Loss: 0.6800 | LR: 5.59e-06
Epoch 22/25 | Batch 6680/8072 | Loss: 0.6803 | LR: 5.58e-06
Epoch 22/25 | Batch 6720/8072 | Loss: 0.6809 | LR: 5.56e-06
Epoch 22/25 | Batch 6760/8072 | Loss: 0.6799 | LR: 5.55e-06
Epoch 22/25 | Batch 6800/8072 | Loss: 0.6801 | LR: 5.53e-06
Epoch 22/25 | Batch 6840/8072 | Loss: 0.6799 | LR: 5.52e-06
Epoch 22/25 | Batch 6880/8072 | Loss: 0.6803 | LR: 5.51e-06
Epoch 22/25 | Batch 6920/8072 | Loss: 0.6803 | LR: 5.49e-06
Epoch 22/25 | Batch 6960/8072 | Loss: 0.6798 | LR: 5.48e-06
Epoch 22/25 | Batch 7000/8072 | Loss: 0.6802 | LR: 5.46e-06
Epoch 22/25 | Batch 7040/8072 | Loss: 0.6799 | LR: 5.45e-06
Epoch 22/25 | Batch 7080/8072 | Loss: 0.6799 | LR: 5.44e-06
Epoch 22/25 | Batch 7120/8072 | Loss: 0.6798 | LR: 5.42e-06
Epoch 22/25 | Batch 7160/8072 | Loss: 0.6803 | LR: 5.41e-06
Epoch 22/25 | Batch 7200/8072 | Loss: 0.6798 | LR: 5.39e-06
Epoch 22/25 | Batch 7240/8072 | Loss: 0.6798 | LR: 5.38e-06
Epoch 22/25 | Batch 7280/8072 | Loss: 0.6798 | LR: 5.37e-06
Epoch 22/25 | Batch 7320/8072 | Loss: 0.6797 | LR: 5.35e-06
Epoch 22/25 | Batch 7360/8072 | Loss: 0.6804 | LR: 5.34e-06
Epoch 22/25 | Batch 7400/8072 | Loss: 0.6799 | LR: 5.33e-06
Epoch 22/25 | Batch 7440/8072 | Loss: 0.6799 | LR: 5.31e-06
Epoch 22/25 | Batch 7480/8072 | Loss: 0.6799 | LR: 5.30e-06
Epoch 22/25 | Batch 7520/8072 | Loss: 0.6807 | LR: 5.28e-06
Epoch 22/25 | Batch 7560/8072 | Loss: 0.6801 | LR: 5.27e-06
Epoch 22/25 | Batch 7600/8072 | Loss: 0.6805 | LR: 5.26e-06
Epoch 22/25 | Batch 7640/8072 | Loss: 0.6802 | LR: 5.24e-06
Epoch 22/25 | Batch 7680/8072 | Loss: 0.6799 | LR: 5.23e-06
Epoch 22/25 | Batch 7720/8072 | Loss: 0.6805 | LR: 5.22e-06
Epoch 22/25 | Batch 7760/8072 | Loss: 0.6800 | LR: 5.20e-06
Epoch 22/25 | Batch 7800/8072 | Loss: 0.6797 | LR: 5.19e-06
Epoch 22/25 | Batch 7840/8072 | Loss: 0.6799 | LR: 5.18e-06
Epoch 22/25 | Batch 7880/8072 | Loss: 0.6800 | LR: 5.16e-06
Epoch 22/25 | Batch 7920/8072 | Loss: 0.6798 | LR: 5.15e-06
Epoch 22/25 | Batch 7960/8072 | Loss: 0.6799 | LR: 5.14e-06
Epoch 22/25 | Batch 8000/8072 | Loss: 0.6798 | LR: 5.12e-06
Epoch 22/25 | Batch 8040/8072 | Loss: 0.6829 | LR: 5.11e-06
  Sample - Pred: [34, 40, 20, 2, 23, 40, 31, 18, 40, 10, 3, 40, 20, 25, 21] | True: [34, 40, 20, 2, 23, 40, 29, 18, 40, 10, 3, 40, 20, 25, 9]

Epoch 22 Summary:
  Train Loss: 0.6801
  Val Loss: 0.6987
  PER: 0.1075
  Avg LR: 6.58e-06
------------------------------------------------------------
  ** New best model saved! PER: 0.1075
Epoch 23/25 | Batch 0/8072 | Loss: 0.6799 | LR: 5.10e-06
Epoch 23/25 | Batch 40/8072 | Loss: 0.6797 | LR: 5.08e-06
Epoch 23/25 | Batch 80/8072 | Loss: 0.6803 | LR: 5.07e-06
Epoch 23/25 | Batch 120/8072 | Loss: 0.6800 | LR: 5.06e-06
Epoch 23/25 | Batch 160/8072 | Loss: 0.6800 | LR: 5.04e-06
Epoch 23/25 | Batch 200/8072 | Loss: 0.6801 | LR: 5.03e-06
Epoch 23/25 | Batch 240/8072 | Loss: 0.6798 | LR: 5.02e-06
Epoch 23/25 | Batch 280/8072 | Loss: 0.6797 | LR: 5.01e-06
Epoch 23/25 | Batch 320/8072 | Loss: 0.6799 | LR: 4.99e-06
Epoch 23/25 | Batch 360/8072 | Loss: 0.6802 | LR: 4.98e-06
Epoch 23/25 | Batch 400/8072 | Loss: 0.6801 | LR: 4.97e-06
Epoch 23/25 | Batch 440/8072 | Loss: 0.6799 | LR: 4.95e-06
Epoch 23/25 | Batch 480/8072 | Loss: 0.6806 | LR: 4.94e-06
Epoch 23/25 | Batch 520/8072 | Loss: 0.6799 | LR: 4.93e-06
Epoch 23/25 | Batch 560/8072 | Loss: 0.6802 | LR: 4.91e-06
Epoch 23/25 | Batch 600/8072 | Loss: 0.6803 | LR: 4.90e-06
Epoch 23/25 | Batch 640/8072 | Loss: 0.6799 | LR: 4.89e-06
Epoch 23/25 | Batch 680/8072 | Loss: 0.6799 | LR: 4.87e-06
Epoch 23/25 | Batch 720/8072 | Loss: 0.6803 | LR: 4.86e-06
Epoch 23/25 | Batch 760/8072 | Loss: 0.6798 | LR: 4.85e-06
Epoch 23/25 | Batch 800/8072 | Loss: 0.6799 | LR: 4.84e-06
Epoch 23/25 | Batch 840/8072 | Loss: 0.6798 | LR: 4.82e-06
Epoch 23/25 | Batch 880/8072 | Loss: 0.6798 | LR: 4.81e-06
Epoch 23/25 | Batch 920/8072 | Loss: 0.6798 | LR: 4.80e-06
Epoch 23/25 | Batch 960/8072 | Loss: 0.6800 | LR: 4.78e-06
Epoch 23/25 | Batch 1000/8072 | Loss: 0.6800 | LR: 4.77e-06
Epoch 23/25 | Batch 1040/8072 | Loss: 0.6808 | LR: 4.76e-06
Epoch 23/25 | Batch 1080/8072 | Loss: 0.6801 | LR: 4.75e-06
Epoch 23/25 | Batch 1120/8072 | Loss: 0.6797 | LR: 4.73e-06
Epoch 23/25 | Batch 1160/8072 | Loss: 0.6798 | LR: 4.72e-06
Epoch 23/25 | Batch 1200/8072 | Loss: 0.6799 | LR: 4.71e-06
Epoch 23/25 | Batch 1240/8072 | Loss: 0.6805 | LR: 4.69e-06
Epoch 23/25 | Batch 1280/8072 | Loss: 0.6798 | LR: 4.68e-06
Epoch 23/25 | Batch 1320/8072 | Loss: 0.6798 | LR: 4.67e-06
Epoch 23/25 | Batch 1360/8072 | Loss: 0.6802 | LR: 4.66e-06
Epoch 23/25 | Batch 1400/8072 | Loss: 0.6797 | LR: 4.64e-06
Epoch 23/25 | Batch 1440/8072 | Loss: 0.6798 | LR: 4.63e-06
Epoch 23/25 | Batch 1480/8072 | Loss: 0.6806 | LR: 4.62e-06
Epoch 23/25 | Batch 1520/8072 | Loss: 0.6798 | LR: 4.61e-06
Epoch 23/25 | Batch 1560/8072 | Loss: 0.6802 | LR: 4.59e-06
Epoch 23/25 | Batch 1600/8072 | Loss: 0.6800 | LR: 4.58e-06
Epoch 23/25 | Batch 1640/8072 | Loss: 0.6800 | LR: 4.57e-06
Epoch 23/25 | Batch 1680/8072 | Loss: 0.6805 | LR: 4.56e-06
Epoch 23/25 | Batch 1720/8072 | Loss: 0.6811 | LR: 4.54e-06
Epoch 23/25 | Batch 1760/8072 | Loss: 0.6799 | LR: 4.53e-06
Epoch 23/25 | Batch 1800/8072 | Loss: 0.6803 | LR: 4.52e-06
Epoch 23/25 | Batch 1840/8072 | Loss: 0.6800 | LR: 4.51e-06
Epoch 23/25 | Batch 1880/8072 | Loss: 0.6799 | LR: 4.49e-06
Epoch 23/25 | Batch 1920/8072 | Loss: 0.6801 | LR: 4.48e-06
Epoch 23/25 | Batch 1960/8072 | Loss: 0.6798 | LR: 4.47e-06
Epoch 23/25 | Batch 2000/8072 | Loss: 0.6800 | LR: 4.46e-06
Epoch 23/25 | Batch 2040/8072 | Loss: 0.6802 | LR: 4.44e-06
Epoch 23/25 | Batch 2080/8072 | Loss: 0.6798 | LR: 4.43e-06
Epoch 23/25 | Batch 2120/8072 | Loss: 0.6797 | LR: 4.42e-06
Epoch 23/25 | Batch 2160/8072 | Loss: 0.6800 | LR: 4.41e-06
Epoch 23/25 | Batch 2200/8072 | Loss: 0.6799 | LR: 4.40e-06
Epoch 23/25 | Batch 2240/8072 | Loss: 0.6797 | LR: 4.38e-06
Epoch 23/25 | Batch 2280/8072 | Loss: 0.6799 | LR: 4.37e-06
Epoch 23/25 | Batch 2320/8072 | Loss: 0.6799 | LR: 4.36e-06
Epoch 23/25 | Batch 2360/8072 | Loss: 0.6799 | LR: 4.35e-06
Epoch 23/25 | Batch 2400/8072 | Loss: 0.6799 | LR: 4.33e-06
Epoch 23/25 | Batch 2440/8072 | Loss: 0.6799 | LR: 4.32e-06
Epoch 23/25 | Batch 2480/8072 | Loss: 0.6824 | LR: 4.31e-06
Epoch 23/25 | Batch 2520/8072 | Loss: 0.6799 | LR: 4.30e-06
Epoch 23/25 | Batch 2560/8072 | Loss: 0.6798 | LR: 4.29e-06
Epoch 23/25 | Batch 2600/8072 | Loss: 0.6799 | LR: 4.27e-06
Epoch 23/25 | Batch 2640/8072 | Loss: 0.6798 | LR: 4.26e-06
Epoch 23/25 | Batch 2680/8072 | Loss: 0.6803 | LR: 4.25e-06
Epoch 23/25 | Batch 2720/8072 | Loss: 0.6797 | LR: 4.24e-06
Epoch 23/25 | Batch 2760/8072 | Loss: 0.6799 | LR: 4.23e-06
Epoch 23/25 | Batch 2800/8072 | Loss: 0.6800 | LR: 4.21e-06
Epoch 23/25 | Batch 2840/8072 | Loss: 0.6800 | LR: 4.20e-06
Epoch 23/25 | Batch 2880/8072 | Loss: 0.6799 | LR: 4.19e-06
Epoch 23/25 | Batch 2920/8072 | Loss: 0.6800 | LR: 4.18e-06
Epoch 23/25 | Batch 2960/8072 | Loss: 0.6800 | LR: 4.17e-06
Epoch 23/25 | Batch 3000/8072 | Loss: 0.6801 | LR: 4.16e-06
Epoch 23/25 | Batch 3040/8072 | Loss: 0.6798 | LR: 4.14e-06
Epoch 23/25 | Batch 3080/8072 | Loss: 0.6799 | LR: 4.13e-06
Epoch 23/25 | Batch 3120/8072 | Loss: 0.6804 | LR: 4.12e-06
Epoch 23/25 | Batch 3160/8072 | Loss: 0.6800 | LR: 4.11e-06
Epoch 23/25 | Batch 3200/8072 | Loss: 0.6800 | LR: 4.10e-06
Epoch 23/25 | Batch 3240/8072 | Loss: 0.6798 | LR: 4.09e-06
Epoch 23/25 | Batch 3280/8072 | Loss: 0.6797 | LR: 4.07e-06
Epoch 23/25 | Batch 3320/8072 | Loss: 0.6799 | LR: 4.06e-06
Epoch 23/25 | Batch 3360/8072 | Loss: 0.6801 | LR: 4.05e-06
Epoch 23/25 | Batch 3400/8072 | Loss: 0.6801 | LR: 4.04e-06
Epoch 23/25 | Batch 3440/8072 | Loss: 0.6798 | LR: 4.03e-06
Epoch 23/25 | Batch 3480/8072 | Loss: 0.6800 | LR: 4.02e-06
Epoch 23/25 | Batch 3520/8072 | Loss: 0.6810 | LR: 4.00e-06
Epoch 23/25 | Batch 3560/8072 | Loss: 0.6801 | LR: 3.99e-06
Epoch 23/25 | Batch 3600/8072 | Loss: 0.6800 | LR: 3.98e-06
Epoch 23/25 | Batch 3640/8072 | Loss: 0.6800 | LR: 3.97e-06
Epoch 23/25 | Batch 3680/8072 | Loss: 0.6798 | LR: 3.96e-06
Epoch 23/25 | Batch 3720/8072 | Loss: 0.6802 | LR: 3.95e-06
Epoch 23/25 | Batch 3760/8072 | Loss: 0.6801 | LR: 3.94e-06
Epoch 23/25 | Batch 3800/8072 | Loss: 0.6801 | LR: 3.92e-06
Epoch 23/25 | Batch 3840/8072 | Loss: 0.6800 | LR: 3.91e-06
Epoch 23/25 | Batch 3880/8072 | Loss: 0.6797 | LR: 3.90e-06
Epoch 23/25 | Batch 3920/8072 | Loss: 0.6803 | LR: 3.89e-06
Epoch 23/25 | Batch 3960/8072 | Loss: 0.6814 | LR: 3.88e-06
Epoch 23/25 | Batch 4000/8072 | Loss: 0.6800 | LR: 3.87e-06
Epoch 23/25 | Batch 4040/8072 | Loss: 0.6800 | LR: 3.86e-06
Epoch 23/25 | Batch 4080/8072 | Loss: 0.6799 | LR: 3.85e-06
Epoch 23/25 | Batch 4120/8072 | Loss: 0.6800 | LR: 3.83e-06
Epoch 23/25 | Batch 4160/8072 | Loss: 0.6799 | LR: 3.82e-06
Epoch 23/25 | Batch 4200/8072 | Loss: 0.6799 | LR: 3.81e-06
Epoch 23/25 | Batch 4240/8072 | Loss: 0.6797 | LR: 3.80e-06
Epoch 23/25 | Batch 4280/8072 | Loss: 0.6801 | LR: 3.79e-06
Epoch 23/25 | Batch 4320/8072 | Loss: 0.6807 | LR: 3.78e-06
Epoch 23/25 | Batch 4360/8072 | Loss: 0.6800 | LR: 3.77e-06
Epoch 23/25 | Batch 4400/8072 | Loss: 0.6811 | LR: 3.76e-06
Epoch 23/25 | Batch 4440/8072 | Loss: 0.6798 | LR: 3.75e-06
Epoch 23/25 | Batch 4480/8072 | Loss: 0.6799 | LR: 3.73e-06
Epoch 23/25 | Batch 4520/8072 | Loss: 0.6799 | LR: 3.72e-06
Epoch 23/25 | Batch 4560/8072 | Loss: 0.6800 | LR: 3.71e-06
Epoch 23/25 | Batch 4600/8072 | Loss: 0.6803 | LR: 3.70e-06
Epoch 23/25 | Batch 4640/8072 | Loss: 0.6804 | LR: 3.69e-06
Epoch 23/25 | Batch 4680/8072 | Loss: 0.6798 | LR: 3.68e-06
Epoch 23/25 | Batch 4720/8072 | Loss: 0.6797 | LR: 3.67e-06
Epoch 23/25 | Batch 4760/8072 | Loss: 0.6802 | LR: 3.66e-06
Epoch 23/25 | Batch 4800/8072 | Loss: 0.6798 | LR: 3.65e-06
Epoch 23/25 | Batch 4840/8072 | Loss: 0.6799 | LR: 3.64e-06
Epoch 23/25 | Batch 4880/8072 | Loss: 0.6799 | LR: 3.63e-06
Epoch 23/25 | Batch 4920/8072 | Loss: 0.6799 | LR: 3.62e-06
Epoch 23/25 | Batch 4960/8072 | Loss: 0.6800 | LR: 3.60e-06
Epoch 23/25 | Batch 5000/8072 | Loss: 0.6801 | LR: 3.59e-06
Epoch 23/25 | Batch 5040/8072 | Loss: 0.6798 | LR: 3.58e-06
Epoch 23/25 | Batch 5080/8072 | Loss: 0.6800 | LR: 3.57e-06
Epoch 23/25 | Batch 5120/8072 | Loss: 0.6800 | LR: 3.56e-06
Epoch 23/25 | Batch 5160/8072 | Loss: 0.6800 | LR: 3.55e-06
Epoch 23/25 | Batch 5200/8072 | Loss: 0.6801 | LR: 3.54e-06
Epoch 23/25 | Batch 5240/8072 | Loss: 0.6802 | LR: 3.53e-06
Epoch 23/25 | Batch 5280/8072 | Loss: 0.6798 | LR: 3.52e-06
Epoch 23/25 | Batch 5320/8072 | Loss: 0.6797 | LR: 3.51e-06
Epoch 23/25 | Batch 5360/8072 | Loss: 0.6802 | LR: 3.50e-06
Epoch 23/25 | Batch 5400/8072 | Loss: 0.6804 | LR: 3.49e-06
Epoch 23/25 | Batch 5440/8072 | Loss: 0.6798 | LR: 3.48e-06
Epoch 23/25 | Batch 5480/8072 | Loss: 0.6804 | LR: 3.47e-06
Epoch 23/25 | Batch 5520/8072 | Loss: 0.6803 | LR: 3.46e-06
Epoch 23/25 | Batch 5560/8072 | Loss: 0.6803 | LR: 3.45e-06
Epoch 23/25 | Batch 5600/8072 | Loss: 0.6802 | LR: 3.44e-06
Epoch 23/25 | Batch 5640/8072 | Loss: 0.6802 | LR: 3.43e-06
Epoch 23/25 | Batch 5680/8072 | Loss: 0.6801 | LR: 3.42e-06
Epoch 23/25 | Batch 5720/8072 | Loss: 0.6802 | LR: 3.40e-06
Epoch 23/25 | Batch 5760/8072 | Loss: 0.6801 | LR: 3.39e-06
Epoch 23/25 | Batch 5800/8072 | Loss: 0.6826 | LR: 3.38e-06
Epoch 23/25 | Batch 5840/8072 | Loss: 0.6801 | LR: 3.37e-06
Epoch 23/25 | Batch 5880/8072 | Loss: 0.6799 | LR: 3.36e-06
Epoch 23/25 | Batch 5920/8072 | Loss: 0.6806 | LR: 3.35e-06
Epoch 23/25 | Batch 5960/8072 | Loss: 0.6800 | LR: 3.34e-06
Epoch 23/25 | Batch 6000/8072 | Loss: 0.6800 | LR: 3.33e-06
Epoch 23/25 | Batch 6040/8072 | Loss: 0.6799 | LR: 3.32e-06
Epoch 23/25 | Batch 6080/8072 | Loss: 0.6798 | LR: 3.31e-06
Epoch 23/25 | Batch 6120/8072 | Loss: 0.6799 | LR: 3.30e-06
Epoch 23/25 | Batch 6160/8072 | Loss: 0.6818 | LR: 3.29e-06
Epoch 23/25 | Batch 6200/8072 | Loss: 0.6798 | LR: 3.28e-06
Epoch 23/25 | Batch 6240/8072 | Loss: 0.6799 | LR: 3.27e-06
Epoch 23/25 | Batch 6280/8072 | Loss: 0.6801 | LR: 3.26e-06
Epoch 23/25 | Batch 6320/8072 | Loss: 0.6799 | LR: 3.25e-06
Epoch 23/25 | Batch 6360/8072 | Loss: 0.6800 | LR: 3.24e-06
Epoch 23/25 | Batch 6400/8072 | Loss: 0.6801 | LR: 3.23e-06
Epoch 23/25 | Batch 6440/8072 | Loss: 0.6799 | LR: 3.22e-06
Epoch 23/25 | Batch 6480/8072 | Loss: 0.6800 | LR: 3.21e-06
Epoch 23/25 | Batch 6520/8072 | Loss: 0.6799 | LR: 3.20e-06
Epoch 23/25 | Batch 6560/8072 | Loss: 0.6810 | LR: 3.19e-06
Epoch 23/25 | Batch 6600/8072 | Loss: 0.6798 | LR: 3.18e-06
Epoch 23/25 | Batch 6640/8072 | Loss: 0.6801 | LR: 3.17e-06
Epoch 23/25 | Batch 6680/8072 | Loss: 0.6799 | LR: 3.16e-06
Epoch 23/25 | Batch 6720/8072 | Loss: 0.6802 | LR: 3.15e-06
Epoch 23/25 | Batch 6760/8072 | Loss: 0.6802 | LR: 3.14e-06
Epoch 23/25 | Batch 6800/8072 | Loss: 0.6799 | LR: 3.13e-06
Epoch 23/25 | Batch 6840/8072 | Loss: 0.6804 | LR: 3.12e-06
Epoch 23/25 | Batch 6880/8072 | Loss: 0.6804 | LR: 3.11e-06
Epoch 23/25 | Batch 6920/8072 | Loss: 0.6799 | LR: 3.10e-06
Epoch 23/25 | Batch 6960/8072 | Loss: 0.6800 | LR: 3.10e-06
Epoch 23/25 | Batch 7000/8072 | Loss: 0.6799 | LR: 3.09e-06
Epoch 23/25 | Batch 7040/8072 | Loss: 0.6797 | LR: 3.08e-06
Epoch 23/25 | Batch 7080/8072 | Loss: 0.6798 | LR: 3.07e-06
Epoch 23/25 | Batch 7120/8072 | Loss: 0.6800 | LR: 3.06e-06
Epoch 23/25 | Batch 7160/8072 | Loss: 0.6803 | LR: 3.05e-06
Epoch 23/25 | Batch 7200/8072 | Loss: 0.6807 | LR: 3.04e-06
Epoch 23/25 | Batch 7240/8072 | Loss: 0.6798 | LR: 3.03e-06
Epoch 23/25 | Batch 7280/8072 | Loss: 0.6799 | LR: 3.02e-06
Epoch 23/25 | Batch 7320/8072 | Loss: 0.6798 | LR: 3.01e-06
Epoch 23/25 | Batch 7360/8072 | Loss: 0.6798 | LR: 3.00e-06
Epoch 23/25 | Batch 7400/8072 | Loss: 0.6798 | LR: 2.99e-06
Epoch 23/25 | Batch 7440/8072 | Loss: 0.6799 | LR: 2.98e-06
Epoch 23/25 | Batch 7480/8072 | Loss: 0.6798 | LR: 2.97e-06
Epoch 23/25 | Batch 7520/8072 | Loss: 0.6802 | LR: 2.96e-06
Epoch 23/25 | Batch 7560/8072 | Loss: 0.6804 | LR: 2.95e-06
Epoch 23/25 | Batch 7600/8072 | Loss: 0.6802 | LR: 2.94e-06
Epoch 23/25 | Batch 7640/8072 | Loss: 0.6798 | LR: 2.93e-06
Epoch 23/25 | Batch 7680/8072 | Loss: 0.6806 | LR: 2.93e-06
Epoch 23/25 | Batch 7720/8072 | Loss: 0.6798 | LR: 2.92e-06
Epoch 23/25 | Batch 7760/8072 | Loss: 0.6798 | LR: 2.91e-06
Epoch 23/25 | Batch 7800/8072 | Loss: 0.6805 | LR: 2.90e-06
Epoch 23/25 | Batch 7840/8072 | Loss: 0.6799 | LR: 2.89e-06
Epoch 23/25 | Batch 7880/8072 | Loss: 0.6798 | LR: 2.88e-06
Epoch 23/25 | Batch 7920/8072 | Loss: 0.6798 | LR: 2.87e-06
Epoch 23/25 | Batch 7960/8072 | Loss: 0.6798 | LR: 2.86e-06
Epoch 23/25 | Batch 8000/8072 | Loss: 0.6800 | LR: 2.85e-06
Epoch 23/25 | Batch 8040/8072 | Loss: 0.6798 | LR: 2.84e-06
  Sample - Pred: [34, 40, 20, 2, 23, 40, 29, 18, 40, 10, 3, 40, 20, 25, 21] | True: [34, 40, 20, 2, 23, 40, 29, 18, 40, 10, 3, 40, 20, 25, 9]

Epoch 23 Summary:
  Train Loss: 0.6801
  Val Loss: 0.6987
  PER: 0.1071
  Avg LR: 3.89e-06
------------------------------------------------------------
  ** New best model saved! PER: 0.1071
Epoch 24/25 | Batch 0/8072 | Loss: 0.6798 | LR: 2.84e-06
Epoch 24/25 | Batch 40/8072 | Loss: 0.6798 | LR: 2.83e-06
Epoch 24/25 | Batch 80/8072 | Loss: 0.6798 | LR: 2.82e-06
Epoch 24/25 | Batch 120/8072 | Loss: 0.6801 | LR: 2.81e-06
Epoch 24/25 | Batch 160/8072 | Loss: 0.6802 | LR: 2.80e-06
Epoch 24/25 | Batch 200/8072 | Loss: 0.6798 | LR: 2.79e-06
Epoch 24/25 | Batch 240/8072 | Loss: 0.6800 | LR: 2.78e-06
Epoch 24/25 | Batch 280/8072 | Loss: 0.6800 | LR: 2.77e-06
Epoch 24/25 | Batch 320/8072 | Loss: 0.6801 | LR: 2.76e-06
Epoch 24/25 | Batch 360/8072 | Loss: 0.6800 | LR: 2.76e-06
Epoch 24/25 | Batch 400/8072 | Loss: 0.6797 | LR: 2.75e-06
Epoch 24/25 | Batch 440/8072 | Loss: 0.6799 | LR: 2.74e-06
Epoch 24/25 | Batch 480/8072 | Loss: 0.6800 | LR: 2.73e-06
Epoch 24/25 | Batch 520/8072 | Loss: 0.6799 | LR: 2.72e-06
Epoch 24/25 | Batch 560/8072 | Loss: 0.6798 | LR: 2.71e-06
Epoch 24/25 | Batch 600/8072 | Loss: 0.6799 | LR: 2.70e-06
Epoch 24/25 | Batch 640/8072 | Loss: 0.6800 | LR: 2.69e-06
Epoch 24/25 | Batch 680/8072 | Loss: 0.6799 | LR: 2.69e-06
Epoch 24/25 | Batch 720/8072 | Loss: 0.6807 | LR: 2.68e-06
Epoch 24/25 | Batch 760/8072 | Loss: 0.6799 | LR: 2.67e-06
Epoch 24/25 | Batch 800/8072 | Loss: 0.6804 | LR: 2.66e-06
Epoch 24/25 | Batch 840/8072 | Loss: 0.6801 | LR: 2.65e-06
Epoch 24/25 | Batch 880/8072 | Loss: 0.6798 | LR: 2.64e-06
Epoch 24/25 | Batch 920/8072 | Loss: 0.6797 | LR: 2.63e-06
Epoch 24/25 | Batch 960/8072 | Loss: 0.6799 | LR: 2.62e-06
Epoch 24/25 | Batch 1000/8072 | Loss: 0.6801 | LR: 2.62e-06
Epoch 24/25 | Batch 1040/8072 | Loss: 0.6801 | LR: 2.61e-06
Epoch 24/25 | Batch 1080/8072 | Loss: 0.6799 | LR: 2.60e-06
Epoch 24/25 | Batch 1120/8072 | Loss: 0.6799 | LR: 2.59e-06
Epoch 24/25 | Batch 1160/8072 | Loss: 0.6798 | LR: 2.58e-06
Epoch 24/25 | Batch 1200/8072 | Loss: 0.6802 | LR: 2.57e-06
Epoch 24/25 | Batch 1240/8072 | Loss: 0.6799 | LR: 2.57e-06
Epoch 24/25 | Batch 1280/8072 | Loss: 0.6797 | LR: 2.56e-06
Epoch 24/25 | Batch 1320/8072 | Loss: 0.6804 | LR: 2.55e-06
Epoch 24/25 | Batch 1360/8072 | Loss: 0.6804 | LR: 2.54e-06
Epoch 24/25 | Batch 1400/8072 | Loss: 0.6804 | LR: 2.53e-06
Epoch 24/25 | Batch 1440/8072 | Loss: 0.6801 | LR: 2.52e-06
Epoch 24/25 | Batch 1480/8072 | Loss: 0.6801 | LR: 2.52e-06
Epoch 24/25 | Batch 1520/8072 | Loss: 0.6801 | LR: 2.51e-06
Epoch 24/25 | Batch 1560/8072 | Loss: 0.6800 | LR: 2.50e-06
Epoch 24/25 | Batch 1600/8072 | Loss: 0.6799 | LR: 2.49e-06
Epoch 24/25 | Batch 1640/8072 | Loss: 0.6800 | LR: 2.48e-06
Epoch 24/25 | Batch 1680/8072 | Loss: 0.6799 | LR: 2.48e-06
Epoch 24/25 | Batch 1720/8072 | Loss: 0.6800 | LR: 2.47e-06
Epoch 24/25 | Batch 1760/8072 | Loss: 0.6800 | LR: 2.46e-06
Epoch 24/25 | Batch 1800/8072 | Loss: 0.6801 | LR: 2.45e-06
Epoch 24/25 | Batch 1840/8072 | Loss: 0.6798 | LR: 2.44e-06
Epoch 24/25 | Batch 1880/8072 | Loss: 0.6803 | LR: 2.43e-06
Epoch 24/25 | Batch 1920/8072 | Loss: 0.6801 | LR: 2.43e-06
Epoch 24/25 | Batch 1960/8072 | Loss: 0.6799 | LR: 2.42e-06
Epoch 24/25 | Batch 2000/8072 | Loss: 0.6802 | LR: 2.41e-06
Epoch 24/25 | Batch 2040/8072 | Loss: 0.6799 | LR: 2.40e-06
Epoch 24/25 | Batch 2080/8072 | Loss: 0.6799 | LR: 2.40e-06
Epoch 24/25 | Batch 2120/8072 | Loss: 0.6802 | LR: 2.39e-06
Epoch 24/25 | Batch 2160/8072 | Loss: 0.6798 | LR: 2.38e-06
Epoch 24/25 | Batch 2200/8072 | Loss: 0.6801 | LR: 2.37e-06
Epoch 24/25 | Batch 2240/8072 | Loss: 0.6797 | LR: 2.36e-06
Epoch 24/25 | Batch 2280/8072 | Loss: 0.6801 | LR: 2.36e-06
Epoch 24/25 | Batch 2320/8072 | Loss: 0.6801 | LR: 2.35e-06
Epoch 24/25 | Batch 2360/8072 | Loss: 0.6799 | LR: 2.34e-06
Epoch 24/25 | Batch 2400/8072 | Loss: 0.6800 | LR: 2.33e-06
Epoch 24/25 | Batch 2440/8072 | Loss: 0.6798 | LR: 2.32e-06
Epoch 24/25 | Batch 2480/8072 | Loss: 0.6801 | LR: 2.32e-06
Epoch 24/25 | Batch 2520/8072 | Loss: 0.6805 | LR: 2.31e-06
Epoch 24/25 | Batch 2560/8072 | Loss: 0.6799 | LR: 2.30e-06
Epoch 24/25 | Batch 2600/8072 | Loss: 0.6798 | LR: 2.29e-06
Epoch 24/25 | Batch 2640/8072 | Loss: 0.6810 | LR: 2.29e-06
Epoch 24/25 | Batch 2680/8072 | Loss: 0.6799 | LR: 2.28e-06
Epoch 24/25 | Batch 2720/8072 | Loss: 0.6799 | LR: 2.27e-06
Epoch 24/25 | Batch 2760/8072 | Loss: 0.6798 | LR: 2.26e-06
Epoch 24/25 | Batch 2800/8072 | Loss: 0.6802 | LR: 2.26e-06
Epoch 24/25 | Batch 2840/8072 | Loss: 0.6800 | LR: 2.25e-06
Epoch 24/25 | Batch 2880/8072 | Loss: 0.6803 | LR: 2.24e-06
Epoch 24/25 | Batch 2920/8072 | Loss: 0.6799 | LR: 2.23e-06
Epoch 24/25 | Batch 2960/8072 | Loss: 0.6806 | LR: 2.23e-06
Epoch 24/25 | Batch 3000/8072 | Loss: 0.6799 | LR: 2.22e-06
Epoch 24/25 | Batch 3040/8072 | Loss: 0.6798 | LR: 2.21e-06
Epoch 24/25 | Batch 3080/8072 | Loss: 0.6800 | LR: 2.20e-06
Epoch 24/25 | Batch 3120/8072 | Loss: 0.6803 | LR: 2.20e-06
Epoch 24/25 | Batch 3160/8072 | Loss: 0.6801 | LR: 2.19e-06
Epoch 24/25 | Batch 3200/8072 | Loss: 0.6799 | LR: 2.18e-06
Epoch 24/25 | Batch 3240/8072 | Loss: 0.6799 | LR: 2.18e-06
Epoch 24/25 | Batch 3280/8072 | Loss: 0.6799 | LR: 2.17e-06
Epoch 24/25 | Batch 3320/8072 | Loss: 0.6800 | LR: 2.16e-06
Epoch 24/25 | Batch 3360/8072 | Loss: 0.6798 | LR: 2.15e-06
Epoch 24/25 | Batch 3400/8072 | Loss: 0.6797 | LR: 2.15e-06
Epoch 24/25 | Batch 3440/8072 | Loss: 0.6802 | LR: 2.14e-06
Epoch 24/25 | Batch 3480/8072 | Loss: 0.6804 | LR: 2.13e-06
Epoch 24/25 | Batch 3520/8072 | Loss: 0.6799 | LR: 2.13e-06
Epoch 24/25 | Batch 3560/8072 | Loss: 0.6798 | LR: 2.12e-06
Epoch 24/25 | Batch 3600/8072 | Loss: 0.6798 | LR: 2.11e-06
Epoch 24/25 | Batch 3640/8072 | Loss: 0.6799 | LR: 2.10e-06
Epoch 24/25 | Batch 3680/8072 | Loss: 0.6798 | LR: 2.10e-06
Epoch 24/25 | Batch 3720/8072 | Loss: 0.6800 | LR: 2.09e-06
Epoch 24/25 | Batch 3760/8072 | Loss: 0.6801 | LR: 2.08e-06
Epoch 24/25 | Batch 3800/8072 | Loss: 0.6800 | LR: 2.08e-06
Epoch 24/25 | Batch 3840/8072 | Loss: 0.6799 | LR: 2.07e-06
Epoch 24/25 | Batch 3880/8072 | Loss: 0.6797 | LR: 2.06e-06
Epoch 24/25 | Batch 3920/8072 | Loss: 0.6798 | LR: 2.06e-06
Epoch 24/25 | Batch 3960/8072 | Loss: 0.6798 | LR: 2.05e-06
Epoch 24/25 | Batch 4000/8072 | Loss: 0.6802 | LR: 2.04e-06
Epoch 24/25 | Batch 4040/8072 | Loss: 0.6799 | LR: 2.03e-06
Epoch 24/25 | Batch 4080/8072 | Loss: 0.6799 | LR: 2.03e-06
Epoch 24/25 | Batch 4120/8072 | Loss: 0.6799 | LR: 2.02e-06
Epoch 24/25 | Batch 4160/8072 | Loss: 0.6798 | LR: 2.01e-06
Epoch 24/25 | Batch 4200/8072 | Loss: 0.6801 | LR: 2.01e-06
Epoch 24/25 | Batch 4240/8072 | Loss: 0.6798 | LR: 2.00e-06
Epoch 24/25 | Batch 4280/8072 | Loss: 0.6797 | LR: 1.99e-06
Epoch 24/25 | Batch 4320/8072 | Loss: 0.6798 | LR: 1.99e-06
Epoch 24/25 | Batch 4360/8072 | Loss: 0.6797 | LR: 1.98e-06
Epoch 24/25 | Batch 4400/8072 | Loss: 0.6799 | LR: 1.97e-06
Epoch 24/25 | Batch 4440/8072 | Loss: 0.6799 | LR: 1.97e-06
Epoch 24/25 | Batch 4480/8072 | Loss: 0.6801 | LR: 1.96e-06
Epoch 24/25 | Batch 4520/8072 | Loss: 0.6800 | LR: 1.95e-06
Epoch 24/25 | Batch 4560/8072 | Loss: 0.6807 | LR: 1.95e-06
Epoch 24/25 | Batch 4600/8072 | Loss: 0.6799 | LR: 1.94e-06
Epoch 24/25 | Batch 4640/8072 | Loss: 0.6797 | LR: 1.93e-06
Epoch 24/25 | Batch 4680/8072 | Loss: 0.6797 | LR: 1.93e-06
Epoch 24/25 | Batch 4720/8072 | Loss: 0.6800 | LR: 1.92e-06
Epoch 24/25 | Batch 4760/8072 | Loss: 0.6799 | LR: 1.92e-06
Epoch 24/25 | Batch 4800/8072 | Loss: 0.6801 | LR: 1.91e-06
Epoch 24/25 | Batch 4840/8072 | Loss: 0.6799 | LR: 1.90e-06
Epoch 24/25 | Batch 4880/8072 | Loss: 0.6804 | LR: 1.90e-06
Epoch 24/25 | Batch 4920/8072 | Loss: 0.6799 | LR: 1.89e-06
Epoch 24/25 | Batch 4960/8072 | Loss: 0.6799 | LR: 1.88e-06
Epoch 24/25 | Batch 5000/8072 | Loss: 0.6797 | LR: 1.88e-06
Epoch 24/25 | Batch 5040/8072 | Loss: 0.6799 | LR: 1.87e-06
Epoch 24/25 | Batch 5080/8072 | Loss: 0.6800 | LR: 1.86e-06
Epoch 24/25 | Batch 5120/8072 | Loss: 0.6800 | LR: 1.86e-06
Epoch 24/25 | Batch 5160/8072 | Loss: 0.6798 | LR: 1.85e-06
Epoch 24/25 | Batch 5200/8072 | Loss: 0.6800 | LR: 1.85e-06
Epoch 24/25 | Batch 5240/8072 | Loss: 0.6798 | LR: 1.84e-06
Epoch 24/25 | Batch 5280/8072 | Loss: 0.6800 | LR: 1.83e-06
Epoch 24/25 | Batch 5320/8072 | Loss: 0.6801 | LR: 1.83e-06
Epoch 24/25 | Batch 5360/8072 | Loss: 0.6799 | LR: 1.82e-06
Epoch 24/25 | Batch 5400/8072 | Loss: 0.6804 | LR: 1.82e-06
Epoch 24/25 | Batch 5440/8072 | Loss: 0.6802 | LR: 1.81e-06
Epoch 24/25 | Batch 5480/8072 | Loss: 0.6806 | LR: 1.80e-06
Epoch 24/25 | Batch 5520/8072 | Loss: 0.6798 | LR: 1.80e-06
Epoch 24/25 | Batch 5560/8072 | Loss: 0.6799 | LR: 1.79e-06
Epoch 24/25 | Batch 5600/8072 | Loss: 0.6798 | LR: 1.79e-06
Epoch 24/25 | Batch 5640/8072 | Loss: 0.6803 | LR: 1.78e-06
Epoch 24/25 | Batch 5680/8072 | Loss: 0.6797 | LR: 1.77e-06
Epoch 24/25 | Batch 5720/8072 | Loss: 0.6800 | LR: 1.77e-06
Epoch 24/25 | Batch 5760/8072 | Loss: 0.6798 | LR: 1.76e-06
Epoch 24/25 | Batch 5800/8072 | Loss: 0.6798 | LR: 1.76e-06
Epoch 24/25 | Batch 5840/8072 | Loss: 0.6801 | LR: 1.75e-06
Epoch 24/25 | Batch 5880/8072 | Loss: 0.6798 | LR: 1.74e-06
Epoch 24/25 | Batch 5920/8072 | Loss: 0.6802 | LR: 1.74e-06
Epoch 24/25 | Batch 5960/8072 | Loss: 0.6801 | LR: 1.73e-06
Epoch 24/25 | Batch 6000/8072 | Loss: 0.6802 | LR: 1.73e-06
Epoch 24/25 | Batch 6040/8072 | Loss: 0.6799 | LR: 1.72e-06
Epoch 24/25 | Batch 6080/8072 | Loss: 0.6798 | LR: 1.72e-06
Epoch 24/25 | Batch 6120/8072 | Loss: 0.6798 | LR: 1.71e-06
Epoch 24/25 | Batch 6160/8072 | Loss: 0.6810 | LR: 1.70e-06
Epoch 24/25 | Batch 6200/8072 | Loss: 0.6804 | LR: 1.70e-06
Epoch 24/25 | Batch 6240/8072 | Loss: 0.6797 | LR: 1.69e-06
Epoch 24/25 | Batch 6280/8072 | Loss: 0.6809 | LR: 1.69e-06
Epoch 24/25 | Batch 6320/8072 | Loss: 0.6804 | LR: 1.68e-06
Epoch 24/25 | Batch 6360/8072 | Loss: 0.6802 | LR: 1.68e-06
Epoch 24/25 | Batch 6400/8072 | Loss: 0.6799 | LR: 1.67e-06
Epoch 24/25 | Batch 6440/8072 | Loss: 0.6800 | LR: 1.67e-06
Epoch 24/25 | Batch 6480/8072 | Loss: 0.6801 | LR: 1.66e-06
Epoch 24/25 | Batch 6520/8072 | Loss: 0.6798 | LR: 1.65e-06
Epoch 24/25 | Batch 6560/8072 | Loss: 0.6817 | LR: 1.65e-06
Epoch 24/25 | Batch 6600/8072 | Loss: 0.6802 | LR: 1.64e-06
Epoch 24/25 | Batch 6640/8072 | Loss: 0.6797 | LR: 1.64e-06
Epoch 24/25 | Batch 6680/8072 | Loss: 0.6800 | LR: 1.63e-06
Epoch 24/25 | Batch 6720/8072 | Loss: 0.6799 | LR: 1.63e-06
Epoch 24/25 | Batch 6760/8072 | Loss: 0.6799 | LR: 1.62e-06
Epoch 24/25 | Batch 6800/8072 | Loss: 0.6806 | LR: 1.62e-06
Epoch 24/25 | Batch 6840/8072 | Loss: 0.6803 | LR: 1.61e-06
Epoch 24/25 | Batch 6880/8072 | Loss: 0.6799 | LR: 1.61e-06
Epoch 24/25 | Batch 6920/8072 | Loss: 0.6798 | LR: 1.60e-06
Epoch 24/25 | Batch 6960/8072 | Loss: 0.6797 | LR: 1.60e-06
Epoch 24/25 | Batch 7000/8072 | Loss: 0.6801 | LR: 1.59e-06
Epoch 24/25 | Batch 7040/8072 | Loss: 0.6800 | LR: 1.59e-06
Epoch 24/25 | Batch 7080/8072 | Loss: 0.6799 | LR: 1.58e-06
Epoch 24/25 | Batch 7120/8072 | Loss: 0.6798 | LR: 1.58e-06
Epoch 24/25 | Batch 7160/8072 | Loss: 0.6798 | LR: 1.57e-06
Epoch 24/25 | Batch 7200/8072 | Loss: 0.6800 | LR: 1.57e-06
Epoch 24/25 | Batch 7240/8072 | Loss: 0.6800 | LR: 1.56e-06
Epoch 24/25 | Batch 7280/8072 | Loss: 0.6800 | LR: 1.56e-06
Epoch 24/25 | Batch 7320/8072 | Loss: 0.6802 | LR: 1.55e-06
Epoch 24/25 | Batch 7360/8072 | Loss: 0.6798 | LR: 1.55e-06
Epoch 24/25 | Batch 7400/8072 | Loss: 0.6799 | LR: 1.54e-06
Epoch 24/25 | Batch 7440/8072 | Loss: 0.6799 | LR: 1.54e-06
Epoch 24/25 | Batch 7480/8072 | Loss: 0.6799 | LR: 1.53e-06
Epoch 24/25 | Batch 7520/8072 | Loss: 0.6798 | LR: 1.53e-06
Epoch 24/25 | Batch 7560/8072 | Loss: 0.6802 | LR: 1.52e-06
Epoch 24/25 | Batch 7600/8072 | Loss: 0.6798 | LR: 1.52e-06
Epoch 24/25 | Batch 7640/8072 | Loss: 0.6799 | LR: 1.51e-06
Epoch 24/25 | Batch 7680/8072 | Loss: 0.6801 | LR: 1.51e-06
Epoch 24/25 | Batch 7720/8072 | Loss: 0.6798 | LR: 1.50e-06
Epoch 24/25 | Batch 7760/8072 | Loss: 0.6800 | LR: 1.50e-06
Epoch 24/25 | Batch 7800/8072 | Loss: 0.6802 | LR: 1.49e-06
Epoch 24/25 | Batch 7840/8072 | Loss: 0.6797 | LR: 1.49e-06
Epoch 24/25 | Batch 7880/8072 | Loss: 0.6799 | LR: 1.48e-06
Epoch 24/25 | Batch 7920/8072 | Loss: 0.6799 | LR: 1.48e-06
Epoch 24/25 | Batch 7960/8072 | Loss: 0.6797 | LR: 1.47e-06
Epoch 24/25 | Batch 8000/8072 | Loss: 0.6801 | LR: 1.47e-06
Epoch 24/25 | Batch 8040/8072 | Loss: 0.6810 | LR: 1.46e-06
  Sample - Pred: [34, 40, 20, 2, 23, 40, 31, 18, 40, 10, 3, 40, 20, 25, 21] | True: [34, 40, 20, 2, 23, 40, 29, 18, 40, 10, 3, 40, 20, 25, 9]

Epoch 24 Summary:
  Train Loss: 0.6800
  Val Loss: 0.6986
  PER: 0.1060
  Avg LR: 2.07e-06
------------------------------------------------------------
  ** New best model saved! PER: 0.1060
Epoch 25/25 | Batch 0/8072 | Loss: 0.6802 | LR: 1.46e-06
Epoch 25/25 | Batch 40/8072 | Loss: 0.6799 | LR: 1.46e-06
Epoch 25/25 | Batch 80/8072 | Loss: 0.6798 | LR: 1.45e-06
Epoch 25/25 | Batch 120/8072 | Loss: 0.6800 | LR: 1.45e-06
Epoch 25/25 | Batch 160/8072 | Loss: 0.6799 | LR: 1.44e-06
Epoch 25/25 | Batch 200/8072 | Loss: 0.6800 | LR: 1.44e-06
Epoch 25/25 | Batch 240/8072 | Loss: 0.6799 | LR: 1.43e-06
Epoch 25/25 | Batch 280/8072 | Loss: 0.6801 | LR: 1.43e-06
Epoch 25/25 | Batch 320/8072 | Loss: 0.6798 | LR: 1.43e-06
Epoch 25/25 | Batch 360/8072 | Loss: 0.6801 | LR: 1.42e-06
Epoch 25/25 | Batch 400/8072 | Loss: 0.6800 | LR: 1.42e-06
Epoch 25/25 | Batch 440/8072 | Loss: 0.6802 | LR: 1.41e-06
Epoch 25/25 | Batch 480/8072 | Loss: 0.6814 | LR: 1.41e-06
Epoch 25/25 | Batch 520/8072 | Loss: 0.6799 | LR: 1.40e-06
Epoch 25/25 | Batch 560/8072 | Loss: 0.6801 | LR: 1.40e-06
Epoch 25/25 | Batch 600/8072 | Loss: 0.6798 | LR: 1.40e-06
Epoch 25/25 | Batch 640/8072 | Loss: 0.6803 | LR: 1.39e-06
Epoch 25/25 | Batch 680/8072 | Loss: 0.6797 | LR: 1.39e-06
Epoch 25/25 | Batch 720/8072 | Loss: 0.6800 | LR: 1.38e-06
Epoch 25/25 | Batch 760/8072 | Loss: 0.6800 | LR: 1.38e-06
Epoch 25/25 | Batch 800/8072 | Loss: 0.6797 | LR: 1.37e-06
Epoch 25/25 | Batch 840/8072 | Loss: 0.6797 | LR: 1.37e-06
Epoch 25/25 | Batch 880/8072 | Loss: 0.6799 | LR: 1.37e-06
Epoch 25/25 | Batch 920/8072 | Loss: 0.6798 | LR: 1.36e-06
Epoch 25/25 | Batch 960/8072 | Loss: 0.6799 | LR: 1.36e-06
Epoch 25/25 | Batch 1000/8072 | Loss: 0.6797 | LR: 1.35e-06
Epoch 25/25 | Batch 1040/8072 | Loss: 0.6802 | LR: 1.35e-06
Epoch 25/25 | Batch 1080/8072 | Loss: 0.6798 | LR: 1.35e-06
Epoch 25/25 | Batch 1120/8072 | Loss: 0.6801 | LR: 1.34e-06
Epoch 25/25 | Batch 1160/8072 | Loss: 0.6799 | LR: 1.34e-06
Epoch 25/25 | Batch 1200/8072 | Loss: 0.6797 | LR: 1.33e-06
Epoch 25/25 | Batch 1240/8072 | Loss: 0.6798 | LR: 1.33e-06
Epoch 25/25 | Batch 1280/8072 | Loss: 0.6798 | LR: 1.33e-06
Epoch 25/25 | Batch 1320/8072 | Loss: 0.6806 | LR: 1.32e-06
Epoch 25/25 | Batch 1360/8072 | Loss: 0.6799 | LR: 1.32e-06
Epoch 25/25 | Batch 1400/8072 | Loss: 0.6800 | LR: 1.32e-06
Epoch 25/25 | Batch 1440/8072 | Loss: 0.6801 | LR: 1.31e-06
Epoch 25/25 | Batch 1480/8072 | Loss: 0.6799 | LR: 1.31e-06
Epoch 25/25 | Batch 1520/8072 | Loss: 0.6797 | LR: 1.30e-06
Epoch 25/25 | Batch 1560/8072 | Loss: 0.6801 | LR: 1.30e-06
Epoch 25/25 | Batch 1600/8072 | Loss: 0.6802 | LR: 1.30e-06
Epoch 25/25 | Batch 1640/8072 | Loss: 0.6801 | LR: 1.29e-06
Epoch 25/25 | Batch 1680/8072 | Loss: 0.6798 | LR: 1.29e-06
Epoch 25/25 | Batch 1720/8072 | Loss: 0.6800 | LR: 1.29e-06
Epoch 25/25 | Batch 1760/8072 | Loss: 0.6800 | LR: 1.28e-06
Epoch 25/25 | Batch 1800/8072 | Loss: 0.6798 | LR: 1.28e-06
Epoch 25/25 | Batch 1840/8072 | Loss: 0.6799 | LR: 1.27e-06
Epoch 25/25 | Batch 1880/8072 | Loss: 0.6798 | LR: 1.27e-06
Epoch 25/25 | Batch 1920/8072 | Loss: 0.6798 | LR: 1.27e-06
Epoch 25/25 | Batch 1960/8072 | Loss: 0.6799 | LR: 1.26e-06
Epoch 25/25 | Batch 2000/8072 | Loss: 0.6804 | LR: 1.26e-06
Epoch 25/25 | Batch 2040/8072 | Loss: 0.6798 | LR: 1.26e-06
Epoch 25/25 | Batch 2080/8072 | Loss: 0.6799 | LR: 1.25e-06
Epoch 25/25 | Batch 2120/8072 | Loss: 0.6802 | LR: 1.25e-06
Epoch 25/25 | Batch 2160/8072 | Loss: 0.6798 | LR: 1.25e-06
Epoch 25/25 | Batch 2200/8072 | Loss: 0.6800 | LR: 1.24e-06
Epoch 25/25 | Batch 2240/8072 | Loss: 0.6800 | LR: 1.24e-06
Epoch 25/25 | Batch 2280/8072 | Loss: 0.6802 | LR: 1.24e-06
Epoch 25/25 | Batch 2320/8072 | Loss: 0.6798 | LR: 1.23e-06
Epoch 25/25 | Batch 2360/8072 | Loss: 0.6799 | LR: 1.23e-06
Epoch 25/25 | Batch 2400/8072 | Loss: 0.6799 | LR: 1.23e-06
Epoch 25/25 | Batch 2440/8072 | Loss: 0.6799 | LR: 1.22e-06
Epoch 25/25 | Batch 2480/8072 | Loss: 0.6804 | LR: 1.22e-06
Epoch 25/25 | Batch 2520/8072 | Loss: 0.6798 | LR: 1.22e-06
Epoch 25/25 | Batch 2560/8072 | Loss: 0.6802 | LR: 1.22e-06
Epoch 25/25 | Batch 2600/8072 | Loss: 0.6801 | LR: 1.21e-06
Epoch 25/25 | Batch 2640/8072 | Loss: 0.6799 | LR: 1.21e-06
Epoch 25/25 | Batch 2680/8072 | Loss: 0.6800 | LR: 1.21e-06
Epoch 25/25 | Batch 2720/8072 | Loss: 0.6799 | LR: 1.20e-06
Epoch 25/25 | Batch 2760/8072 | Loss: 0.6799 | LR: 1.20e-06
Epoch 25/25 | Batch 2800/8072 | Loss: 0.6798 | LR: 1.20e-06
Epoch 25/25 | Batch 2840/8072 | Loss: 0.6800 | LR: 1.19e-06
Epoch 25/25 | Batch 2880/8072 | Loss: 0.6798 | LR: 1.19e-06
Epoch 25/25 | Batch 2920/8072 | Loss: 0.6798 | LR: 1.19e-06
Epoch 25/25 | Batch 2960/8072 | Loss: 0.6800 | LR: 1.19e-06
Epoch 25/25 | Batch 3000/8072 | Loss: 0.6797 | LR: 1.18e-06
Epoch 25/25 | Batch 3040/8072 | Loss: 0.6799 | LR: 1.18e-06
Epoch 25/25 | Batch 3080/8072 | Loss: 0.6800 | LR: 1.18e-06
Epoch 25/25 | Batch 3120/8072 | Loss: 0.6799 | LR: 1.17e-06
Epoch 25/25 | Batch 3160/8072 | Loss: 0.6798 | LR: 1.17e-06
Epoch 25/25 | Batch 3200/8072 | Loss: 0.6799 | LR: 1.17e-06
Epoch 25/25 | Batch 3240/8072 | Loss: 0.6798 | LR: 1.17e-06
Epoch 25/25 | Batch 3280/8072 | Loss: 0.6799 | LR: 1.16e-06
Epoch 25/25 | Batch 3320/8072 | Loss: 0.6798 | LR: 1.16e-06
Epoch 25/25 | Batch 3360/8072 | Loss: 0.6798 | LR: 1.16e-06
Epoch 25/25 | Batch 3400/8072 | Loss: 0.6802 | LR: 1.15e-06
Epoch 25/25 | Batch 3440/8072 | Loss: 0.6797 | LR: 1.15e-06
Epoch 25/25 | Batch 3480/8072 | Loss: 0.6801 | LR: 1.15e-06
Epoch 25/25 | Batch 3520/8072 | Loss: 0.6800 | LR: 1.15e-06
Epoch 25/25 | Batch 3560/8072 | Loss: 0.6798 | LR: 1.14e-06
Epoch 25/25 | Batch 3600/8072 | Loss: 0.6798 | LR: 1.14e-06
Epoch 25/25 | Batch 3640/8072 | Loss: 0.6800 | LR: 1.14e-06
Epoch 25/25 | Batch 3680/8072 | Loss: 0.6799 | LR: 1.14e-06
Epoch 25/25 | Batch 3720/8072 | Loss: 0.6798 | LR: 1.13e-06
Epoch 25/25 | Batch 3760/8072 | Loss: 0.6799 | LR: 1.13e-06
Epoch 25/25 | Batch 3800/8072 | Loss: 0.6800 | LR: 1.13e-06
Epoch 25/25 | Batch 3840/8072 | Loss: 0.6804 | LR: 1.13e-06
Epoch 25/25 | Batch 3880/8072 | Loss: 0.6800 | LR: 1.12e-06
Epoch 25/25 | Batch 3920/8072 | Loss: 0.6802 | LR: 1.12e-06
Epoch 25/25 | Batch 3960/8072 | Loss: 0.6798 | LR: 1.12e-06
Epoch 25/25 | Batch 4000/8072 | Loss: 0.6806 | LR: 1.12e-06
Epoch 25/25 | Batch 4040/8072 | Loss: 0.6801 | LR: 1.12e-06
Epoch 25/25 | Batch 4080/8072 | Loss: 0.6797 | LR: 1.11e-06
Epoch 25/25 | Batch 4120/8072 | Loss: 0.6799 | LR: 1.11e-06
Epoch 25/25 | Batch 4160/8072 | Loss: 0.6800 | LR: 1.11e-06
Epoch 25/25 | Batch 4200/8072 | Loss: 0.6799 | LR: 1.11e-06
Epoch 25/25 | Batch 4240/8072 | Loss: 0.6808 | LR: 1.10e-06
Epoch 25/25 | Batch 4280/8072 | Loss: 0.6799 | LR: 1.10e-06
Epoch 25/25 | Batch 4320/8072 | Loss: 0.6797 | LR: 1.10e-06
Epoch 25/25 | Batch 4360/8072 | Loss: 0.6803 | LR: 1.10e-06
Epoch 25/25 | Batch 4400/8072 | Loss: 0.6803 | LR: 1.10e-06
Epoch 25/25 | Batch 4440/8072 | Loss: 0.6798 | LR: 1.09e-06
Epoch 25/25 | Batch 4480/8072 | Loss: 0.6798 | LR: 1.09e-06
Epoch 25/25 | Batch 4520/8072 | Loss: 0.6798 | LR: 1.09e-06
Epoch 25/25 | Batch 4560/8072 | Loss: 0.6800 | LR: 1.09e-06
Epoch 25/25 | Batch 4600/8072 | Loss: 0.6800 | LR: 1.09e-06
Epoch 25/25 | Batch 4640/8072 | Loss: 0.6799 | LR: 1.08e-06
Epoch 25/25 | Batch 4680/8072 | Loss: 0.6798 | LR: 1.08e-06
Epoch 25/25 | Batch 4720/8072 | Loss: 0.6802 | LR: 1.08e-06
Epoch 25/25 | Batch 4760/8072 | Loss: 0.6801 | LR: 1.08e-06
Epoch 25/25 | Batch 4800/8072 | Loss: 0.6797 | LR: 1.08e-06
Epoch 25/25 | Batch 4840/8072 | Loss: 0.6799 | LR: 1.07e-06
Epoch 25/25 | Batch 4880/8072 | Loss: 0.6799 | LR: 1.07e-06
Epoch 25/25 | Batch 4920/8072 | Loss: 0.6800 | LR: 1.07e-06
Epoch 25/25 | Batch 4960/8072 | Loss: 0.6798 | LR: 1.07e-06
Epoch 25/25 | Batch 5000/8072 | Loss: 0.6798 | LR: 1.07e-06
Epoch 25/25 | Batch 5040/8072 | Loss: 0.6798 | LR: 1.07e-06
Epoch 25/25 | Batch 5080/8072 | Loss: 0.6805 | LR: 1.06e-06
Epoch 25/25 | Batch 5120/8072 | Loss: 0.6802 | LR: 1.06e-06
Epoch 25/25 | Batch 5160/8072 | Loss: 0.6799 | LR: 1.06e-06
Epoch 25/25 | Batch 5200/8072 | Loss: 0.6797 | LR: 1.06e-06
Epoch 25/25 | Batch 5240/8072 | Loss: 0.6800 | LR: 1.06e-06
Epoch 25/25 | Batch 5280/8072 | Loss: 0.6799 | LR: 1.06e-06
Epoch 25/25 | Batch 5320/8072 | Loss: 0.6799 | LR: 1.05e-06
Epoch 25/25 | Batch 5360/8072 | Loss: 0.6800 | LR: 1.05e-06
Epoch 25/25 | Batch 5400/8072 | Loss: 0.6801 | LR: 1.05e-06
Epoch 25/25 | Batch 5440/8072 | Loss: 0.6797 | LR: 1.05e-06
Epoch 25/25 | Batch 5480/8072 | Loss: 0.6802 | LR: 1.05e-06
Epoch 25/25 | Batch 5520/8072 | Loss: 0.6797 | LR: 1.05e-06
Epoch 25/25 | Batch 5560/8072 | Loss: 0.6799 | LR: 1.04e-06
Epoch 25/25 | Batch 5600/8072 | Loss: 0.6797 | LR: 1.04e-06
Epoch 25/25 | Batch 5640/8072 | Loss: 0.6797 | LR: 1.04e-06
Epoch 25/25 | Batch 5680/8072 | Loss: 0.6802 | LR: 1.04e-06
Epoch 25/25 | Batch 5720/8072 | Loss: 0.6799 | LR: 1.04e-06
Epoch 25/25 | Batch 5760/8072 | Loss: 0.6799 | LR: 1.04e-06
Epoch 25/25 | Batch 5800/8072 | Loss: 0.6804 | LR: 1.04e-06
Epoch 25/25 | Batch 5840/8072 | Loss: 0.6799 | LR: 1.04e-06
Epoch 25/25 | Batch 5880/8072 | Loss: 0.6799 | LR: 1.03e-06
Epoch 25/25 | Batch 5920/8072 | Loss: 0.6802 | LR: 1.03e-06
Epoch 25/25 | Batch 5960/8072 | Loss: 0.6811 | LR: 1.03e-06
Epoch 25/25 | Batch 6000/8072 | Loss: 0.6797 | LR: 1.03e-06
Epoch 25/25 | Batch 6040/8072 | Loss: 0.6801 | LR: 1.03e-06
Epoch 25/25 | Batch 6080/8072 | Loss: 0.6800 | LR: 1.03e-06
Epoch 25/25 | Batch 6120/8072 | Loss: 0.6799 | LR: 1.03e-06
Epoch 25/25 | Batch 6160/8072 | Loss: 0.6802 | LR: 1.03e-06
Epoch 25/25 | Batch 6200/8072 | Loss: 0.6798 | LR: 1.02e-06
Epoch 25/25 | Batch 6240/8072 | Loss: 0.6799 | LR: 1.02e-06
Epoch 25/25 | Batch 6280/8072 | Loss: 0.6799 | LR: 1.02e-06
Epoch 25/25 | Batch 6320/8072 | Loss: 0.6798 | LR: 1.02e-06
Epoch 25/25 | Batch 6360/8072 | Loss: 0.6798 | LR: 1.02e-06
Epoch 25/25 | Batch 6400/8072 | Loss: 0.6800 | LR: 1.02e-06
Epoch 25/25 | Batch 6440/8072 | Loss: 0.6797 | LR: 1.02e-06
Epoch 25/25 | Batch 6480/8072 | Loss: 0.6799 | LR: 1.02e-06
Epoch 25/25 | Batch 6520/8072 | Loss: 0.6800 | LR: 1.02e-06
Epoch 25/25 | Batch 6560/8072 | Loss: 0.6797 | LR: 1.02e-06
Epoch 25/25 | Batch 6600/8072 | Loss: 0.6800 | LR: 1.02e-06
Epoch 25/25 | Batch 6640/8072 | Loss: 0.6800 | LR: 1.01e-06
Epoch 25/25 | Batch 6680/8072 | Loss: 0.6797 | LR: 1.01e-06
Epoch 25/25 | Batch 6720/8072 | Loss: 0.6805 | LR: 1.01e-06
Epoch 25/25 | Batch 6760/8072 | Loss: 0.6801 | LR: 1.01e-06
Epoch 25/25 | Batch 6800/8072 | Loss: 0.6801 | LR: 1.01e-06
Epoch 25/25 | Batch 6840/8072 | Loss: 0.6799 | LR: 1.01e-06
Epoch 25/25 | Batch 6880/8072 | Loss: 0.6799 | LR: 1.01e-06
Epoch 25/25 | Batch 6920/8072 | Loss: 0.6799 | LR: 1.01e-06
Epoch 25/25 | Batch 6960/8072 | Loss: 0.6801 | LR: 1.01e-06
Epoch 25/25 | Batch 7000/8072 | Loss: 0.6799 | LR: 1.01e-06
Epoch 25/25 | Batch 7040/8072 | Loss: 0.6799 | LR: 1.01e-06
Epoch 25/25 | Batch 7080/8072 | Loss: 0.6801 | LR: 1.01e-06
Epoch 25/25 | Batch 7120/8072 | Loss: 0.6801 | LR: 1.01e-06
Epoch 25/25 | Batch 7160/8072 | Loss: 0.6801 | LR: 1.01e-06
Epoch 25/25 | Batch 7200/8072 | Loss: 0.6799 | LR: 1.01e-06
Epoch 25/25 | Batch 7240/8072 | Loss: 0.6799 | LR: 1.00e-06
Epoch 25/25 | Batch 7280/8072 | Loss: 0.6797 | LR: 1.00e-06
Epoch 25/25 | Batch 7320/8072 | Loss: 0.6799 | LR: 1.00e-06
Epoch 25/25 | Batch 7360/8072 | Loss: 0.6805 | LR: 1.00e-06
Epoch 25/25 | Batch 7400/8072 | Loss: 0.6797 | LR: 1.00e-06
Epoch 25/25 | Batch 7440/8072 | Loss: 0.6800 | LR: 1.00e-06
Epoch 25/25 | Batch 7480/8072 | Loss: 0.6801 | LR: 1.00e-06
Epoch 25/25 | Batch 7520/8072 | Loss: 0.6797 | LR: 1.00e-06
Epoch 25/25 | Batch 7560/8072 | Loss: 0.6797 | LR: 1.00e-06
Epoch 25/25 | Batch 7600/8072 | Loss: 0.6804 | LR: 1.00e-06
Epoch 25/25 | Batch 7640/8072 | Loss: 0.6798 | LR: 1.00e-06
Epoch 25/25 | Batch 7680/8072 | Loss: 0.6798 | LR: 1.00e-06
Epoch 25/25 | Batch 7720/8072 | Loss: 0.6812 | LR: 1.00e-06
Epoch 25/25 | Batch 7760/8072 | Loss: 0.6798 | LR: 1.00e-06
Epoch 25/25 | Batch 7800/8072 | Loss: 0.6797 | LR: 1.00e-06
Epoch 25/25 | Batch 7840/8072 | Loss: 0.6798 | LR: 1.00e-06
Epoch 25/25 | Batch 7880/8072 | Loss: 0.6800 | LR: 1.00e-06
Epoch 25/25 | Batch 7920/8072 | Loss: 0.6805 | LR: 1.00e-06
Epoch 25/25 | Batch 7960/8072 | Loss: 0.6797 | LR: 1.00e-06
Epoch 25/25 | Batch 8000/8072 | Loss: 0.6801 | LR: 1.00e-06
Epoch 25/25 | Batch 8040/8072 | Loss: 0.6797 | LR: 1.00e-06
  Sample - Pred: [34, 40, 20, 2, 23, 40, 31, 18, 40, 10, 3, 40, 20, 25, 21] | True: [34, 40, 20, 2, 23, 40, 29, 18, 40, 10, 3, 40, 20, 25, 9]

Epoch 25 Summary:
  Train Loss: 0.6800
  Val Loss: 0.6985
  PER: 0.1056
  Avg LR: 1.15e-06
------------------------------------------------------------
  ** New best model saved! PER: 0.1056

============================================================
Training Complete!
Best PER: 0.1056 (Epoch 25)
Models saved to: /outputs/exp10_d896_b1_20251128_043602
