============================================================
Brain-to-Text Transformer Training
============================================================
PyTorch version: 2.1.0+cu121
CUDA available: True
CUDA version: 12.1
GPU: NVIDIA GeForce RTX 3080
============================================================

Configuration:
  data_dir: /data/t15_copyTask_neuralData/hdf5_data_final
  output_dir: /outputs/exp06_d512_lr5e5_20251128_043602
  max_days: 45
  d_model: 512
  epochs: 40
  batch_size: 4
  lr: 5e-05
  num_workers: 2
  warmup_epochs: 2
  patience: 10
  min_delta: 0.001
  resume: False
  cuda: True
  log_interval: 40
  save_interval: 1
============================================================
Using CUDA: NVIDIA GeForce RTX 3080
CUDA Memory: 10.74 GB
TF32 enabled for faster matrix operations
TensorBoard logs: /outputs/exp06_d512_lr5e5_20251128_043602/tensorboard

Loading data from: /data/t15_copyTask_neuralData/hdf5_data_final
Loaded 8072 trials from 45 days (train)

Label distribution (train):
  0 (BLANK): 3821756 (94.7%)
  1 (AA): 3403 (0.1%)
  2 (AE): 4373 (0.1%)
  3 (AH): 12662 (0.3%)
  4 (AO): 2341 (0.1%)
  5 (AW): 1316 (0.0%)
  6 (AY): 5337 (0.1%)
  7 (B): 2593 (0.1%)
  8 (CH): 736 (0.0%)
  9 (D): 6260 (0.2%)
  ... (41 unique labels total)
Found 41 validation files (some sessions may not have val data)
Loaded 1426 trials from 41 days (val)

Label distribution (val):
  0 (BLANK): 671608 (94.2%)
  1 (AA): 661 (0.1%)
  2 (AE): 772 (0.1%)
  3 (AH): 2705 (0.4%)
  4 (AO): 544 (0.1%)
  5 (AW): 226 (0.0%)
  6 (AY): 809 (0.1%)
  7 (B): 468 (0.1%)
  8 (CH): 167 (0.0%)
  9 (D): 1274 (0.2%)
  ... (41 unique labels total)

Creating model with d_model=512, 45 days
/usr/local/lib/python3.10/dist-packages/torch/nn/modules/transformer.py:282: UserWarning: enable_nested_tensor is True, but self.use_nested_tensor is False because encoder_layer.norm_first was True
  warnings.warn(f"enable_nested_tensor is True, but self.use_nested_tensor is False because {why_not_sparsity_fast_path}")
Applied Xavier initialization to all layers
Total parameters: 29,755,433
Trainable parameters: 29,755,433
LR Scheduler: 4036 warmup steps, 80720 total steps
Early stopping: patience=10, min_delta=0.001

Starting training for 40 epochs...
============================================================
Epoch 1/40 | Batch 0/2018 | Loss: 4.2003 | LR: 0.00e+00
Epoch 1/40 | Batch 40/2018 | Loss: 1.0768 | LR: 4.96e-07
Epoch 1/40 | Batch 80/2018 | Loss: 0.8824 | LR: 9.91e-07
Epoch 1/40 | Batch 120/2018 | Loss: 0.8484 | LR: 1.49e-06
Epoch 1/40 | Batch 160/2018 | Loss: 0.8369 | LR: 1.98e-06
Epoch 1/40 | Batch 200/2018 | Loss: 0.8695 | LR: 2.48e-06
Epoch 1/40 | Batch 240/2018 | Loss: 0.8225 | LR: 2.97e-06
Epoch 1/40 | Batch 280/2018 | Loss: 0.8784 | LR: 3.47e-06
Epoch 1/40 | Batch 320/2018 | Loss: 0.8030 | LR: 3.96e-06
Epoch 1/40 | Batch 360/2018 | Loss: 0.8218 | LR: 4.46e-06
Epoch 1/40 | Batch 400/2018 | Loss: 0.7988 | LR: 4.96e-06
Epoch 1/40 | Batch 440/2018 | Loss: 0.8361 | LR: 5.45e-06
Epoch 1/40 | Batch 480/2018 | Loss: 0.7886 | LR: 5.95e-06
Epoch 1/40 | Batch 520/2018 | Loss: 0.8118 | LR: 6.44e-06
Epoch 1/40 | Batch 560/2018 | Loss: 0.8005 | LR: 6.94e-06
Epoch 1/40 | Batch 600/2018 | Loss: 0.7769 | LR: 7.43e-06
Epoch 1/40 | Batch 640/2018 | Loss: 0.8146 | LR: 7.93e-06
Epoch 1/40 | Batch 680/2018 | Loss: 0.7749 | LR: 8.42e-06
Epoch 1/40 | Batch 720/2018 | Loss: 0.7930 | LR: 8.92e-06
Epoch 1/40 | Batch 760/2018 | Loss: 0.7867 | LR: 9.42e-06
Epoch 1/40 | Batch 800/2018 | Loss: 0.7811 | LR: 9.91e-06
Epoch 1/40 | Batch 840/2018 | Loss: 0.8139 | LR: 1.04e-05
Epoch 1/40 | Batch 880/2018 | Loss: 0.8163 | LR: 1.09e-05
Epoch 1/40 | Batch 920/2018 | Loss: 0.7959 | LR: 1.14e-05
Epoch 1/40 | Batch 960/2018 | Loss: 0.7924 | LR: 1.19e-05
Epoch 1/40 | Batch 1000/2018 | Loss: 0.8020 | LR: 1.24e-05
Epoch 1/40 | Batch 1040/2018 | Loss: 0.7995 | LR: 1.29e-05
Epoch 1/40 | Batch 1080/2018 | Loss: 0.7741 | LR: 1.34e-05
Epoch 1/40 | Batch 1120/2018 | Loss: 0.7653 | LR: 1.39e-05
Epoch 1/40 | Batch 1160/2018 | Loss: 0.8172 | LR: 1.44e-05
Epoch 1/40 | Batch 1200/2018 | Loss: 0.7768 | LR: 1.49e-05
Epoch 1/40 | Batch 1240/2018 | Loss: 0.7860 | LR: 1.54e-05
Epoch 1/40 | Batch 1280/2018 | Loss: 0.8066 | LR: 1.59e-05
Epoch 1/40 | Batch 1320/2018 | Loss: 0.7742 | LR: 1.64e-05
Epoch 1/40 | Batch 1360/2018 | Loss: 0.8094 | LR: 1.68e-05
Epoch 1/40 | Batch 1400/2018 | Loss: 0.7670 | LR: 1.73e-05
Epoch 1/40 | Batch 1440/2018 | Loss: 0.7718 | LR: 1.78e-05
Epoch 1/40 | Batch 1480/2018 | Loss: 0.8083 | LR: 1.83e-05
Epoch 1/40 | Batch 1520/2018 | Loss: 0.7981 | LR: 1.88e-05
Epoch 1/40 | Batch 1560/2018 | Loss: 0.7702 | LR: 1.93e-05
Epoch 1/40 | Batch 1600/2018 | Loss: 0.8053 | LR: 1.98e-05
Epoch 1/40 | Batch 1640/2018 | Loss: 0.7681 | LR: 2.03e-05
Epoch 1/40 | Batch 1680/2018 | Loss: 0.7752 | LR: 2.08e-05
Epoch 1/40 | Batch 1720/2018 | Loss: 0.7328 | LR: 2.13e-05
Epoch 1/40 | Batch 1760/2018 | Loss: 0.7870 | LR: 2.18e-05
Epoch 1/40 | Batch 1800/2018 | Loss: 0.8003 | LR: 2.23e-05
Epoch 1/40 | Batch 1840/2018 | Loss: 0.7849 | LR: 2.28e-05
Epoch 1/40 | Batch 1880/2018 | Loss: 0.7427 | LR: 2.33e-05
Epoch 1/40 | Batch 1920/2018 | Loss: 0.7883 | LR: 2.38e-05
Epoch 1/40 | Batch 1960/2018 | Loss: 0.7540 | LR: 2.43e-05
Epoch 1/40 | Batch 2000/2018 | Loss: 0.7712 | LR: 2.48e-05
  Sample - Pred: [34, 40, 16, 2, 23, 40, 3, 40, 3, 2, 40, 31, 2, 40, 3] | True: [34, 40, 20, 2, 23, 40, 29, 18, 40, 10, 3, 40, 20, 25, 9]

Epoch 1 Summary:
  Train Loss: 0.8130
  Val Loss: 0.7864
  PER: 0.6081
  Avg LR: 1.25e-05
------------------------------------------------------------
  ** New best model saved! PER: 0.6081
Epoch 2/40 | Batch 0/2018 | Loss: 0.7931 | LR: 2.50e-05
Epoch 2/40 | Batch 40/2018 | Loss: 0.7743 | LR: 2.55e-05
Epoch 2/40 | Batch 80/2018 | Loss: 0.7555 | LR: 2.60e-05
Epoch 2/40 | Batch 120/2018 | Loss: 0.7606 | LR: 2.65e-05
Epoch 2/40 | Batch 160/2018 | Loss: 0.7387 | LR: 2.70e-05
Epoch 2/40 | Batch 200/2018 | Loss: 0.7632 | LR: 2.75e-05
Epoch 2/40 | Batch 240/2018 | Loss: 0.7715 | LR: 2.80e-05
Epoch 2/40 | Batch 280/2018 | Loss: 0.7634 | LR: 2.85e-05
Epoch 2/40 | Batch 320/2018 | Loss: 0.8149 | LR: 2.90e-05
Epoch 2/40 | Batch 360/2018 | Loss: 0.7806 | LR: 2.95e-05
Epoch 2/40 | Batch 400/2018 | Loss: 0.7357 | LR: 3.00e-05
Epoch 2/40 | Batch 440/2018 | Loss: 0.7837 | LR: 3.05e-05
Epoch 2/40 | Batch 480/2018 | Loss: 0.8003 | LR: 3.09e-05
Epoch 2/40 | Batch 520/2018 | Loss: 0.7806 | LR: 3.14e-05
Epoch 2/40 | Batch 560/2018 | Loss: 0.7771 | LR: 3.19e-05
Epoch 2/40 | Batch 600/2018 | Loss: 0.7578 | LR: 3.24e-05
Epoch 2/40 | Batch 640/2018 | Loss: 0.7536 | LR: 3.29e-05
Epoch 2/40 | Batch 680/2018 | Loss: 0.7716 | LR: 3.34e-05
Epoch 2/40 | Batch 720/2018 | Loss: 0.7682 | LR: 3.39e-05
Epoch 2/40 | Batch 760/2018 | Loss: 0.8051 | LR: 3.44e-05
Epoch 2/40 | Batch 800/2018 | Loss: 0.8020 | LR: 3.49e-05
Epoch 2/40 | Batch 840/2018 | Loss: 0.7633 | LR: 3.54e-05
Epoch 2/40 | Batch 880/2018 | Loss: 0.7963 | LR: 3.59e-05
Epoch 2/40 | Batch 920/2018 | Loss: 0.7517 | LR: 3.64e-05
Epoch 2/40 | Batch 960/2018 | Loss: 0.7944 | LR: 3.69e-05
Epoch 2/40 | Batch 1000/2018 | Loss: 0.7730 | LR: 3.74e-05
Epoch 2/40 | Batch 1040/2018 | Loss: 0.7799 | LR: 3.79e-05
Epoch 2/40 | Batch 1080/2018 | Loss: 0.7738 | LR: 3.84e-05
Epoch 2/40 | Batch 1120/2018 | Loss: 0.7465 | LR: 3.89e-05
Epoch 2/40 | Batch 1160/2018 | Loss: 0.7904 | LR: 3.94e-05
Epoch 2/40 | Batch 1200/2018 | Loss: 0.7529 | LR: 3.99e-05
Epoch 2/40 | Batch 1240/2018 | Loss: 0.7573 | LR: 4.04e-05
Epoch 2/40 | Batch 1280/2018 | Loss: 0.7774 | LR: 4.09e-05
Epoch 2/40 | Batch 1320/2018 | Loss: 0.7356 | LR: 4.14e-05
Epoch 2/40 | Batch 1360/2018 | Loss: 0.7414 | LR: 4.18e-05
Epoch 2/40 | Batch 1400/2018 | Loss: 0.8044 | LR: 4.23e-05
Epoch 2/40 | Batch 1440/2018 | Loss: 0.7791 | LR: 4.28e-05
Epoch 2/40 | Batch 1480/2018 | Loss: 0.7789 | LR: 4.33e-05
Epoch 2/40 | Batch 1520/2018 | Loss: 0.7509 | LR: 4.38e-05
Epoch 2/40 | Batch 1560/2018 | Loss: 0.7999 | LR: 4.43e-05
Epoch 2/40 | Batch 1600/2018 | Loss: 0.7563 | LR: 4.48e-05
Epoch 2/40 | Batch 1640/2018 | Loss: 0.7508 | LR: 4.53e-05
Epoch 2/40 | Batch 1680/2018 | Loss: 0.7587 | LR: 4.58e-05
Epoch 2/40 | Batch 1720/2018 | Loss: 0.7830 | LR: 4.63e-05
Epoch 2/40 | Batch 1760/2018 | Loss: 0.7252 | LR: 4.68e-05
Epoch 2/40 | Batch 1800/2018 | Loss: 0.7388 | LR: 4.73e-05
Epoch 2/40 | Batch 1840/2018 | Loss: 0.7642 | LR: 4.78e-05
Epoch 2/40 | Batch 1880/2018 | Loss: 0.7414 | LR: 4.83e-05
Epoch 2/40 | Batch 1920/2018 | Loss: 0.7416 | LR: 4.88e-05
Epoch 2/40 | Batch 1960/2018 | Loss: 0.7862 | LR: 4.93e-05
Epoch 2/40 | Batch 2000/2018 | Loss: 0.7492 | LR: 4.98e-05
  Sample - Pred: [34, 40, 16, 2, 23, 40, 17, 18, 40, 17, 2, 40, 16, 2, 23] | True: [34, 40, 20, 2, 23, 40, 29, 18, 40, 10, 3, 40, 20, 25, 9]

Epoch 2 Summary:
  Train Loss: 0.7647
  Val Loss: 0.7665
  PER: 0.4984
  Avg LR: 3.75e-05
------------------------------------------------------------
  ** New best model saved! PER: 0.4984
Epoch 3/40 | Batch 0/2018 | Loss: 0.7513 | LR: 5.00e-05
Epoch 3/40 | Batch 40/2018 | Loss: 0.7703 | LR: 5.00e-05
Epoch 3/40 | Batch 80/2018 | Loss: 0.7521 | LR: 5.00e-05
Epoch 3/40 | Batch 120/2018 | Loss: 0.7399 | LR: 5.00e-05
Epoch 3/40 | Batch 160/2018 | Loss: 0.7758 | LR: 5.00e-05
Epoch 3/40 | Batch 200/2018 | Loss: 0.7622 | LR: 5.00e-05
Epoch 3/40 | Batch 240/2018 | Loss: 0.7589 | LR: 5.00e-05
Epoch 3/40 | Batch 280/2018 | Loss: 0.7404 | LR: 5.00e-05
Epoch 3/40 | Batch 320/2018 | Loss: 0.7359 | LR: 5.00e-05
Epoch 3/40 | Batch 360/2018 | Loss: 0.7762 | LR: 5.00e-05
Epoch 3/40 | Batch 400/2018 | Loss: 0.7508 | LR: 5.00e-05
Epoch 3/40 | Batch 440/2018 | Loss: 0.7381 | LR: 5.00e-05
Epoch 3/40 | Batch 480/2018 | Loss: 0.7565 | LR: 5.00e-05
Epoch 3/40 | Batch 520/2018 | Loss: 0.7481 | LR: 5.00e-05
Epoch 3/40 | Batch 560/2018 | Loss: 0.7717 | LR: 5.00e-05
Epoch 3/40 | Batch 600/2018 | Loss: 0.7950 | LR: 5.00e-05
Epoch 3/40 | Batch 640/2018 | Loss: 0.7327 | LR: 5.00e-05
Epoch 3/40 | Batch 680/2018 | Loss: 0.7400 | LR: 5.00e-05
Epoch 3/40 | Batch 720/2018 | Loss: 0.7201 | LR: 5.00e-05
Epoch 3/40 | Batch 760/2018 | Loss: 0.7415 | LR: 5.00e-05
Epoch 3/40 | Batch 800/2018 | Loss: 0.7487 | LR: 5.00e-05
Epoch 3/40 | Batch 840/2018 | Loss: 0.7222 | LR: 5.00e-05
Epoch 3/40 | Batch 880/2018 | Loss: 0.7378 | LR: 5.00e-05
Epoch 3/40 | Batch 920/2018 | Loss: 0.7453 | LR: 5.00e-05
Epoch 3/40 | Batch 960/2018 | Loss: 0.7531 | LR: 5.00e-05
Epoch 3/40 | Batch 1000/2018 | Loss: 0.7386 | LR: 5.00e-05
Epoch 3/40 | Batch 1040/2018 | Loss: 0.7688 | LR: 5.00e-05
Epoch 3/40 | Batch 1080/2018 | Loss: 0.7614 | LR: 5.00e-05
Epoch 3/40 | Batch 1120/2018 | Loss: 0.7443 | LR: 5.00e-05
Epoch 3/40 | Batch 1160/2018 | Loss: 0.7422 | LR: 5.00e-05
Epoch 3/40 | Batch 1200/2018 | Loss: 0.7307 | LR: 5.00e-05
Epoch 3/40 | Batch 1240/2018 | Loss: 0.7406 | LR: 5.00e-05
Epoch 3/40 | Batch 1280/2018 | Loss: 0.7662 | LR: 5.00e-05
Epoch 3/40 | Batch 1320/2018 | Loss: 0.7208 | LR: 5.00e-05
Epoch 3/40 | Batch 1360/2018 | Loss: 0.7745 | LR: 5.00e-05
Epoch 3/40 | Batch 1400/2018 | Loss: 0.7367 | LR: 5.00e-05
Epoch 3/40 | Batch 1440/2018 | Loss: 0.7342 | LR: 5.00e-05
Epoch 3/40 | Batch 1480/2018 | Loss: 0.7641 | LR: 5.00e-05
Epoch 3/40 | Batch 1520/2018 | Loss: 0.7569 | LR: 5.00e-05
Epoch 3/40 | Batch 1560/2018 | Loss: 0.7406 | LR: 4.99e-05
Epoch 3/40 | Batch 1600/2018 | Loss: 0.7431 | LR: 4.99e-05
Epoch 3/40 | Batch 1640/2018 | Loss: 0.7426 | LR: 4.99e-05
Epoch 3/40 | Batch 1680/2018 | Loss: 0.7387 | LR: 4.99e-05
Epoch 3/40 | Batch 1720/2018 | Loss: 0.7494 | LR: 4.99e-05
Epoch 3/40 | Batch 1760/2018 | Loss: 0.7182 | LR: 4.99e-05
Epoch 3/40 | Batch 1800/2018 | Loss: 0.7128 | LR: 4.99e-05
Epoch 3/40 | Batch 1840/2018 | Loss: 0.7386 | LR: 4.99e-05
Epoch 3/40 | Batch 1880/2018 | Loss: 0.7424 | LR: 4.99e-05
Epoch 3/40 | Batch 1920/2018 | Loss: 0.7405 | LR: 4.99e-05
Epoch 3/40 | Batch 1960/2018 | Loss: 0.7475 | LR: 4.99e-05
Epoch 3/40 | Batch 2000/2018 | Loss: 0.7213 | LR: 4.99e-05
  Sample - Pred: [34, 40, 16, 2, 23, 40, 10, 18, 40, 16, 3, 40, 16, 2, 23] | True: [34, 40, 20, 2, 23, 40, 29, 18, 40, 10, 3, 40, 20, 25, 9]

Epoch 3 Summary:
  Train Loss: 0.7439
  Val Loss: 0.7488
  PER: 0.4064
  Avg LR: 5.00e-05
------------------------------------------------------------
  ** New best model saved! PER: 0.4064
Epoch 4/40 | Batch 0/2018 | Loss: 0.7049 | LR: 4.99e-05
Epoch 4/40 | Batch 40/2018 | Loss: 0.7141 | LR: 4.99e-05
Epoch 4/40 | Batch 80/2018 | Loss: 0.7332 | LR: 4.99e-05
Epoch 4/40 | Batch 120/2018 | Loss: 0.7504 | LR: 4.99e-05
Epoch 4/40 | Batch 160/2018 | Loss: 0.7054 | LR: 4.99e-05
Epoch 4/40 | Batch 200/2018 | Loss: 0.7340 | LR: 4.99e-05
Epoch 4/40 | Batch 240/2018 | Loss: 0.7225 | LR: 4.99e-05
Epoch 4/40 | Batch 280/2018 | Loss: 0.7443 | LR: 4.99e-05
Epoch 4/40 | Batch 320/2018 | Loss: 0.7213 | LR: 4.99e-05
Epoch 4/40 | Batch 360/2018 | Loss: 0.7527 | LR: 4.99e-05
Epoch 4/40 | Batch 400/2018 | Loss: 0.7299 | LR: 4.99e-05
Epoch 4/40 | Batch 440/2018 | Loss: 0.7432 | LR: 4.99e-05
Epoch 4/40 | Batch 480/2018 | Loss: 0.7246 | LR: 4.99e-05
Epoch 4/40 | Batch 520/2018 | Loss: 0.7177 | LR: 4.99e-05
Epoch 4/40 | Batch 560/2018 | Loss: 0.7398 | LR: 4.99e-05
Epoch 4/40 | Batch 600/2018 | Loss: 0.7110 | LR: 4.99e-05
Epoch 4/40 | Batch 640/2018 | Loss: 0.7375 | LR: 4.99e-05
Epoch 4/40 | Batch 680/2018 | Loss: 0.7145 | LR: 4.98e-05
Epoch 4/40 | Batch 720/2018 | Loss: 0.7325 | LR: 4.98e-05
Epoch 4/40 | Batch 760/2018 | Loss: 0.7398 | LR: 4.98e-05
Epoch 4/40 | Batch 800/2018 | Loss: 0.7167 | LR: 4.98e-05
Epoch 4/40 | Batch 840/2018 | Loss: 0.7532 | LR: 4.98e-05
Epoch 4/40 | Batch 880/2018 | Loss: 0.7380 | LR: 4.98e-05
Epoch 4/40 | Batch 920/2018 | Loss: 0.7223 | LR: 4.98e-05
Epoch 4/40 | Batch 960/2018 | Loss: 0.7324 | LR: 4.98e-05
Epoch 4/40 | Batch 1000/2018 | Loss: 0.7284 | LR: 4.98e-05
Epoch 4/40 | Batch 1040/2018 | Loss: 0.7363 | LR: 4.98e-05
Epoch 4/40 | Batch 1080/2018 | Loss: 0.7024 | LR: 4.98e-05
Epoch 4/40 | Batch 1120/2018 | Loss: 0.7225 | LR: 4.98e-05
Epoch 4/40 | Batch 1160/2018 | Loss: 0.7466 | LR: 4.98e-05
Epoch 4/40 | Batch 1200/2018 | Loss: 0.7358 | LR: 4.98e-05
Epoch 4/40 | Batch 1240/2018 | Loss: 0.7355 | LR: 4.98e-05
Epoch 4/40 | Batch 1280/2018 | Loss: 0.7172 | LR: 4.98e-05
Epoch 4/40 | Batch 1320/2018 | Loss: 0.7217 | LR: 4.98e-05
Epoch 4/40 | Batch 1360/2018 | Loss: 0.7206 | LR: 4.98e-05
Epoch 4/40 | Batch 1400/2018 | Loss: 0.7218 | LR: 4.98e-05
Epoch 4/40 | Batch 1440/2018 | Loss: 0.7396 | LR: 4.98e-05
Epoch 4/40 | Batch 1480/2018 | Loss: 0.7197 | LR: 4.97e-05
Epoch 4/40 | Batch 1520/2018 | Loss: 0.7587 | LR: 4.97e-05
Epoch 4/40 | Batch 1560/2018 | Loss: 0.7130 | LR: 4.97e-05
Epoch 4/40 | Batch 1600/2018 | Loss: 0.7381 | LR: 4.97e-05
Epoch 4/40 | Batch 1640/2018 | Loss: 0.7350 | LR: 4.97e-05
Epoch 4/40 | Batch 1680/2018 | Loss: 0.7081 | LR: 4.97e-05
Epoch 4/40 | Batch 1720/2018 | Loss: 0.7175 | LR: 4.97e-05
Epoch 4/40 | Batch 1760/2018 | Loss: 0.7284 | LR: 4.97e-05
Epoch 4/40 | Batch 1800/2018 | Loss: 0.7472 | LR: 4.97e-05
Epoch 4/40 | Batch 1840/2018 | Loss: 0.7270 | LR: 4.97e-05
Epoch 4/40 | Batch 1880/2018 | Loss: 0.7292 | LR: 4.97e-05
Epoch 4/40 | Batch 1920/2018 | Loss: 0.7104 | LR: 4.97e-05
Epoch 4/40 | Batch 1960/2018 | Loss: 0.7492 | LR: 4.97e-05
Epoch 4/40 | Batch 2000/2018 | Loss: 0.7262 | LR: 4.97e-05
  Sample - Pred: [34, 40, 20, 2, 23, 31, 22, 18, 40, 20, 3, 40, 20, 3, 22] | True: [34, 40, 20, 2, 23, 40, 29, 18, 40, 10, 3, 40, 20, 25, 9]

Epoch 4 Summary:
  Train Loss: 0.7294
  Val Loss: 0.7385
  PER: 0.3378
  Avg LR: 4.98e-05
------------------------------------------------------------
  ** New best model saved! PER: 0.3378
Epoch 5/40 | Batch 0/2018 | Loss: 0.7375 | LR: 4.97e-05
Epoch 5/40 | Batch 40/2018 | Loss: 0.7122 | LR: 4.97e-05
Epoch 5/40 | Batch 80/2018 | Loss: 0.7184 | LR: 4.96e-05
Epoch 5/40 | Batch 120/2018 | Loss: 0.7332 | LR: 4.96e-05
Epoch 5/40 | Batch 160/2018 | Loss: 0.7161 | LR: 4.96e-05
Epoch 5/40 | Batch 200/2018 | Loss: 0.7058 | LR: 4.96e-05
Epoch 5/40 | Batch 240/2018 | Loss: 0.7289 | LR: 4.96e-05
Epoch 5/40 | Batch 280/2018 | Loss: 0.7387 | LR: 4.96e-05
Epoch 5/40 | Batch 320/2018 | Loss: 0.7119 | LR: 4.96e-05
Epoch 5/40 | Batch 360/2018 | Loss: 0.7333 | LR: 4.96e-05
Epoch 5/40 | Batch 400/2018 | Loss: 0.7185 | LR: 4.96e-05
Epoch 5/40 | Batch 440/2018 | Loss: 0.7302 | LR: 4.96e-05
Epoch 5/40 | Batch 480/2018 | Loss: 0.7269 | LR: 4.96e-05
Epoch 5/40 | Batch 520/2018 | Loss: 0.7150 | LR: 4.96e-05
Epoch 5/40 | Batch 560/2018 | Loss: 0.7128 | LR: 4.96e-05
Epoch 5/40 | Batch 600/2018 | Loss: 0.7251 | LR: 4.96e-05
Epoch 5/40 | Batch 640/2018 | Loss: 0.7353 | LR: 4.95e-05
Epoch 5/40 | Batch 680/2018 | Loss: 0.7141 | LR: 4.95e-05
Epoch 5/40 | Batch 720/2018 | Loss: 0.7077 | LR: 4.95e-05
Epoch 5/40 | Batch 760/2018 | Loss: 0.7103 | LR: 4.95e-05
Epoch 5/40 | Batch 800/2018 | Loss: 0.7287 | LR: 4.95e-05
Epoch 5/40 | Batch 840/2018 | Loss: 0.7124 | LR: 4.95e-05
Epoch 5/40 | Batch 880/2018 | Loss: 0.7241 | LR: 4.95e-05
Epoch 5/40 | Batch 920/2018 | Loss: 0.7276 | LR: 4.95e-05
Epoch 5/40 | Batch 960/2018 | Loss: 0.7385 | LR: 4.95e-05
Epoch 5/40 | Batch 1000/2018 | Loss: 0.7157 | LR: 4.95e-05
Epoch 5/40 | Batch 1040/2018 | Loss: 0.7435 | LR: 4.95e-05
Epoch 5/40 | Batch 1080/2018 | Loss: 0.7118 | LR: 4.95e-05
Epoch 5/40 | Batch 1120/2018 | Loss: 0.7210 | LR: 4.94e-05
Epoch 5/40 | Batch 1160/2018 | Loss: 0.7129 | LR: 4.94e-05
Epoch 5/40 | Batch 1200/2018 | Loss: 0.7053 | LR: 4.94e-05
Epoch 5/40 | Batch 1240/2018 | Loss: 0.7249 | LR: 4.94e-05
Epoch 5/40 | Batch 1280/2018 | Loss: 0.7215 | LR: 4.94e-05
Epoch 5/40 | Batch 1320/2018 | Loss: 0.7127 | LR: 4.94e-05
Epoch 5/40 | Batch 1360/2018 | Loss: 0.7166 | LR: 4.94e-05
Epoch 5/40 | Batch 1400/2018 | Loss: 0.6974 | LR: 4.94e-05
Epoch 5/40 | Batch 1440/2018 | Loss: 0.7189 | LR: 4.94e-05
Epoch 5/40 | Batch 1480/2018 | Loss: 0.7290 | LR: 4.94e-05
Epoch 5/40 | Batch 1520/2018 | Loss: 0.7176 | LR: 4.94e-05
Epoch 5/40 | Batch 1560/2018 | Loss: 0.7221 | LR: 4.94e-05
Epoch 5/40 | Batch 1600/2018 | Loss: 0.7289 | LR: 4.93e-05
Epoch 5/40 | Batch 1640/2018 | Loss: 0.7285 | LR: 4.93e-05
Epoch 5/40 | Batch 1680/2018 | Loss: 0.7316 | LR: 4.93e-05
Epoch 5/40 | Batch 1720/2018 | Loss: 0.7268 | LR: 4.93e-05
Epoch 5/40 | Batch 1760/2018 | Loss: 0.7297 | LR: 4.93e-05
Epoch 5/40 | Batch 1800/2018 | Loss: 0.7132 | LR: 4.93e-05
Epoch 5/40 | Batch 1840/2018 | Loss: 0.7360 | LR: 4.93e-05
Epoch 5/40 | Batch 1880/2018 | Loss: 0.7414 | LR: 4.93e-05
Epoch 5/40 | Batch 1920/2018 | Loss: 0.7010 | LR: 4.93e-05
Epoch 5/40 | Batch 1960/2018 | Loss: 0.7200 | LR: 4.93e-05
Epoch 5/40 | Batch 2000/2018 | Loss: 0.7237 | LR: 4.92e-05
  Sample - Pred: [34, 40, 20, 2, 23, 31, 29, 18, 40, 10, 2, 40, 20, 3, 21] | True: [34, 40, 20, 2, 23, 40, 29, 18, 40, 10, 3, 40, 20, 25, 9]

Epoch 5 Summary:
  Train Loss: 0.7203
  Val Loss: 0.7368
  PER: 0.3270
  Avg LR: 4.95e-05
------------------------------------------------------------
  ** New best model saved! PER: 0.3270
Epoch 6/40 | Batch 0/2018 | Loss: 0.7508 | LR: 4.92e-05
Epoch 6/40 | Batch 40/2018 | Loss: 0.7119 | LR: 4.92e-05
Epoch 6/40 | Batch 80/2018 | Loss: 0.7047 | LR: 4.92e-05
Epoch 6/40 | Batch 120/2018 | Loss: 0.7185 | LR: 4.92e-05
Epoch 6/40 | Batch 160/2018 | Loss: 0.7269 | LR: 4.92e-05
Epoch 6/40 | Batch 200/2018 | Loss: 0.7371 | LR: 4.92e-05
Epoch 6/40 | Batch 240/2018 | Loss: 0.7065 | LR: 4.92e-05
Epoch 6/40 | Batch 280/2018 | Loss: 0.7214 | LR: 4.92e-05
Epoch 6/40 | Batch 320/2018 | Loss: 0.7183 | LR: 4.92e-05
Epoch 6/40 | Batch 360/2018 | Loss: 0.7184 | LR: 4.92e-05
Epoch 6/40 | Batch 400/2018 | Loss: 0.7317 | LR: 4.91e-05
Epoch 6/40 | Batch 440/2018 | Loss: 0.7164 | LR: 4.91e-05
Epoch 6/40 | Batch 480/2018 | Loss: 0.7179 | LR: 4.91e-05
Epoch 6/40 | Batch 520/2018 | Loss: 0.7037 | LR: 4.91e-05
Epoch 6/40 | Batch 560/2018 | Loss: 0.7093 | LR: 4.91e-05
Epoch 6/40 | Batch 600/2018 | Loss: 0.7179 | LR: 4.91e-05
Epoch 6/40 | Batch 640/2018 | Loss: 0.7091 | LR: 4.91e-05
Epoch 6/40 | Batch 680/2018 | Loss: 0.7007 | LR: 4.91e-05
Epoch 6/40 | Batch 720/2018 | Loss: 0.6907 | LR: 4.91e-05
Epoch 6/40 | Batch 760/2018 | Loss: 0.7446 | LR: 4.90e-05
Epoch 6/40 | Batch 800/2018 | Loss: 0.7250 | LR: 4.90e-05
Epoch 6/40 | Batch 840/2018 | Loss: 0.7237 | LR: 4.90e-05
Epoch 6/40 | Batch 880/2018 | Loss: 0.7194 | LR: 4.90e-05
Epoch 6/40 | Batch 920/2018 | Loss: 0.6984 | LR: 4.90e-05
Epoch 6/40 | Batch 960/2018 | Loss: 0.7078 | LR: 4.90e-05
Epoch 6/40 | Batch 1000/2018 | Loss: 0.7252 | LR: 4.90e-05
Epoch 6/40 | Batch 1040/2018 | Loss: 0.7040 | LR: 4.90e-05
Epoch 6/40 | Batch 1080/2018 | Loss: 0.7149 | LR: 4.90e-05
Epoch 6/40 | Batch 1120/2018 | Loss: 0.7376 | LR: 4.89e-05
Epoch 6/40 | Batch 1160/2018 | Loss: 0.7165 | LR: 4.89e-05
Epoch 6/40 | Batch 1200/2018 | Loss: 0.7177 | LR: 4.89e-05
Epoch 6/40 | Batch 1240/2018 | Loss: 0.7241 | LR: 4.89e-05
Epoch 6/40 | Batch 1280/2018 | Loss: 0.6991 | LR: 4.89e-05
Epoch 6/40 | Batch 1320/2018 | Loss: 0.7131 | LR: 4.89e-05
Epoch 6/40 | Batch 1360/2018 | Loss: 0.7293 | LR: 4.89e-05
Epoch 6/40 | Batch 1400/2018 | Loss: 0.7110 | LR: 4.89e-05
Epoch 6/40 | Batch 1440/2018 | Loss: 0.7142 | LR: 4.88e-05
Epoch 6/40 | Batch 1480/2018 | Loss: 0.7229 | LR: 4.88e-05
Epoch 6/40 | Batch 1520/2018 | Loss: 0.7031 | LR: 4.88e-05
Epoch 6/40 | Batch 1560/2018 | Loss: 0.7095 | LR: 4.88e-05
Epoch 6/40 | Batch 1600/2018 | Loss: 0.7207 | LR: 4.88e-05
Epoch 6/40 | Batch 1640/2018 | Loss: 0.7085 | LR: 4.88e-05
Epoch 6/40 | Batch 1680/2018 | Loss: 0.7194 | LR: 4.88e-05
Epoch 6/40 | Batch 1720/2018 | Loss: 0.7072 | LR: 4.88e-05
Epoch 6/40 | Batch 1760/2018 | Loss: 0.7203 | LR: 4.87e-05
Epoch 6/40 | Batch 1800/2018 | Loss: 0.7152 | LR: 4.87e-05
Epoch 6/40 | Batch 1840/2018 | Loss: 0.6994 | LR: 4.87e-05
Epoch 6/40 | Batch 1880/2018 | Loss: 0.7173 | LR: 4.87e-05
Epoch 6/40 | Batch 1920/2018 | Loss: 0.7185 | LR: 4.87e-05
Epoch 6/40 | Batch 1960/2018 | Loss: 0.7083 | LR: 4.87e-05
Epoch 6/40 | Batch 2000/2018 | Loss: 0.7280 | LR: 4.87e-05
  Sample - Pred: [34, 40, 20, 2, 23, 40, 22, 25, 40, 10, 3, 40, 20, 25, 21] | True: [34, 40, 20, 2, 23, 40, 29, 18, 40, 10, 3, 40, 20, 25, 9]

Epoch 6 Summary:
  Train Loss: 0.7139
  Val Loss: 0.7289
  PER: 0.2827
  Avg LR: 4.90e-05
------------------------------------------------------------
  ** New best model saved! PER: 0.2827
Epoch 7/40 | Batch 0/2018 | Loss: 0.7201 | LR: 4.87e-05
Epoch 7/40 | Batch 40/2018 | Loss: 0.7162 | LR: 4.86e-05
Epoch 7/40 | Batch 80/2018 | Loss: 0.6994 | LR: 4.86e-05
Epoch 7/40 | Batch 120/2018 | Loss: 0.7104 | LR: 4.86e-05
Epoch 7/40 | Batch 160/2018 | Loss: 0.7231 | LR: 4.86e-05
Epoch 7/40 | Batch 200/2018 | Loss: 0.7075 | LR: 4.86e-05
Epoch 7/40 | Batch 240/2018 | Loss: 0.7107 | LR: 4.86e-05
Epoch 7/40 | Batch 280/2018 | Loss: 0.7039 | LR: 4.86e-05
Epoch 7/40 | Batch 320/2018 | Loss: 0.7249 | LR: 4.86e-05
Epoch 7/40 | Batch 360/2018 | Loss: 0.6995 | LR: 4.85e-05
Epoch 7/40 | Batch 400/2018 | Loss: 0.7190 | LR: 4.85e-05
Epoch 7/40 | Batch 440/2018 | Loss: 0.7164 | LR: 4.85e-05
Epoch 7/40 | Batch 480/2018 | Loss: 0.7109 | LR: 4.85e-05
Epoch 7/40 | Batch 520/2018 | Loss: 0.7117 | LR: 4.85e-05
Epoch 7/40 | Batch 560/2018 | Loss: 0.7102 | LR: 4.85e-05
Epoch 7/40 | Batch 600/2018 | Loss: 0.6995 | LR: 4.85e-05
Epoch 7/40 | Batch 640/2018 | Loss: 0.7225 | LR: 4.84e-05
Epoch 7/40 | Batch 680/2018 | Loss: 0.7179 | LR: 4.84e-05
Epoch 7/40 | Batch 720/2018 | Loss: 0.7078 | LR: 4.84e-05
Epoch 7/40 | Batch 760/2018 | Loss: 0.6999 | LR: 4.84e-05
Epoch 7/40 | Batch 800/2018 | Loss: 0.7128 | LR: 4.84e-05
Epoch 7/40 | Batch 840/2018 | Loss: 0.7064 | LR: 4.84e-05
Epoch 7/40 | Batch 880/2018 | Loss: 0.6928 | LR: 4.84e-05
Epoch 7/40 | Batch 920/2018 | Loss: 0.7024 | LR: 4.83e-05
Epoch 7/40 | Batch 960/2018 | Loss: 0.7038 | LR: 4.83e-05
Epoch 7/40 | Batch 1000/2018 | Loss: 0.6974 | LR: 4.83e-05
Epoch 7/40 | Batch 1040/2018 | Loss: 0.7107 | LR: 4.83e-05
Epoch 7/40 | Batch 1080/2018 | Loss: 0.7050 | LR: 4.83e-05
Epoch 7/40 | Batch 1120/2018 | Loss: 0.7035 | LR: 4.83e-05
Epoch 7/40 | Batch 1160/2018 | Loss: 0.7141 | LR: 4.83e-05
Epoch 7/40 | Batch 1200/2018 | Loss: 0.7324 | LR: 4.82e-05
Epoch 7/40 | Batch 1240/2018 | Loss: 0.7070 | LR: 4.82e-05
Epoch 7/40 | Batch 1280/2018 | Loss: 0.7084 | LR: 4.82e-05
Epoch 7/40 | Batch 1320/2018 | Loss: 0.6977 | LR: 4.82e-05
Epoch 7/40 | Batch 1360/2018 | Loss: 0.7153 | LR: 4.82e-05
Epoch 7/40 | Batch 1400/2018 | Loss: 0.7084 | LR: 4.82e-05
Epoch 7/40 | Batch 1440/2018 | Loss: 0.7003 | LR: 4.81e-05
Epoch 7/40 | Batch 1480/2018 | Loss: 0.7107 | LR: 4.81e-05
Epoch 7/40 | Batch 1520/2018 | Loss: 0.7002 | LR: 4.81e-05
Epoch 7/40 | Batch 1560/2018 | Loss: 0.7048 | LR: 4.81e-05
Epoch 7/40 | Batch 1600/2018 | Loss: 0.7043 | LR: 4.81e-05
Epoch 7/40 | Batch 1640/2018 | Loss: 0.7144 | LR: 4.81e-05
Epoch 7/40 | Batch 1680/2018 | Loss: 0.7007 | LR: 4.81e-05
Epoch 7/40 | Batch 1720/2018 | Loss: 0.7097 | LR: 4.80e-05
Epoch 7/40 | Batch 1760/2018 | Loss: 0.6971 | LR: 4.80e-05
Epoch 7/40 | Batch 1800/2018 | Loss: 0.7098 | LR: 4.80e-05
Epoch 7/40 | Batch 1840/2018 | Loss: 0.7533 | LR: 4.80e-05
Epoch 7/40 | Batch 1880/2018 | Loss: 0.7125 | LR: 4.80e-05
Epoch 7/40 | Batch 1920/2018 | Loss: 0.7029 | LR: 4.80e-05
Epoch 7/40 | Batch 1960/2018 | Loss: 0.6905 | LR: 4.79e-05
Epoch 7/40 | Batch 2000/2018 | Loss: 0.7447 | LR: 4.79e-05
  Sample - Pred: [34, 40, 20, 2, 23, 40, 17, 18, 40, 10, 3, 40, 20, 3, 21] | True: [34, 40, 20, 2, 23, 40, 29, 18, 40, 10, 3, 40, 20, 25, 9]

Epoch 7 Summary:
  Train Loss: 0.7087
  Val Loss: 0.7257
  PER: 0.2635
  Avg LR: 4.83e-05
------------------------------------------------------------
  ** New best model saved! PER: 0.2635
Epoch 8/40 | Batch 0/2018 | Loss: 0.6940 | LR: 4.79e-05
Epoch 8/40 | Batch 40/2018 | Loss: 0.7125 | LR: 4.79e-05
Epoch 8/40 | Batch 80/2018 | Loss: 0.6881 | LR: 4.79e-05
Epoch 8/40 | Batch 120/2018 | Loss: 0.6882 | LR: 4.79e-05
Epoch 8/40 | Batch 160/2018 | Loss: 0.6931 | LR: 4.78e-05
Epoch 8/40 | Batch 200/2018 | Loss: 0.7066 | LR: 4.78e-05
Epoch 8/40 | Batch 240/2018 | Loss: 0.7025 | LR: 4.78e-05
Epoch 8/40 | Batch 280/2018 | Loss: 0.6891 | LR: 4.78e-05
Epoch 8/40 | Batch 320/2018 | Loss: 0.6948 | LR: 4.78e-05
Epoch 8/40 | Batch 360/2018 | Loss: 0.7004 | LR: 4.78e-05
Epoch 8/40 | Batch 400/2018 | Loss: 0.7299 | LR: 4.77e-05
Epoch 8/40 | Batch 440/2018 | Loss: 0.7067 | LR: 4.77e-05
Epoch 8/40 | Batch 480/2018 | Loss: 0.7156 | LR: 4.77e-05
Epoch 8/40 | Batch 520/2018 | Loss: 0.7170 | LR: 4.77e-05
Epoch 8/40 | Batch 560/2018 | Loss: 0.7011 | LR: 4.77e-05
Epoch 8/40 | Batch 600/2018 | Loss: 0.6999 | LR: 4.77e-05
Epoch 8/40 | Batch 640/2018 | Loss: 0.6981 | LR: 4.76e-05
Epoch 8/40 | Batch 680/2018 | Loss: 0.6947 | LR: 4.76e-05
Epoch 8/40 | Batch 720/2018 | Loss: 0.7032 | LR: 4.76e-05
Epoch 8/40 | Batch 760/2018 | Loss: 0.7026 | LR: 4.76e-05
Epoch 8/40 | Batch 800/2018 | Loss: 0.6922 | LR: 4.76e-05
Epoch 8/40 | Batch 840/2018 | Loss: 0.7009 | LR: 4.76e-05
Epoch 8/40 | Batch 880/2018 | Loss: 0.6984 | LR: 4.75e-05
Epoch 8/40 | Batch 920/2018 | Loss: 0.6973 | LR: 4.75e-05
Epoch 8/40 | Batch 960/2018 | Loss: 0.6951 | LR: 4.75e-05
Epoch 8/40 | Batch 1000/2018 | Loss: 0.7021 | LR: 4.75e-05
Epoch 8/40 | Batch 1040/2018 | Loss: 0.6974 | LR: 4.75e-05
Epoch 8/40 | Batch 1080/2018 | Loss: 0.6990 | LR: 4.75e-05
Epoch 8/40 | Batch 1120/2018 | Loss: 0.7216 | LR: 4.74e-05
Epoch 8/40 | Batch 1160/2018 | Loss: 0.7130 | LR: 4.74e-05
Epoch 8/40 | Batch 1200/2018 | Loss: 0.7145 | LR: 4.74e-05
Epoch 8/40 | Batch 1240/2018 | Loss: 0.7097 | LR: 4.74e-05
Epoch 8/40 | Batch 1280/2018 | Loss: 0.7174 | LR: 4.74e-05
Epoch 8/40 | Batch 1320/2018 | Loss: 0.7099 | LR: 4.73e-05
Epoch 8/40 | Batch 1360/2018 | Loss: 0.6893 | LR: 4.73e-05
Epoch 8/40 | Batch 1400/2018 | Loss: 0.6980 | LR: 4.73e-05
Epoch 8/40 | Batch 1440/2018 | Loss: 0.6975 | LR: 4.73e-05
Epoch 8/40 | Batch 1480/2018 | Loss: 0.7057 | LR: 4.73e-05
Epoch 8/40 | Batch 1520/2018 | Loss: 0.7110 | LR: 4.73e-05
Epoch 8/40 | Batch 1560/2018 | Loss: 0.7012 | LR: 4.72e-05
Epoch 8/40 | Batch 1600/2018 | Loss: 0.6942 | LR: 4.72e-05
Epoch 8/40 | Batch 1640/2018 | Loss: 0.7273 | LR: 4.72e-05
Epoch 8/40 | Batch 1680/2018 | Loss: 0.7014 | LR: 4.72e-05
Epoch 8/40 | Batch 1720/2018 | Loss: 0.7031 | LR: 4.72e-05
Epoch 8/40 | Batch 1760/2018 | Loss: 0.7162 | LR: 4.71e-05
Epoch 8/40 | Batch 1800/2018 | Loss: 0.7006 | LR: 4.71e-05
Epoch 8/40 | Batch 1840/2018 | Loss: 0.6981 | LR: 4.71e-05
Epoch 8/40 | Batch 1880/2018 | Loss: 0.6855 | LR: 4.71e-05
Epoch 8/40 | Batch 1920/2018 | Loss: 0.7065 | LR: 4.71e-05
Epoch 8/40 | Batch 1960/2018 | Loss: 0.6942 | LR: 4.70e-05
Epoch 8/40 | Batch 2000/2018 | Loss: 0.6934 | LR: 4.70e-05
  Sample - Pred: [34, 40, 20, 2, 23, 40, 31, 18, 40, 10, 3, 40, 20, 3, 21] | True: [34, 40, 20, 2, 23, 40, 29, 18, 40, 10, 3, 40, 20, 25, 9]

Epoch 8 Summary:
  Train Loss: 0.7046
  Val Loss: 0.7248
  PER: 0.2532
  Avg LR: 4.75e-05
------------------------------------------------------------
  ** New best model saved! PER: 0.2532
Epoch 9/40 | Batch 0/2018 | Loss: 0.6992 | LR: 4.70e-05
Epoch 9/40 | Batch 40/2018 | Loss: 0.7016 | LR: 4.70e-05
Epoch 9/40 | Batch 80/2018 | Loss: 0.7043 | LR: 4.70e-05
Epoch 9/40 | Batch 120/2018 | Loss: 0.7063 | LR: 4.70e-05
Epoch 9/40 | Batch 160/2018 | Loss: 0.7087 | LR: 4.69e-05
Epoch 9/40 | Batch 200/2018 | Loss: 0.6878 | LR: 4.69e-05
Epoch 9/40 | Batch 240/2018 | Loss: 0.7263 | LR: 4.69e-05
Epoch 9/40 | Batch 280/2018 | Loss: 0.6985 | LR: 4.69e-05
Epoch 9/40 | Batch 320/2018 | Loss: 0.7072 | LR: 4.69e-05
Epoch 9/40 | Batch 360/2018 | Loss: 0.7009 | LR: 4.68e-05
Epoch 9/40 | Batch 400/2018 | Loss: 0.7032 | LR: 4.68e-05
Epoch 9/40 | Batch 440/2018 | Loss: 0.7079 | LR: 4.68e-05
Epoch 9/40 | Batch 480/2018 | Loss: 0.7097 | LR: 4.68e-05
Epoch 9/40 | Batch 520/2018 | Loss: 0.6930 | LR: 4.68e-05
Epoch 9/40 | Batch 560/2018 | Loss: 0.6934 | LR: 4.67e-05
Epoch 9/40 | Batch 600/2018 | Loss: 0.7020 | LR: 4.67e-05
Epoch 9/40 | Batch 640/2018 | Loss: 0.6957 | LR: 4.67e-05
Epoch 9/40 | Batch 680/2018 | Loss: 0.6971 | LR: 4.67e-05
Epoch 9/40 | Batch 720/2018 | Loss: 0.6925 | LR: 4.67e-05
Epoch 9/40 | Batch 760/2018 | Loss: 0.7060 | LR: 4.66e-05
Epoch 9/40 | Batch 800/2018 | Loss: 0.7263 | LR: 4.66e-05
Epoch 9/40 | Batch 840/2018 | Loss: 0.6936 | LR: 4.66e-05
Epoch 9/40 | Batch 880/2018 | Loss: 0.6931 | LR: 4.66e-05
Epoch 9/40 | Batch 920/2018 | Loss: 0.7039 | LR: 4.66e-05
Epoch 9/40 | Batch 960/2018 | Loss: 0.7009 | LR: 4.65e-05
Epoch 9/40 | Batch 1000/2018 | Loss: 0.7090 | LR: 4.65e-05
Epoch 9/40 | Batch 1040/2018 | Loss: 0.6929 | LR: 4.65e-05
Epoch 9/40 | Batch 1080/2018 | Loss: 0.6986 | LR: 4.65e-05
Epoch 9/40 | Batch 1120/2018 | Loss: 0.7224 | LR: 4.65e-05
Epoch 9/40 | Batch 1160/2018 | Loss: 0.7030 | LR: 4.64e-05
Epoch 9/40 | Batch 1200/2018 | Loss: 0.6979 | LR: 4.64e-05
Epoch 9/40 | Batch 1240/2018 | Loss: 0.7073 | LR: 4.64e-05
Epoch 9/40 | Batch 1280/2018 | Loss: 0.6955 | LR: 4.64e-05
Epoch 9/40 | Batch 1320/2018 | Loss: 0.6975 | LR: 4.63e-05
Epoch 9/40 | Batch 1360/2018 | Loss: 0.6886 | LR: 4.63e-05
Epoch 9/40 | Batch 1400/2018 | Loss: 0.7242 | LR: 4.63e-05
Epoch 9/40 | Batch 1440/2018 | Loss: 0.6907 | LR: 4.63e-05
Epoch 9/40 | Batch 1480/2018 | Loss: 0.7173 | LR: 4.63e-05
Epoch 9/40 | Batch 1520/2018 | Loss: 0.7124 | LR: 4.62e-05
Epoch 9/40 | Batch 1560/2018 | Loss: 0.7020 | LR: 4.62e-05
Epoch 9/40 | Batch 1600/2018 | Loss: 0.7116 | LR: 4.62e-05
Epoch 9/40 | Batch 1640/2018 | Loss: 0.6979 | LR: 4.62e-05
Epoch 9/40 | Batch 1680/2018 | Loss: 0.7045 | LR: 4.62e-05
Epoch 9/40 | Batch 1720/2018 | Loss: 0.6963 | LR: 4.61e-05
Epoch 9/40 | Batch 1760/2018 | Loss: 0.6938 | LR: 4.61e-05
Epoch 9/40 | Batch 1800/2018 | Loss: 0.7030 | LR: 4.61e-05
Epoch 9/40 | Batch 1840/2018 | Loss: 0.7065 | LR: 4.61e-05
Epoch 9/40 | Batch 1880/2018 | Loss: 0.6953 | LR: 4.60e-05
Epoch 9/40 | Batch 1920/2018 | Loss: 0.7168 | LR: 4.60e-05
Epoch 9/40 | Batch 1960/2018 | Loss: 0.7086 | LR: 4.60e-05
Epoch 9/40 | Batch 2000/2018 | Loss: 0.7078 | LR: 4.60e-05
  Sample - Pred: [34, 40, 20, 2, 23, 40, 31, 18, 40, 10, 3, 40, 20, 3, 21] | True: [34, 40, 20, 2, 23, 40, 29, 18, 40, 10, 3, 40, 20, 25, 9]

Epoch 9 Summary:
  Train Loss: 0.7009
  Val Loss: 0.7205
  PER: 0.2328
  Avg LR: 4.65e-05
------------------------------------------------------------
  ** New best model saved! PER: 0.2328
Epoch 10/40 | Batch 0/2018 | Loss: 0.6930 | LR: 4.60e-05
Epoch 10/40 | Batch 40/2018 | Loss: 0.6908 | LR: 4.59e-05
Epoch 10/40 | Batch 80/2018 | Loss: 0.6879 | LR: 4.59e-05
Epoch 10/40 | Batch 120/2018 | Loss: 0.6924 | LR: 4.59e-05
Epoch 10/40 | Batch 160/2018 | Loss: 0.6953 | LR: 4.59e-05
Epoch 10/40 | Batch 200/2018 | Loss: 0.7061 | LR: 4.59e-05
Epoch 10/40 | Batch 240/2018 | Loss: 0.7135 | LR: 4.58e-05
Epoch 10/40 | Batch 280/2018 | Loss: 0.6946 | LR: 4.58e-05
Epoch 10/40 | Batch 320/2018 | Loss: 0.7105 | LR: 4.58e-05
Epoch 10/40 | Batch 360/2018 | Loss: 0.6998 | LR: 4.58e-05
Epoch 10/40 | Batch 400/2018 | Loss: 0.6903 | LR: 4.57e-05
Epoch 10/40 | Batch 440/2018 | Loss: 0.6933 | LR: 4.57e-05
Epoch 10/40 | Batch 480/2018 | Loss: 0.6961 | LR: 4.57e-05
Epoch 10/40 | Batch 520/2018 | Loss: 0.7029 | LR: 4.57e-05
Epoch 10/40 | Batch 560/2018 | Loss: 0.6940 | LR: 4.57e-05
Epoch 10/40 | Batch 600/2018 | Loss: 0.6942 | LR: 4.56e-05
Epoch 10/40 | Batch 640/2018 | Loss: 0.6950 | LR: 4.56e-05
Epoch 10/40 | Batch 680/2018 | Loss: 0.6891 | LR: 4.56e-05
Epoch 10/40 | Batch 720/2018 | Loss: 0.6921 | LR: 4.56e-05
Epoch 10/40 | Batch 760/2018 | Loss: 0.6961 | LR: 4.55e-05
Epoch 10/40 | Batch 800/2018 | Loss: 0.6921 | LR: 4.55e-05
Epoch 10/40 | Batch 840/2018 | Loss: 0.6906 | LR: 4.55e-05
Epoch 10/40 | Batch 880/2018 | Loss: 0.7068 | LR: 4.55e-05
Epoch 10/40 | Batch 920/2018 | Loss: 0.6982 | LR: 4.54e-05
Epoch 10/40 | Batch 960/2018 | Loss: 0.7078 | LR: 4.54e-05
Epoch 10/40 | Batch 1000/2018 | Loss: 0.6994 | LR: 4.54e-05
Epoch 10/40 | Batch 1040/2018 | Loss: 0.7014 | LR: 4.54e-05
Epoch 10/40 | Batch 1080/2018 | Loss: 0.6881 | LR: 4.54e-05
Epoch 10/40 | Batch 1120/2018 | Loss: 0.6946 | LR: 4.53e-05
Epoch 10/40 | Batch 1160/2018 | Loss: 0.6976 | LR: 4.53e-05
Epoch 10/40 | Batch 1200/2018 | Loss: 0.7035 | LR: 4.53e-05
Epoch 10/40 | Batch 1240/2018 | Loss: 0.6923 | LR: 4.53e-05
Epoch 10/40 | Batch 1280/2018 | Loss: 0.7027 | LR: 4.52e-05
Epoch 10/40 | Batch 1320/2018 | Loss: 0.6875 | LR: 4.52e-05
Epoch 10/40 | Batch 1360/2018 | Loss: 0.6924 | LR: 4.52e-05
Epoch 10/40 | Batch 1400/2018 | Loss: 0.7006 | LR: 4.52e-05
Epoch 10/40 | Batch 1440/2018 | Loss: 0.6980 | LR: 4.51e-05
Epoch 10/40 | Batch 1480/2018 | Loss: 0.6939 | LR: 4.51e-05
Epoch 10/40 | Batch 1520/2018 | Loss: 0.7061 | LR: 4.51e-05
Epoch 10/40 | Batch 1560/2018 | Loss: 0.6970 | LR: 4.51e-05
Epoch 10/40 | Batch 1600/2018 | Loss: 0.7000 | LR: 4.50e-05
Epoch 10/40 | Batch 1640/2018 | Loss: 0.6938 | LR: 4.50e-05
Epoch 10/40 | Batch 1680/2018 | Loss: 0.6969 | LR: 4.50e-05
Epoch 10/40 | Batch 1720/2018 | Loss: 0.7015 | LR: 4.50e-05
Epoch 10/40 | Batch 1760/2018 | Loss: 0.7047 | LR: 4.49e-05
Epoch 10/40 | Batch 1800/2018 | Loss: 0.7078 | LR: 4.49e-05
Epoch 10/40 | Batch 1840/2018 | Loss: 0.7036 | LR: 4.49e-05
Epoch 10/40 | Batch 1880/2018 | Loss: 0.6970 | LR: 4.49e-05
Epoch 10/40 | Batch 1920/2018 | Loss: 0.6949 | LR: 4.48e-05
Epoch 10/40 | Batch 1960/2018 | Loss: 0.6993 | LR: 4.48e-05
Epoch 10/40 | Batch 2000/2018 | Loss: 0.6997 | LR: 4.48e-05
  Sample - Pred: [34, 40, 20, 2, 23, 40, 22, 25, 40, 10, 3, 40, 20, 3, 21] | True: [34, 40, 20, 2, 23, 40, 29, 18, 40, 10, 3, 40, 20, 25, 9]

Epoch 10 Summary:
  Train Loss: 0.6979
  Val Loss: 0.7214
  PER: 0.2298
  Avg LR: 4.54e-05
------------------------------------------------------------
  ** New best model saved! PER: 0.2298
Epoch 11/40 | Batch 0/2018 | Loss: 0.6902 | LR: 4.48e-05
Epoch 11/40 | Batch 40/2018 | Loss: 0.6923 | LR: 4.48e-05
Epoch 11/40 | Batch 80/2018 | Loss: 0.6893 | LR: 4.47e-05
Epoch 11/40 | Batch 120/2018 | Loss: 0.7013 | LR: 4.47e-05
Epoch 11/40 | Batch 160/2018 | Loss: 0.6955 | LR: 4.47e-05
Epoch 11/40 | Batch 200/2018 | Loss: 0.7110 | LR: 4.47e-05
Epoch 11/40 | Batch 240/2018 | Loss: 0.6896 | LR: 4.46e-05
Epoch 11/40 | Batch 280/2018 | Loss: 0.6932 | LR: 4.46e-05
Epoch 11/40 | Batch 320/2018 | Loss: 0.6990 | LR: 4.46e-05
Epoch 11/40 | Batch 360/2018 | Loss: 0.6878 | LR: 4.46e-05
Epoch 11/40 | Batch 400/2018 | Loss: 0.6892 | LR: 4.45e-05
Epoch 11/40 | Batch 440/2018 | Loss: 0.6936 | LR: 4.45e-05
Epoch 11/40 | Batch 480/2018 | Loss: 0.6876 | LR: 4.45e-05
Epoch 11/40 | Batch 520/2018 | Loss: 0.6892 | LR: 4.45e-05
Epoch 11/40 | Batch 560/2018 | Loss: 0.6954 | LR: 4.44e-05
Epoch 11/40 | Batch 600/2018 | Loss: 0.7634 | LR: 4.44e-05
Epoch 11/40 | Batch 640/2018 | Loss: 0.6985 | LR: 4.44e-05
Epoch 11/40 | Batch 680/2018 | Loss: 0.6885 | LR: 4.44e-05
Epoch 11/40 | Batch 720/2018 | Loss: 0.6966 | LR: 4.43e-05
Epoch 11/40 | Batch 760/2018 | Loss: 0.7005 | LR: 4.43e-05
Epoch 11/40 | Batch 800/2018 | Loss: 0.6883 | LR: 4.43e-05
Epoch 11/40 | Batch 840/2018 | Loss: 0.6955 | LR: 4.42e-05
Epoch 11/40 | Batch 880/2018 | Loss: 0.6968 | LR: 4.42e-05
Epoch 11/40 | Batch 920/2018 | Loss: 0.6954 | LR: 4.42e-05
Epoch 11/40 | Batch 960/2018 | Loss: 0.6985 | LR: 4.42e-05
Epoch 11/40 | Batch 1000/2018 | Loss: 0.6881 | LR: 4.41e-05
Epoch 11/40 | Batch 1040/2018 | Loss: 0.6981 | LR: 4.41e-05
Epoch 11/40 | Batch 1080/2018 | Loss: 0.6850 | LR: 4.41e-05
Epoch 11/40 | Batch 1120/2018 | Loss: 0.6863 | LR: 4.41e-05
Epoch 11/40 | Batch 1160/2018 | Loss: 0.6890 | LR: 4.40e-05
Epoch 11/40 | Batch 1200/2018 | Loss: 0.6975 | LR: 4.40e-05
Epoch 11/40 | Batch 1240/2018 | Loss: 0.6930 | LR: 4.40e-05
Epoch 11/40 | Batch 1280/2018 | Loss: 0.6978 | LR: 4.40e-05
Epoch 11/40 | Batch 1320/2018 | Loss: 0.7069 | LR: 4.39e-05
Epoch 11/40 | Batch 1360/2018 | Loss: 0.6951 | LR: 4.39e-05
Epoch 11/40 | Batch 1400/2018 | Loss: 0.6941 | LR: 4.39e-05
Epoch 11/40 | Batch 1440/2018 | Loss: 0.6982 | LR: 4.39e-05
Epoch 11/40 | Batch 1480/2018 | Loss: 0.6952 | LR: 4.38e-05
Epoch 11/40 | Batch 1520/2018 | Loss: 0.6950 | LR: 4.38e-05
Epoch 11/40 | Batch 1560/2018 | Loss: 0.6897 | LR: 4.38e-05
Epoch 11/40 | Batch 1600/2018 | Loss: 0.6993 | LR: 4.37e-05
Epoch 11/40 | Batch 1640/2018 | Loss: 0.6928 | LR: 4.37e-05
Epoch 11/40 | Batch 1680/2018 | Loss: 0.6918 | LR: 4.37e-05
Epoch 11/40 | Batch 1720/2018 | Loss: 0.6910 | LR: 4.37e-05
Epoch 11/40 | Batch 1760/2018 | Loss: 0.6948 | LR: 4.36e-05
Epoch 11/40 | Batch 1800/2018 | Loss: 0.6863 | LR: 4.36e-05
Epoch 11/40 | Batch 1840/2018 | Loss: 0.6954 | LR: 4.36e-05
Epoch 11/40 | Batch 1880/2018 | Loss: 0.6984 | LR: 4.36e-05
Epoch 11/40 | Batch 1920/2018 | Loss: 0.6965 | LR: 4.35e-05
Epoch 11/40 | Batch 1960/2018 | Loss: 0.6996 | LR: 4.35e-05
Epoch 11/40 | Batch 2000/2018 | Loss: 0.6911 | LR: 4.35e-05
  Sample - Pred: [34, 40, 20, 2, 23, 40, 17, 18, 40, 10, 3, 40, 20, 3, 21] | True: [34, 40, 20, 2, 23, 40, 29, 18, 40, 10, 3, 40, 20, 25, 9]

Epoch 11 Summary:
  Train Loss: 0.6954
  Val Loss: 0.7187
  PER: 0.2167
  Avg LR: 4.41e-05
------------------------------------------------------------
  ** New best model saved! PER: 0.2167
Epoch 12/40 | Batch 0/2018 | Loss: 0.6853 | LR: 4.35e-05
Epoch 12/40 | Batch 40/2018 | Loss: 0.6938 | LR: 4.34e-05
Epoch 12/40 | Batch 80/2018 | Loss: 0.7013 | LR: 4.34e-05
Epoch 12/40 | Batch 120/2018 | Loss: 0.6905 | LR: 4.34e-05
Epoch 12/40 | Batch 160/2018 | Loss: 0.6858 | LR: 4.33e-05
Epoch 12/40 | Batch 200/2018 | Loss: 0.6967 | LR: 4.33e-05
Epoch 12/40 | Batch 240/2018 | Loss: 0.6907 | LR: 4.33e-05
Epoch 12/40 | Batch 280/2018 | Loss: 0.6862 | LR: 4.33e-05
Epoch 12/40 | Batch 320/2018 | Loss: 0.7032 | LR: 4.32e-05
Epoch 12/40 | Batch 360/2018 | Loss: 0.6884 | LR: 4.32e-05
Epoch 12/40 | Batch 400/2018 | Loss: 0.6923 | LR: 4.32e-05
Epoch 12/40 | Batch 440/2018 | Loss: 0.6949 | LR: 4.32e-05
Epoch 12/40 | Batch 480/2018 | Loss: 0.6855 | LR: 4.31e-05
Epoch 12/40 | Batch 520/2018 | Loss: 0.6888 | LR: 4.31e-05
Epoch 12/40 | Batch 560/2018 | Loss: 0.6921 | LR: 4.31e-05
Epoch 12/40 | Batch 600/2018 | Loss: 0.6986 | LR: 4.30e-05
Epoch 12/40 | Batch 640/2018 | Loss: 0.6954 | LR: 4.30e-05
Epoch 12/40 | Batch 680/2018 | Loss: 0.6871 | LR: 4.30e-05
Epoch 12/40 | Batch 720/2018 | Loss: 0.7054 | LR: 4.30e-05
Epoch 12/40 | Batch 760/2018 | Loss: 0.6841 | LR: 4.29e-05
Epoch 12/40 | Batch 800/2018 | Loss: 0.6945 | LR: 4.29e-05
Epoch 12/40 | Batch 840/2018 | Loss: 0.6944 | LR: 4.29e-05
Epoch 12/40 | Batch 880/2018 | Loss: 0.6975 | LR: 4.28e-05
Epoch 12/40 | Batch 920/2018 | Loss: 0.7031 | LR: 4.28e-05
Epoch 12/40 | Batch 960/2018 | Loss: 0.6907 | LR: 4.28e-05
Epoch 12/40 | Batch 1000/2018 | Loss: 0.6962 | LR: 4.28e-05
Epoch 12/40 | Batch 1040/2018 | Loss: 0.7016 | LR: 4.27e-05
Epoch 12/40 | Batch 1080/2018 | Loss: 0.6974 | LR: 4.27e-05
Epoch 12/40 | Batch 1120/2018 | Loss: 0.6933 | LR: 4.27e-05
Epoch 12/40 | Batch 1160/2018 | Loss: 0.6905 | LR: 4.26e-05
Epoch 12/40 | Batch 1200/2018 | Loss: 0.6881 | LR: 4.26e-05
Epoch 12/40 | Batch 1240/2018 | Loss: 0.6936 | LR: 4.26e-05
Epoch 12/40 | Batch 1280/2018 | Loss: 0.6951 | LR: 4.26e-05
Epoch 12/40 | Batch 1320/2018 | Loss: 0.6941 | LR: 4.25e-05
Epoch 12/40 | Batch 1360/2018 | Loss: 0.6882 | LR: 4.25e-05
Epoch 12/40 | Batch 1400/2018 | Loss: 0.6872 | LR: 4.25e-05
Epoch 12/40 | Batch 1440/2018 | Loss: 0.6914 | LR: 4.24e-05
Epoch 12/40 | Batch 1480/2018 | Loss: 0.6917 | LR: 4.24e-05
Epoch 12/40 | Batch 1520/2018 | Loss: 0.6900 | LR: 4.24e-05
Epoch 12/40 | Batch 1560/2018 | Loss: 0.6914 | LR: 4.24e-05
Epoch 12/40 | Batch 1600/2018 | Loss: 0.6886 | LR: 4.23e-05
Epoch 12/40 | Batch 1640/2018 | Loss: 0.6979 | LR: 4.23e-05
Epoch 12/40 | Batch 1680/2018 | Loss: 0.6898 | LR: 4.23e-05
Epoch 12/40 | Batch 1720/2018 | Loss: 0.6942 | LR: 4.22e-05
Epoch 12/40 | Batch 1760/2018 | Loss: 0.6877 | LR: 4.22e-05
Epoch 12/40 | Batch 1800/2018 | Loss: 0.6860 | LR: 4.22e-05
Epoch 12/40 | Batch 1840/2018 | Loss: 0.6853 | LR: 4.21e-05
Epoch 12/40 | Batch 1880/2018 | Loss: 0.7037 | LR: 4.21e-05
Epoch 12/40 | Batch 1920/2018 | Loss: 0.6923 | LR: 4.21e-05
Epoch 12/40 | Batch 1960/2018 | Loss: 0.6928 | LR: 4.21e-05
Epoch 12/40 | Batch 2000/2018 | Loss: 0.6916 | LR: 4.20e-05
  Sample - Pred: [34, 40, 20, 2, 23, 40, 22, 18, 40, 10, 3, 40, 20, 3, 21] | True: [34, 40, 20, 2, 23, 40, 29, 18, 40, 10, 3, 40, 20, 25, 9]

Epoch 12 Summary:
  Train Loss: 0.6932
  Val Loss: 0.7184
  PER: 0.2131
  Avg LR: 4.27e-05
------------------------------------------------------------
  ** New best model saved! PER: 0.2131
Epoch 13/40 | Batch 0/2018 | Loss: 0.6908 | LR: 4.20e-05
Epoch 13/40 | Batch 40/2018 | Loss: 0.6888 | LR: 4.20e-05
Epoch 13/40 | Batch 80/2018 | Loss: 0.6859 | LR: 4.20e-05
Epoch 13/40 | Batch 120/2018 | Loss: 0.6886 | LR: 4.19e-05
Epoch 13/40 | Batch 160/2018 | Loss: 0.6895 | LR: 4.19e-05
Epoch 13/40 | Batch 200/2018 | Loss: 0.6961 | LR: 4.19e-05
Epoch 13/40 | Batch 240/2018 | Loss: 0.6890 | LR: 4.18e-05
Epoch 13/40 | Batch 280/2018 | Loss: 0.6948 | LR: 4.18e-05
Epoch 13/40 | Batch 320/2018 | Loss: 0.7068 | LR: 4.18e-05
Epoch 13/40 | Batch 360/2018 | Loss: 0.7003 | LR: 4.17e-05
Epoch 13/40 | Batch 400/2018 | Loss: 0.6959 | LR: 4.17e-05
Epoch 13/40 | Batch 440/2018 | Loss: 0.6964 | LR: 4.17e-05
Epoch 13/40 | Batch 480/2018 | Loss: 0.6874 | LR: 4.17e-05
Epoch 13/40 | Batch 520/2018 | Loss: 0.6869 | LR: 4.16e-05
Epoch 13/40 | Batch 560/2018 | Loss: 0.6860 | LR: 4.16e-05
Epoch 13/40 | Batch 600/2018 | Loss: 0.6924 | LR: 4.16e-05
Epoch 13/40 | Batch 640/2018 | Loss: 0.6900 | LR: 4.15e-05
Epoch 13/40 | Batch 680/2018 | Loss: 0.6871 | LR: 4.15e-05
Epoch 13/40 | Batch 720/2018 | Loss: 0.6958 | LR: 4.15e-05
Epoch 13/40 | Batch 760/2018 | Loss: 0.6980 | LR: 4.14e-05
Epoch 13/40 | Batch 800/2018 | Loss: 0.6954 | LR: 4.14e-05
Epoch 13/40 | Batch 840/2018 | Loss: 0.6903 | LR: 4.14e-05
Epoch 13/40 | Batch 880/2018 | Loss: 0.6916 | LR: 4.13e-05
Epoch 13/40 | Batch 920/2018 | Loss: 0.6887 | LR: 4.13e-05
Epoch 13/40 | Batch 960/2018 | Loss: 0.6879 | LR: 4.13e-05
Epoch 13/40 | Batch 1000/2018 | Loss: 0.6918 | LR: 4.13e-05
Epoch 13/40 | Batch 1040/2018 | Loss: 0.6855 | LR: 4.12e-05
Epoch 13/40 | Batch 1080/2018 | Loss: 0.7010 | LR: 4.12e-05
Epoch 13/40 | Batch 1120/2018 | Loss: 0.6866 | LR: 4.12e-05
Epoch 13/40 | Batch 1160/2018 | Loss: 0.6878 | LR: 4.11e-05
Epoch 13/40 | Batch 1200/2018 | Loss: 0.6930 | LR: 4.11e-05
Epoch 13/40 | Batch 1240/2018 | Loss: 0.6902 | LR: 4.11e-05
Epoch 13/40 | Batch 1280/2018 | Loss: 0.6857 | LR: 4.10e-05
Epoch 13/40 | Batch 1320/2018 | Loss: 0.6921 | LR: 4.10e-05
Epoch 13/40 | Batch 1360/2018 | Loss: 0.7027 | LR: 4.10e-05
Epoch 13/40 | Batch 1400/2018 | Loss: 0.6878 | LR: 4.09e-05
Epoch 13/40 | Batch 1440/2018 | Loss: 0.6905 | LR: 4.09e-05
Epoch 13/40 | Batch 1480/2018 | Loss: 0.6933 | LR: 4.09e-05
Epoch 13/40 | Batch 1520/2018 | Loss: 0.6898 | LR: 4.08e-05
Epoch 13/40 | Batch 1560/2018 | Loss: 0.6920 | LR: 4.08e-05
Epoch 13/40 | Batch 1600/2018 | Loss: 0.6869 | LR: 4.08e-05
Epoch 13/40 | Batch 1640/2018 | Loss: 0.6876 | LR: 4.08e-05
Epoch 13/40 | Batch 1680/2018 | Loss: 0.6875 | LR: 4.07e-05
Epoch 13/40 | Batch 1720/2018 | Loss: 0.6895 | LR: 4.07e-05
Epoch 13/40 | Batch 1760/2018 | Loss: 0.6871 | LR: 4.07e-05
Epoch 13/40 | Batch 1800/2018 | Loss: 0.6909 | LR: 4.06e-05
Epoch 13/40 | Batch 1840/2018 | Loss: 0.6887 | LR: 4.06e-05
Epoch 13/40 | Batch 1880/2018 | Loss: 0.6893 | LR: 4.06e-05
Epoch 13/40 | Batch 1920/2018 | Loss: 0.6879 | LR: 4.05e-05
Epoch 13/40 | Batch 1960/2018 | Loss: 0.6862 | LR: 4.05e-05
Epoch 13/40 | Batch 2000/2018 | Loss: 0.6950 | LR: 4.05e-05
  Sample - Pred: [34, 40, 20, 2, 23, 31, 22, 18, 40, 10, 3, 40, 20, 3, 21] | True: [34, 40, 20, 2, 23, 40, 29, 18, 40, 10, 3, 40, 20, 25, 9]

Epoch 13 Summary:
  Train Loss: 0.6914
  Val Loss: 0.7181
  PER: 0.2105
  Avg LR: 4.12e-05
------------------------------------------------------------
  ** New best model saved! PER: 0.2105
Epoch 14/40 | Batch 0/2018 | Loss: 0.6853 | LR: 4.05e-05
Epoch 14/40 | Batch 40/2018 | Loss: 0.6952 | LR: 4.04e-05
Epoch 14/40 | Batch 80/2018 | Loss: 0.6880 | LR: 4.04e-05
Epoch 14/40 | Batch 120/2018 | Loss: 0.6859 | LR: 4.04e-05
Epoch 14/40 | Batch 160/2018 | Loss: 0.6906 | LR: 4.03e-05
Epoch 14/40 | Batch 200/2018 | Loss: 0.6836 | LR: 4.03e-05
Epoch 14/40 | Batch 240/2018 | Loss: 0.6933 | LR: 4.03e-05
Epoch 14/40 | Batch 280/2018 | Loss: 0.6909 | LR: 4.02e-05
Epoch 14/40 | Batch 320/2018 | Loss: 0.6923 | LR: 4.02e-05
Epoch 14/40 | Batch 360/2018 | Loss: 0.6956 | LR: 4.02e-05
Epoch 14/40 | Batch 400/2018 | Loss: 0.6973 | LR: 4.01e-05
Epoch 14/40 | Batch 440/2018 | Loss: 0.6896 | LR: 4.01e-05
Epoch 14/40 | Batch 480/2018 | Loss: 0.6901 | LR: 4.01e-05
Epoch 14/40 | Batch 520/2018 | Loss: 0.6877 | LR: 4.00e-05
Epoch 14/40 | Batch 560/2018 | Loss: 0.6873 | LR: 4.00e-05
Epoch 14/40 | Batch 600/2018 | Loss: 0.6944 | LR: 4.00e-05
Epoch 14/40 | Batch 640/2018 | Loss: 0.6886 | LR: 3.99e-05
Epoch 14/40 | Batch 680/2018 | Loss: 0.6875 | LR: 3.99e-05
Epoch 14/40 | Batch 720/2018 | Loss: 0.6991 | LR: 3.99e-05
Epoch 14/40 | Batch 760/2018 | Loss: 0.6888 | LR: 3.98e-05
Epoch 14/40 | Batch 800/2018 | Loss: 0.6865 | LR: 3.98e-05
Epoch 14/40 | Batch 840/2018 | Loss: 0.6877 | LR: 3.98e-05
Epoch 14/40 | Batch 880/2018 | Loss: 0.6897 | LR: 3.97e-05
Epoch 14/40 | Batch 920/2018 | Loss: 0.6871 | LR: 3.97e-05
Epoch 14/40 | Batch 960/2018 | Loss: 0.6954 | LR: 3.97e-05
Epoch 14/40 | Batch 1000/2018 | Loss: 0.6869 | LR: 3.96e-05
Epoch 14/40 | Batch 1040/2018 | Loss: 0.6869 | LR: 3.96e-05
Epoch 14/40 | Batch 1080/2018 | Loss: 0.6885 | LR: 3.96e-05
Epoch 14/40 | Batch 1120/2018 | Loss: 0.6981 | LR: 3.95e-05
Epoch 14/40 | Batch 1160/2018 | Loss: 0.6879 | LR: 3.95e-05
Epoch 14/40 | Batch 1200/2018 | Loss: 0.6903 | LR: 3.95e-05
Epoch 14/40 | Batch 1240/2018 | Loss: 0.6937 | LR: 3.94e-05
Epoch 14/40 | Batch 1280/2018 | Loss: 0.6920 | LR: 3.94e-05
Epoch 14/40 | Batch 1320/2018 | Loss: 0.6847 | LR: 3.94e-05
Epoch 14/40 | Batch 1360/2018 | Loss: 0.6888 | LR: 3.93e-05
Epoch 14/40 | Batch 1400/2018 | Loss: 0.6910 | LR: 3.93e-05
Epoch 14/40 | Batch 1440/2018 | Loss: 0.6877 | LR: 3.93e-05
Epoch 14/40 | Batch 1480/2018 | Loss: 0.6894 | LR: 3.92e-05
Epoch 14/40 | Batch 1520/2018 | Loss: 0.6871 | LR: 3.92e-05
Epoch 14/40 | Batch 1560/2018 | Loss: 0.6848 | LR: 3.92e-05
Epoch 14/40 | Batch 1600/2018 | Loss: 0.6880 | LR: 3.91e-05
Epoch 14/40 | Batch 1640/2018 | Loss: 0.6953 | LR: 3.91e-05
Epoch 14/40 | Batch 1680/2018 | Loss: 0.6968 | LR: 3.91e-05
Epoch 14/40 | Batch 1720/2018 | Loss: 0.6985 | LR: 3.90e-05
Epoch 14/40 | Batch 1760/2018 | Loss: 0.6846 | LR: 3.90e-05
Epoch 14/40 | Batch 1800/2018 | Loss: 0.6955 | LR: 3.90e-05
Epoch 14/40 | Batch 1840/2018 | Loss: 0.6846 | LR: 3.89e-05
Epoch 14/40 | Batch 1880/2018 | Loss: 0.6875 | LR: 3.89e-05
Epoch 14/40 | Batch 1920/2018 | Loss: 0.6881 | LR: 3.89e-05
Epoch 14/40 | Batch 1960/2018 | Loss: 0.6865 | LR: 3.88e-05
Epoch 14/40 | Batch 2000/2018 | Loss: 0.6889 | LR: 3.88e-05
  Sample - Pred: [34, 40, 20, 2, 23, 40, 31, 18, 40, 10, 3, 40, 20, 3, 21] | True: [34, 40, 20, 2, 23, 40, 29, 18, 40, 10, 3, 40, 20, 25, 9]

Epoch 14 Summary:
  Train Loss: 0.6899
  Val Loss: 0.7184
  PER: 0.2082
  Avg LR: 3.96e-05
------------------------------------------------------------
  ** New best model saved! PER: 0.2082
Epoch 15/40 | Batch 0/2018 | Loss: 0.6859 | LR: 3.88e-05
Epoch 15/40 | Batch 40/2018 | Loss: 0.6864 | LR: 3.88e-05
Epoch 15/40 | Batch 80/2018 | Loss: 0.6891 | LR: 3.87e-05
Epoch 15/40 | Batch 120/2018 | Loss: 0.6858 | LR: 3.87e-05
Epoch 15/40 | Batch 160/2018 | Loss: 0.6849 | LR: 3.87e-05
Epoch 15/40 | Batch 200/2018 | Loss: 0.6874 | LR: 3.86e-05
Epoch 15/40 | Batch 240/2018 | Loss: 0.6871 | LR: 3.86e-05
Epoch 15/40 | Batch 280/2018 | Loss: 0.6854 | LR: 3.85e-05
Epoch 15/40 | Batch 320/2018 | Loss: 0.6901 | LR: 3.85e-05
Epoch 15/40 | Batch 360/2018 | Loss: 0.6892 | LR: 3.85e-05
Epoch 15/40 | Batch 400/2018 | Loss: 0.6904 | LR: 3.84e-05
Epoch 15/40 | Batch 440/2018 | Loss: 0.6888 | LR: 3.84e-05
Epoch 15/40 | Batch 480/2018 | Loss: 0.6851 | LR: 3.84e-05
Epoch 15/40 | Batch 520/2018 | Loss: 0.6955 | LR: 3.83e-05
Epoch 15/40 | Batch 560/2018 | Loss: 0.6847 | LR: 3.83e-05
Epoch 15/40 | Batch 600/2018 | Loss: 0.6879 | LR: 3.83e-05
Epoch 15/40 | Batch 640/2018 | Loss: 0.6903 | LR: 3.82e-05
Epoch 15/40 | Batch 680/2018 | Loss: 0.6877 | LR: 3.82e-05
Epoch 15/40 | Batch 720/2018 | Loss: 0.6934 | LR: 3.82e-05
Epoch 15/40 | Batch 760/2018 | Loss: 0.6854 | LR: 3.81e-05
Epoch 15/40 | Batch 800/2018 | Loss: 0.6900 | LR: 3.81e-05
Epoch 15/40 | Batch 840/2018 | Loss: 0.6880 | LR: 3.81e-05
Epoch 15/40 | Batch 880/2018 | Loss: 0.6874 | LR: 3.80e-05
Epoch 15/40 | Batch 920/2018 | Loss: 0.6866 | LR: 3.80e-05
Epoch 15/40 | Batch 960/2018 | Loss: 0.6876 | LR: 3.80e-05
Epoch 15/40 | Batch 1000/2018 | Loss: 0.6886 | LR: 3.79e-05
Epoch 15/40 | Batch 1040/2018 | Loss: 0.6864 | LR: 3.79e-05
Epoch 15/40 | Batch 1080/2018 | Loss: 0.6835 | LR: 3.79e-05
Epoch 15/40 | Batch 1120/2018 | Loss: 0.6835 | LR: 3.78e-05
Epoch 15/40 | Batch 1160/2018 | Loss: 0.6936 | LR: 3.78e-05
Epoch 15/40 | Batch 1200/2018 | Loss: 0.6900 | LR: 3.78e-05
Epoch 15/40 | Batch 1240/2018 | Loss: 0.6881 | LR: 3.77e-05
Epoch 15/40 | Batch 1280/2018 | Loss: 0.6941 | LR: 3.77e-05
Epoch 15/40 | Batch 1320/2018 | Loss: 0.6860 | LR: 3.76e-05
Epoch 15/40 | Batch 1360/2018 | Loss: 0.6833 | LR: 3.76e-05
Epoch 15/40 | Batch 1400/2018 | Loss: 0.6950 | LR: 3.76e-05
Epoch 15/40 | Batch 1440/2018 | Loss: 0.6935 | LR: 3.75e-05
Epoch 15/40 | Batch 1480/2018 | Loss: 0.6880 | LR: 3.75e-05
Epoch 15/40 | Batch 1520/2018 | Loss: 0.6915 | LR: 3.75e-05
Epoch 15/40 | Batch 1560/2018 | Loss: 0.6850 | LR: 3.74e-05
Epoch 15/40 | Batch 1600/2018 | Loss: 0.6873 | LR: 3.74e-05
Epoch 15/40 | Batch 1640/2018 | Loss: 0.6872 | LR: 3.74e-05
Epoch 15/40 | Batch 1680/2018 | Loss: 0.6902 | LR: 3.73e-05
Epoch 15/40 | Batch 1720/2018 | Loss: 0.6910 | LR: 3.73e-05
Epoch 15/40 | Batch 1760/2018 | Loss: 0.6909 | LR: 3.73e-05
Epoch 15/40 | Batch 1800/2018 | Loss: 0.6880 | LR: 3.72e-05
Epoch 15/40 | Batch 1840/2018 | Loss: 0.6896 | LR: 3.72e-05
Epoch 15/40 | Batch 1880/2018 | Loss: 0.6862 | LR: 3.72e-05
Epoch 15/40 | Batch 1920/2018 | Loss: 0.6857 | LR: 3.71e-05
Epoch 15/40 | Batch 1960/2018 | Loss: 0.6885 | LR: 3.71e-05
Epoch 15/40 | Batch 2000/2018 | Loss: 0.6853 | LR: 3.70e-05
  Sample - Pred: [34, 40, 20, 2, 23, 40, 31, 25, 40, 10, 3, 40, 20, 3, 21] | True: [34, 40, 20, 2, 23, 40, 29, 18, 40, 10, 3, 40, 20, 25, 9]

Epoch 15 Summary:
  Train Loss: 0.6886
  Val Loss: 0.7164
  PER: 0.2012
  Avg LR: 3.79e-05
------------------------------------------------------------
  ** New best model saved! PER: 0.2012
Epoch 16/40 | Batch 0/2018 | Loss: 0.6857 | LR: 3.70e-05
Epoch 16/40 | Batch 40/2018 | Loss: 0.6899 | LR: 3.70e-05
Epoch 16/40 | Batch 80/2018 | Loss: 0.6932 | LR: 3.70e-05
Epoch 16/40 | Batch 120/2018 | Loss: 0.6870 | LR: 3.69e-05
Epoch 16/40 | Batch 160/2018 | Loss: 0.6878 | LR: 3.69e-05
Epoch 16/40 | Batch 200/2018 | Loss: 0.6856 | LR: 3.69e-05
Epoch 16/40 | Batch 240/2018 | Loss: 0.6868 | LR: 3.68e-05
Epoch 16/40 | Batch 280/2018 | Loss: 0.6857 | LR: 3.68e-05
Epoch 16/40 | Batch 320/2018 | Loss: 0.6867 | LR: 3.67e-05
Epoch 16/40 | Batch 360/2018 | Loss: 0.6886 | LR: 3.67e-05
Epoch 16/40 | Batch 400/2018 | Loss: 0.6862 | LR: 3.67e-05
Epoch 16/40 | Batch 440/2018 | Loss: 0.6901 | LR: 3.66e-05
Epoch 16/40 | Batch 480/2018 | Loss: 0.6857 | LR: 3.66e-05
Epoch 16/40 | Batch 520/2018 | Loss: 0.6943 | LR: 3.66e-05
Epoch 16/40 | Batch 560/2018 | Loss: 0.6861 | LR: 3.65e-05
Epoch 16/40 | Batch 600/2018 | Loss: 0.6840 | LR: 3.65e-05
Epoch 16/40 | Batch 640/2018 | Loss: 0.6917 | LR: 3.65e-05
Epoch 16/40 | Batch 680/2018 | Loss: 0.6884 | LR: 3.64e-05
Epoch 16/40 | Batch 720/2018 | Loss: 0.6891 | LR: 3.64e-05
Epoch 16/40 | Batch 760/2018 | Loss: 0.6853 | LR: 3.63e-05
Epoch 16/40 | Batch 800/2018 | Loss: 0.6863 | LR: 3.63e-05
Epoch 16/40 | Batch 840/2018 | Loss: 0.6893 | LR: 3.63e-05
Epoch 16/40 | Batch 880/2018 | Loss: 0.6842 | LR: 3.62e-05
Epoch 16/40 | Batch 920/2018 | Loss: 0.6891 | LR: 3.62e-05
Epoch 16/40 | Batch 960/2018 | Loss: 0.6884 | LR: 3.62e-05
Epoch 16/40 | Batch 1000/2018 | Loss: 0.6857 | LR: 3.61e-05
Epoch 16/40 | Batch 1040/2018 | Loss: 0.6841 | LR: 3.61e-05
Epoch 16/40 | Batch 1080/2018 | Loss: 0.6884 | LR: 3.61e-05
Epoch 16/40 | Batch 1120/2018 | Loss: 0.6899 | LR: 3.60e-05
Epoch 16/40 | Batch 1160/2018 | Loss: 0.6875 | LR: 3.60e-05
Epoch 16/40 | Batch 1200/2018 | Loss: 0.6895 | LR: 3.59e-05
Epoch 16/40 | Batch 1240/2018 | Loss: 0.6831 | LR: 3.59e-05
Epoch 16/40 | Batch 1280/2018 | Loss: 0.6889 | LR: 3.59e-05
Epoch 16/40 | Batch 1320/2018 | Loss: 0.6873 | LR: 3.58e-05
Epoch 16/40 | Batch 1360/2018 | Loss: 0.6845 | LR: 3.58e-05
Epoch 16/40 | Batch 1400/2018 | Loss: 0.6892 | LR: 3.58e-05
Epoch 16/40 | Batch 1440/2018 | Loss: 0.6856 | LR: 3.57e-05
Epoch 16/40 | Batch 1480/2018 | Loss: 0.6866 | LR: 3.57e-05
Epoch 16/40 | Batch 1520/2018 | Loss: 0.6860 | LR: 3.57e-05
Epoch 16/40 | Batch 1560/2018 | Loss: 0.6845 | LR: 3.56e-05
Epoch 16/40 | Batch 1600/2018 | Loss: 0.6851 | LR: 3.56e-05
Epoch 16/40 | Batch 1640/2018 | Loss: 0.6925 | LR: 3.55e-05
Epoch 16/40 | Batch 1680/2018 | Loss: 0.6844 | LR: 3.55e-05
Epoch 16/40 | Batch 1720/2018 | Loss: 0.6889 | LR: 3.55e-05
Epoch 16/40 | Batch 1760/2018 | Loss: 0.6902 | LR: 3.54e-05
Epoch 16/40 | Batch 1800/2018 | Loss: 0.6852 | LR: 3.54e-05
Epoch 16/40 | Batch 1840/2018 | Loss: 0.6840 | LR: 3.54e-05
Epoch 16/40 | Batch 1880/2018 | Loss: 0.6858 | LR: 3.53e-05
Epoch 16/40 | Batch 1920/2018 | Loss: 0.6944 | LR: 3.53e-05
Epoch 16/40 | Batch 1960/2018 | Loss: 0.6912 | LR: 3.52e-05
Epoch 16/40 | Batch 2000/2018 | Loss: 0.6889 | LR: 3.52e-05
  Sample - Pred: [34, 40, 20, 2, 23, 40, 31, 18, 40, 10, 3, 40, 20, 3, 21] | True: [34, 40, 20, 2, 23, 40, 29, 18, 40, 10, 3, 40, 20, 25, 9]

Epoch 16 Summary:
  Train Loss: 0.6875
  Val Loss: 0.7161
  PER: 0.1988
  Avg LR: 3.61e-05
------------------------------------------------------------
  ** New best model saved! PER: 0.1988
Epoch 17/40 | Batch 0/2018 | Loss: 0.6859 | LR: 3.52e-05
Epoch 17/40 | Batch 40/2018 | Loss: 0.6868 | LR: 3.52e-05
Epoch 17/40 | Batch 80/2018 | Loss: 0.6885 | LR: 3.51e-05
Epoch 17/40 | Batch 120/2018 | Loss: 0.6886 | LR: 3.51e-05
Epoch 17/40 | Batch 160/2018 | Loss: 0.6892 | LR: 3.50e-05
Epoch 17/40 | Batch 200/2018 | Loss: 0.6856 | LR: 3.50e-05
Epoch 17/40 | Batch 240/2018 | Loss: 0.6853 | LR: 3.50e-05
Epoch 17/40 | Batch 280/2018 | Loss: 0.6848 | LR: 3.49e-05
Epoch 17/40 | Batch 320/2018 | Loss: 0.6859 | LR: 3.49e-05
Epoch 17/40 | Batch 360/2018 | Loss: 0.6882 | LR: 3.49e-05
Epoch 17/40 | Batch 400/2018 | Loss: 0.6834 | LR: 3.48e-05
Epoch 17/40 | Batch 440/2018 | Loss: 0.6847 | LR: 3.48e-05
Epoch 17/40 | Batch 480/2018 | Loss: 0.6857 | LR: 3.47e-05
Epoch 17/40 | Batch 520/2018 | Loss: 0.6907 | LR: 3.47e-05
Epoch 17/40 | Batch 560/2018 | Loss: 0.6864 | LR: 3.47e-05
Epoch 17/40 | Batch 600/2018 | Loss: 0.6860 | LR: 3.46e-05
Epoch 17/40 | Batch 640/2018 | Loss: 0.6843 | LR: 3.46e-05
Epoch 17/40 | Batch 680/2018 | Loss: 0.6869 | LR: 3.46e-05
Epoch 17/40 | Batch 720/2018 | Loss: 0.6889 | LR: 3.45e-05
Epoch 17/40 | Batch 760/2018 | Loss: 0.6859 | LR: 3.45e-05
Epoch 17/40 | Batch 800/2018 | Loss: 0.6833 | LR: 3.44e-05
Epoch 17/40 | Batch 840/2018 | Loss: 0.6840 | LR: 3.44e-05
Epoch 17/40 | Batch 880/2018 | Loss: 0.6832 | LR: 3.44e-05
Epoch 17/40 | Batch 920/2018 | Loss: 0.6825 | LR: 3.43e-05
Epoch 17/40 | Batch 960/2018 | Loss: 0.6884 | LR: 3.43e-05
Epoch 17/40 | Batch 1000/2018 | Loss: 0.6866 | LR: 3.43e-05
Epoch 17/40 | Batch 1040/2018 | Loss: 0.6839 | LR: 3.42e-05
Epoch 17/40 | Batch 1080/2018 | Loss: 0.6913 | LR: 3.42e-05
Epoch 17/40 | Batch 1120/2018 | Loss: 0.6886 | LR: 3.41e-05
Epoch 17/40 | Batch 1160/2018 | Loss: 0.6830 | LR: 3.41e-05
Epoch 17/40 | Batch 1200/2018 | Loss: 0.6871 | LR: 3.41e-05
Epoch 17/40 | Batch 1240/2018 | Loss: 0.6857 | LR: 3.40e-05
Epoch 17/40 | Batch 1280/2018 | Loss: 0.6880 | LR: 3.40e-05
Epoch 17/40 | Batch 1320/2018 | Loss: 0.6926 | LR: 3.40e-05
Epoch 17/40 | Batch 1360/2018 | Loss: 0.6865 | LR: 3.39e-05
Epoch 17/40 | Batch 1400/2018 | Loss: 0.6862 | LR: 3.39e-05
Epoch 17/40 | Batch 1440/2018 | Loss: 0.6833 | LR: 3.38e-05
Epoch 17/40 | Batch 1480/2018 | Loss: 0.6882 | LR: 3.38e-05
Epoch 17/40 | Batch 1520/2018 | Loss: 0.6854 | LR: 3.38e-05
Epoch 17/40 | Batch 1560/2018 | Loss: 0.6899 | LR: 3.37e-05
Epoch 17/40 | Batch 1600/2018 | Loss: 0.6856 | LR: 3.37e-05
Epoch 17/40 | Batch 1640/2018 | Loss: 0.6837 | LR: 3.36e-05
Epoch 17/40 | Batch 1680/2018 | Loss: 0.6852 | LR: 3.36e-05
Epoch 17/40 | Batch 1720/2018 | Loss: 0.6890 | LR: 3.36e-05
Epoch 17/40 | Batch 1760/2018 | Loss: 0.6847 | LR: 3.35e-05
Epoch 17/40 | Batch 1800/2018 | Loss: 0.6902 | LR: 3.35e-05
Epoch 17/40 | Batch 1840/2018 | Loss: 0.6887 | LR: 3.35e-05
Epoch 17/40 | Batch 1880/2018 | Loss: 0.6836 | LR: 3.34e-05
Epoch 17/40 | Batch 1920/2018 | Loss: 0.6853 | LR: 3.34e-05
Epoch 17/40 | Batch 1960/2018 | Loss: 0.6872 | LR: 3.33e-05
Epoch 17/40 | Batch 2000/2018 | Loss: 0.6840 | LR: 3.33e-05
  Sample - Pred: [34, 40, 20, 2, 23, 40, 31, 25, 40, 10, 3, 40, 20, 3, 21] | True: [34, 40, 20, 2, 23, 40, 29, 18, 40, 10, 3, 40, 20, 25, 9]

Epoch 17 Summary:
  Train Loss: 0.6866
  Val Loss: 0.7156
  PER: 0.1948
  Avg LR: 3.42e-05
------------------------------------------------------------
  ** New best model saved! PER: 0.1948
Epoch 18/40 | Batch 0/2018 | Loss: 0.6844 | LR: 3.33e-05
Epoch 18/40 | Batch 40/2018 | Loss: 0.6917 | LR: 3.32e-05
Epoch 18/40 | Batch 80/2018 | Loss: 0.6845 | LR: 3.32e-05
Epoch 18/40 | Batch 120/2018 | Loss: 0.6837 | LR: 3.32e-05
Epoch 18/40 | Batch 160/2018 | Loss: 0.6834 | LR: 3.31e-05
Epoch 18/40 | Batch 200/2018 | Loss: 0.6836 | LR: 3.31e-05
Epoch 18/40 | Batch 240/2018 | Loss: 0.6852 | LR: 3.31e-05
Epoch 18/40 | Batch 280/2018 | Loss: 0.6844 | LR: 3.30e-05
Epoch 18/40 | Batch 320/2018 | Loss: 0.6849 | LR: 3.30e-05
Epoch 18/40 | Batch 360/2018 | Loss: 0.6860 | LR: 3.29e-05
Epoch 18/40 | Batch 400/2018 | Loss: 0.6859 | LR: 3.29e-05
Epoch 18/40 | Batch 440/2018 | Loss: 0.6838 | LR: 3.29e-05
Epoch 18/40 | Batch 480/2018 | Loss: 0.6840 | LR: 3.28e-05
Epoch 18/40 | Batch 520/2018 | Loss: 0.6852 | LR: 3.28e-05
Epoch 18/40 | Batch 560/2018 | Loss: 0.6876 | LR: 3.27e-05
Epoch 18/40 | Batch 600/2018 | Loss: 0.6908 | LR: 3.27e-05
Epoch 18/40 | Batch 640/2018 | Loss: 0.6841 | LR: 3.27e-05
Epoch 18/40 | Batch 680/2018 | Loss: 0.6860 | LR: 3.26e-05
Epoch 18/40 | Batch 720/2018 | Loss: 0.6818 | LR: 3.26e-05
Epoch 18/40 | Batch 760/2018 | Loss: 0.6848 | LR: 3.26e-05
Epoch 18/40 | Batch 800/2018 | Loss: 0.6864 | LR: 3.25e-05
Epoch 18/40 | Batch 840/2018 | Loss: 0.6901 | LR: 3.25e-05
Epoch 18/40 | Batch 880/2018 | Loss: 0.6842 | LR: 3.24e-05
Epoch 18/40 | Batch 920/2018 | Loss: 0.6847 | LR: 3.24e-05
Epoch 18/40 | Batch 960/2018 | Loss: 0.6854 | LR: 3.24e-05
Epoch 18/40 | Batch 1000/2018 | Loss: 0.6850 | LR: 3.23e-05
Epoch 18/40 | Batch 1040/2018 | Loss: 0.6874 | LR: 3.23e-05
Epoch 18/40 | Batch 1080/2018 | Loss: 0.6872 | LR: 3.22e-05
Epoch 18/40 | Batch 1120/2018 | Loss: 0.6886 | LR: 3.22e-05
Epoch 18/40 | Batch 1160/2018 | Loss: 0.6857 | LR: 3.22e-05
Epoch 18/40 | Batch 1200/2018 | Loss: 0.6881 | LR: 3.21e-05
Epoch 18/40 | Batch 1240/2018 | Loss: 0.6823 | LR: 3.21e-05
Epoch 18/40 | Batch 1280/2018 | Loss: 0.6889 | LR: 3.20e-05
Epoch 18/40 | Batch 1320/2018 | Loss: 0.6847 | LR: 3.20e-05
Epoch 18/40 | Batch 1360/2018 | Loss: 0.6838 | LR: 3.20e-05
Epoch 18/40 | Batch 1400/2018 | Loss: 0.6841 | LR: 3.19e-05
Epoch 18/40 | Batch 1440/2018 | Loss: 0.6838 | LR: 3.19e-05
Epoch 18/40 | Batch 1480/2018 | Loss: 0.6837 | LR: 3.19e-05
Epoch 18/40 | Batch 1520/2018 | Loss: 0.6880 | LR: 3.18e-05
Epoch 18/40 | Batch 1560/2018 | Loss: 0.6852 | LR: 3.18e-05
Epoch 18/40 | Batch 1600/2018 | Loss: 0.6836 | LR: 3.17e-05
Epoch 18/40 | Batch 1640/2018 | Loss: 0.6869 | LR: 3.17e-05
Epoch 18/40 | Batch 1680/2018 | Loss: 0.6865 | LR: 3.17e-05
Epoch 18/40 | Batch 1720/2018 | Loss: 0.6867 | LR: 3.16e-05
Epoch 18/40 | Batch 1760/2018 | Loss: 0.6837 | LR: 3.16e-05
Epoch 18/40 | Batch 1800/2018 | Loss: 0.6865 | LR: 3.15e-05
Epoch 18/40 | Batch 1840/2018 | Loss: 0.6860 | LR: 3.15e-05
Epoch 18/40 | Batch 1880/2018 | Loss: 0.6861 | LR: 3.15e-05
Epoch 18/40 | Batch 1920/2018 | Loss: 0.6903 | LR: 3.14e-05
Epoch 18/40 | Batch 1960/2018 | Loss: 0.6835 | LR: 3.14e-05
Epoch 18/40 | Batch 2000/2018 | Loss: 0.6829 | LR: 3.13e-05
  Sample - Pred: [34, 40, 20, 2, 23, 40, 31, 18, 40, 10, 3, 40, 20, 3, 21] | True: [34, 40, 20, 2, 23, 40, 29, 18, 40, 10, 3, 40, 20, 25, 9]

Epoch 18 Summary:
  Train Loss: 0.6858
  Val Loss: 0.7155
  PER: 0.1972
  Avg LR: 3.23e-05
------------------------------------------------------------
Epoch 19/40 | Batch 0/2018 | Loss: 0.6880 | LR: 3.13e-05
Epoch 19/40 | Batch 40/2018 | Loss: 0.6861 | LR: 3.13e-05
Epoch 19/40 | Batch 80/2018 | Loss: 0.6893 | LR: 3.12e-05
Epoch 19/40 | Batch 120/2018 | Loss: 0.6913 | LR: 3.12e-05
Epoch 19/40 | Batch 160/2018 | Loss: 0.6848 | LR: 3.12e-05
Epoch 19/40 | Batch 200/2018 | Loss: 0.6880 | LR: 3.11e-05
Epoch 19/40 | Batch 240/2018 | Loss: 0.6835 | LR: 3.11e-05
Epoch 19/40 | Batch 280/2018 | Loss: 0.6869 | LR: 3.11e-05
Epoch 19/40 | Batch 320/2018 | Loss: 0.6824 | LR: 3.10e-05
Epoch 19/40 | Batch 360/2018 | Loss: 0.6844 | LR: 3.10e-05
Epoch 19/40 | Batch 400/2018 | Loss: 0.6831 | LR: 3.09e-05
Epoch 19/40 | Batch 440/2018 | Loss: 0.6877 | LR: 3.09e-05
Epoch 19/40 | Batch 480/2018 | Loss: 0.6847 | LR: 3.09e-05
Epoch 19/40 | Batch 520/2018 | Loss: 0.6846 | LR: 3.08e-05
Epoch 19/40 | Batch 560/2018 | Loss: 0.6855 | LR: 3.08e-05
Epoch 19/40 | Batch 600/2018 | Loss: 0.6887 | LR: 3.07e-05
Epoch 19/40 | Batch 640/2018 | Loss: 0.6846 | LR: 3.07e-05
Epoch 19/40 | Batch 680/2018 | Loss: 0.6884 | LR: 3.07e-05
Epoch 19/40 | Batch 720/2018 | Loss: 0.6839 | LR: 3.06e-05
Epoch 19/40 | Batch 760/2018 | Loss: 0.6853 | LR: 3.06e-05
Epoch 19/40 | Batch 800/2018 | Loss: 0.6853 | LR: 3.05e-05
Epoch 19/40 | Batch 840/2018 | Loss: 0.6860 | LR: 3.05e-05
Epoch 19/40 | Batch 880/2018 | Loss: 0.6821 | LR: 3.05e-05
Epoch 19/40 | Batch 920/2018 | Loss: 0.6846 | LR: 3.04e-05
Epoch 19/40 | Batch 960/2018 | Loss: 0.6834 | LR: 3.04e-05
Epoch 19/40 | Batch 1000/2018 | Loss: 0.6835 | LR: 3.03e-05
Epoch 19/40 | Batch 1040/2018 | Loss: 0.6846 | LR: 3.03e-05
Epoch 19/40 | Batch 1080/2018 | Loss: 0.6853 | LR: 3.03e-05
Epoch 19/40 | Batch 1120/2018 | Loss: 0.6834 | LR: 3.02e-05
Epoch 19/40 | Batch 1160/2018 | Loss: 0.6851 | LR: 3.02e-05
Epoch 19/40 | Batch 1200/2018 | Loss: 0.6862 | LR: 3.01e-05
Epoch 19/40 | Batch 1240/2018 | Loss: 0.6862 | LR: 3.01e-05
Epoch 19/40 | Batch 1280/2018 | Loss: 0.6849 | LR: 3.01e-05
Epoch 19/40 | Batch 1320/2018 | Loss: 0.6867 | LR: 3.00e-05
Epoch 19/40 | Batch 1360/2018 | Loss: 0.6878 | LR: 3.00e-05
Epoch 19/40 | Batch 1400/2018 | Loss: 0.6839 | LR: 2.99e-05
Epoch 19/40 | Batch 1440/2018 | Loss: 0.6841 | LR: 2.99e-05
Epoch 19/40 | Batch 1480/2018 | Loss: 0.6845 | LR: 2.99e-05
Epoch 19/40 | Batch 1520/2018 | Loss: 0.6851 | LR: 2.98e-05
Epoch 19/40 | Batch 1560/2018 | Loss: 0.6875 | LR: 2.98e-05
Epoch 19/40 | Batch 1600/2018 | Loss: 0.6839 | LR: 2.97e-05
Epoch 19/40 | Batch 1640/2018 | Loss: 0.6866 | LR: 2.97e-05
Epoch 19/40 | Batch 1680/2018 | Loss: 0.6831 | LR: 2.97e-05
Epoch 19/40 | Batch 1720/2018 | Loss: 0.6865 | LR: 2.96e-05
Epoch 19/40 | Batch 1760/2018 | Loss: 0.6842 | LR: 2.96e-05
Epoch 19/40 | Batch 1800/2018 | Loss: 0.6826 | LR: 2.95e-05
Epoch 19/40 | Batch 1840/2018 | Loss: 0.6857 | LR: 2.95e-05
Epoch 19/40 | Batch 1880/2018 | Loss: 0.6851 | LR: 2.95e-05
Epoch 19/40 | Batch 1920/2018 | Loss: 0.6847 | LR: 2.94e-05
Epoch 19/40 | Batch 1960/2018 | Loss: 0.6880 | LR: 2.94e-05
Epoch 19/40 | Batch 2000/2018 | Loss: 0.6840 | LR: 2.93e-05
  Sample - Pred: [34, 40, 20, 2, 23, 40, 31, 18, 40, 10, 3, 40, 20, 3, 21] | True: [34, 40, 20, 2, 23, 40, 29, 18, 40, 10, 3, 40, 20, 25, 9]

Epoch 19 Summary:
  Train Loss: 0.6852
  Val Loss: 0.7151
  PER: 0.1926
  Avg LR: 3.03e-05
------------------------------------------------------------
  ** New best model saved! PER: 0.1926
Epoch 20/40 | Batch 0/2018 | Loss: 0.6844 | LR: 2.93e-05
Epoch 20/40 | Batch 40/2018 | Loss: 0.6831 | LR: 2.93e-05
Epoch 20/40 | Batch 80/2018 | Loss: 0.6831 | LR: 2.92e-05
Epoch 20/40 | Batch 120/2018 | Loss: 0.6838 | LR: 2.92e-05
Epoch 20/40 | Batch 160/2018 | Loss: 0.6856 | LR: 2.92e-05
Epoch 20/40 | Batch 200/2018 | Loss: 0.6864 | LR: 2.91e-05
Epoch 20/40 | Batch 240/2018 | Loss: 0.6847 | LR: 2.91e-05
Epoch 20/40 | Batch 280/2018 | Loss: 0.6850 | LR: 2.90e-05
Epoch 20/40 | Batch 320/2018 | Loss: 0.6829 | LR: 2.90e-05
Epoch 20/40 | Batch 360/2018 | Loss: 0.6829 | LR: 2.90e-05
Epoch 20/40 | Batch 400/2018 | Loss: 0.6830 | LR: 2.89e-05
Epoch 20/40 | Batch 440/2018 | Loss: 0.6857 | LR: 2.89e-05
Epoch 20/40 | Batch 480/2018 | Loss: 0.6894 | LR: 2.88e-05
Epoch 20/40 | Batch 520/2018 | Loss: 0.6830 | LR: 2.88e-05
Epoch 20/40 | Batch 560/2018 | Loss: 0.6840 | LR: 2.88e-05
Epoch 20/40 | Batch 600/2018 | Loss: 0.6848 | LR: 2.87e-05
Epoch 20/40 | Batch 640/2018 | Loss: 0.6867 | LR: 2.87e-05
Epoch 20/40 | Batch 680/2018 | Loss: 0.6843 | LR: 2.86e-05
Epoch 20/40 | Batch 720/2018 | Loss: 0.6861 | LR: 2.86e-05
Epoch 20/40 | Batch 760/2018 | Loss: 0.6827 | LR: 2.86e-05
Epoch 20/40 | Batch 800/2018 | Loss: 0.6875 | LR: 2.85e-05
Epoch 20/40 | Batch 840/2018 | Loss: 0.6850 | LR: 2.85e-05
Epoch 20/40 | Batch 880/2018 | Loss: 0.6848 | LR: 2.84e-05
Epoch 20/40 | Batch 920/2018 | Loss: 0.6854 | LR: 2.84e-05
Epoch 20/40 | Batch 960/2018 | Loss: 0.6848 | LR: 2.84e-05
Epoch 20/40 | Batch 1000/2018 | Loss: 0.6832 | LR: 2.83e-05
Epoch 20/40 | Batch 1040/2018 | Loss: 0.6871 | LR: 2.83e-05
Epoch 20/40 | Batch 1080/2018 | Loss: 0.6857 | LR: 2.82e-05
Epoch 20/40 | Batch 1120/2018 | Loss: 0.6849 | LR: 2.82e-05
Epoch 20/40 | Batch 1160/2018 | Loss: 0.6823 | LR: 2.82e-05
Epoch 20/40 | Batch 1200/2018 | Loss: 0.6845 | LR: 2.81e-05
Epoch 20/40 | Batch 1240/2018 | Loss: 0.6915 | LR: 2.81e-05
Epoch 20/40 | Batch 1280/2018 | Loss: 0.6861 | LR: 2.80e-05
Epoch 20/40 | Batch 1320/2018 | Loss: 0.6880 | LR: 2.80e-05
Epoch 20/40 | Batch 1360/2018 | Loss: 0.6851 | LR: 2.80e-05
Epoch 20/40 | Batch 1400/2018 | Loss: 0.6819 | LR: 2.79e-05
Epoch 20/40 | Batch 1440/2018 | Loss: 0.6856 | LR: 2.79e-05
Epoch 20/40 | Batch 1480/2018 | Loss: 0.6845 | LR: 2.78e-05
Epoch 20/40 | Batch 1520/2018 | Loss: 0.6878 | LR: 2.78e-05
Epoch 20/40 | Batch 1560/2018 | Loss: 0.6849 | LR: 2.78e-05
Epoch 20/40 | Batch 1600/2018 | Loss: 0.6860 | LR: 2.77e-05
Epoch 20/40 | Batch 1640/2018 | Loss: 0.6862 | LR: 2.77e-05
Epoch 20/40 | Batch 1680/2018 | Loss: 0.6824 | LR: 2.76e-05
Epoch 20/40 | Batch 1720/2018 | Loss: 0.6831 | LR: 2.76e-05
Epoch 20/40 | Batch 1760/2018 | Loss: 0.6837 | LR: 2.76e-05
Epoch 20/40 | Batch 1800/2018 | Loss: 0.6832 | LR: 2.75e-05
Epoch 20/40 | Batch 1840/2018 | Loss: 0.6850 | LR: 2.75e-05
Epoch 20/40 | Batch 1880/2018 | Loss: 0.6840 | LR: 2.74e-05
Epoch 20/40 | Batch 1920/2018 | Loss: 0.6856 | LR: 2.74e-05
Epoch 20/40 | Batch 1960/2018 | Loss: 0.6826 | LR: 2.74e-05
Epoch 20/40 | Batch 2000/2018 | Loss: 0.6831 | LR: 2.73e-05
  Sample - Pred: [34, 40, 20, 2, 23, 40, 7, 18, 40, 10, 3, 40, 20, 3, 21] | True: [34, 40, 20, 2, 23, 40, 29, 18, 40, 10, 3, 40, 20, 25, 9]

Epoch 20 Summary:
  Train Loss: 0.6846
  Val Loss: 0.7147
  PER: 0.1918
  Avg LR: 2.83e-05
------------------------------------------------------------
  ** New best model saved! PER: 0.1918
Epoch 21/40 | Batch 0/2018 | Loss: 0.6831 | LR: 2.73e-05
Epoch 21/40 | Batch 40/2018 | Loss: 0.6836 | LR: 2.73e-05
Epoch 21/40 | Batch 80/2018 | Loss: 0.6838 | LR: 2.72e-05
Epoch 21/40 | Batch 120/2018 | Loss: 0.6835 | LR: 2.72e-05
Epoch 21/40 | Batch 160/2018 | Loss: 0.6828 | LR: 2.71e-05
Epoch 21/40 | Batch 200/2018 | Loss: 0.6836 | LR: 2.71e-05
Epoch 21/40 | Batch 240/2018 | Loss: 0.6835 | LR: 2.71e-05
Epoch 21/40 | Batch 280/2018 | Loss: 0.6832 | LR: 2.70e-05
Epoch 21/40 | Batch 320/2018 | Loss: 0.6862 | LR: 2.70e-05
Epoch 21/40 | Batch 360/2018 | Loss: 0.6855 | LR: 2.69e-05
Epoch 21/40 | Batch 400/2018 | Loss: 0.6840 | LR: 2.69e-05
Epoch 21/40 | Batch 440/2018 | Loss: 0.6826 | LR: 2.68e-05
Epoch 21/40 | Batch 480/2018 | Loss: 0.6836 | LR: 2.68e-05
Epoch 21/40 | Batch 520/2018 | Loss: 0.6822 | LR: 2.68e-05
Epoch 21/40 | Batch 560/2018 | Loss: 0.6855 | LR: 2.67e-05
Epoch 21/40 | Batch 600/2018 | Loss: 0.6830 | LR: 2.67e-05
Epoch 21/40 | Batch 640/2018 | Loss: 0.6895 | LR: 2.66e-05
Epoch 21/40 | Batch 680/2018 | Loss: 0.6852 | LR: 2.66e-05
Epoch 21/40 | Batch 720/2018 | Loss: 0.6841 | LR: 2.66e-05
Epoch 21/40 | Batch 760/2018 | Loss: 0.6826 | LR: 2.65e-05
Epoch 21/40 | Batch 800/2018 | Loss: 0.6828 | LR: 2.65e-05
Epoch 21/40 | Batch 840/2018 | Loss: 0.6855 | LR: 2.64e-05
Epoch 21/40 | Batch 880/2018 | Loss: 0.6848 | LR: 2.64e-05
Epoch 21/40 | Batch 920/2018 | Loss: 0.6831 | LR: 2.64e-05
Epoch 21/40 | Batch 960/2018 | Loss: 0.6854 | LR: 2.63e-05
Epoch 21/40 | Batch 1000/2018 | Loss: 0.6858 | LR: 2.63e-05
Epoch 21/40 | Batch 1040/2018 | Loss: 0.6852 | LR: 2.62e-05
Epoch 21/40 | Batch 1080/2018 | Loss: 0.6840 | LR: 2.62e-05
Epoch 21/40 | Batch 1120/2018 | Loss: 0.6858 | LR: 2.62e-05
Epoch 21/40 | Batch 1160/2018 | Loss: 0.6912 | LR: 2.61e-05
Epoch 21/40 | Batch 1200/2018 | Loss: 0.6829 | LR: 2.61e-05
Epoch 21/40 | Batch 1240/2018 | Loss: 0.6873 | LR: 2.60e-05
Epoch 21/40 | Batch 1280/2018 | Loss: 0.6829 | LR: 2.60e-05
Epoch 21/40 | Batch 1320/2018 | Loss: 0.6823 | LR: 2.60e-05
Epoch 21/40 | Batch 1360/2018 | Loss: 0.6871 | LR: 2.59e-05
Epoch 21/40 | Batch 1400/2018 | Loss: 0.6842 | LR: 2.59e-05
Epoch 21/40 | Batch 1440/2018 | Loss: 0.6844 | LR: 2.58e-05
Epoch 21/40 | Batch 1480/2018 | Loss: 0.6828 | LR: 2.58e-05
Epoch 21/40 | Batch 1520/2018 | Loss: 0.6853 | LR: 2.58e-05
Epoch 21/40 | Batch 1560/2018 | Loss: 0.6852 | LR: 2.57e-05
Epoch 21/40 | Batch 1600/2018 | Loss: 0.6910 | LR: 2.57e-05
Epoch 21/40 | Batch 1640/2018 | Loss: 0.6841 | LR: 2.56e-05
Epoch 21/40 | Batch 1680/2018 | Loss: 0.6849 | LR: 2.56e-05
Epoch 21/40 | Batch 1720/2018 | Loss: 0.6865 | LR: 2.56e-05
Epoch 21/40 | Batch 1760/2018 | Loss: 0.6871 | LR: 2.55e-05
Epoch 21/40 | Batch 1800/2018 | Loss: 0.6871 | LR: 2.55e-05
Epoch 21/40 | Batch 1840/2018 | Loss: 0.6835 | LR: 2.54e-05
Epoch 21/40 | Batch 1880/2018 | Loss: 0.6827 | LR: 2.54e-05
Epoch 21/40 | Batch 1920/2018 | Loss: 0.6833 | LR: 2.53e-05
Epoch 21/40 | Batch 1960/2018 | Loss: 0.6853 | LR: 2.53e-05
Epoch 21/40 | Batch 2000/2018 | Loss: 0.6824 | LR: 2.53e-05
  Sample - Pred: [34, 40, 20, 2, 23, 40, 31, 18, 40, 10, 3, 40, 20, 3, 21] | True: [34, 40, 20, 2, 23, 40, 29, 18, 40, 10, 3, 40, 20, 25, 9]

Epoch 21 Summary:
  Train Loss: 0.6841
  Val Loss: 0.7139
  PER: 0.1873
  Avg LR: 2.63e-05
------------------------------------------------------------
  ** New best model saved! PER: 0.1873
Epoch 22/40 | Batch 0/2018 | Loss: 0.6842 | LR: 2.53e-05
Epoch 22/40 | Batch 40/2018 | Loss: 0.6826 | LR: 2.52e-05
Epoch 22/40 | Batch 80/2018 | Loss: 0.6829 | LR: 2.52e-05
Epoch 22/40 | Batch 120/2018 | Loss: 0.6815 | LR: 2.51e-05
Epoch 22/40 | Batch 160/2018 | Loss: 0.6839 | LR: 2.51e-05
Epoch 22/40 | Batch 200/2018 | Loss: 0.6835 | LR: 2.50e-05
Epoch 22/40 | Batch 240/2018 | Loss: 0.6821 | LR: 2.50e-05
Epoch 22/40 | Batch 280/2018 | Loss: 0.6832 | LR: 2.50e-05
Epoch 22/40 | Batch 320/2018 | Loss: 0.6822 | LR: 2.49e-05
Epoch 22/40 | Batch 360/2018 | Loss: 0.6822 | LR: 2.49e-05
Epoch 22/40 | Batch 400/2018 | Loss: 0.6915 | LR: 2.48e-05
Epoch 22/40 | Batch 440/2018 | Loss: 0.6844 | LR: 2.48e-05
Epoch 22/40 | Batch 480/2018 | Loss: 0.6836 | LR: 2.48e-05
Epoch 22/40 | Batch 520/2018 | Loss: 0.6843 | LR: 2.47e-05
Epoch 22/40 | Batch 560/2018 | Loss: 0.6838 | LR: 2.47e-05
Epoch 22/40 | Batch 600/2018 | Loss: 0.6830 | LR: 2.46e-05
Epoch 22/40 | Batch 640/2018 | Loss: 0.6836 | LR: 2.46e-05
Epoch 22/40 | Batch 680/2018 | Loss: 0.6832 | LR: 2.46e-05
Epoch 22/40 | Batch 720/2018 | Loss: 0.6823 | LR: 2.45e-05
Epoch 22/40 | Batch 760/2018 | Loss: 0.6846 | LR: 2.45e-05
Epoch 22/40 | Batch 800/2018 | Loss: 0.6848 | LR: 2.44e-05
Epoch 22/40 | Batch 840/2018 | Loss: 0.6841 | LR: 2.44e-05
Epoch 22/40 | Batch 880/2018 | Loss: 0.6854 | LR: 2.44e-05
Epoch 22/40 | Batch 920/2018 | Loss: 0.6832 | LR: 2.43e-05
Epoch 22/40 | Batch 960/2018 | Loss: 0.6831 | LR: 2.43e-05
Epoch 22/40 | Batch 1000/2018 | Loss: 0.6841 | LR: 2.42e-05
Epoch 22/40 | Batch 1040/2018 | Loss: 0.6828 | LR: 2.42e-05
Epoch 22/40 | Batch 1080/2018 | Loss: 0.6833 | LR: 2.42e-05
Epoch 22/40 | Batch 1120/2018 | Loss: 0.6818 | LR: 2.41e-05
Epoch 22/40 | Batch 1160/2018 | Loss: 0.6821 | LR: 2.41e-05
Epoch 22/40 | Batch 1200/2018 | Loss: 0.6844 | LR: 2.40e-05
Epoch 22/40 | Batch 1240/2018 | Loss: 0.6832 | LR: 2.40e-05
Epoch 22/40 | Batch 1280/2018 | Loss: 0.6829 | LR: 2.40e-05
Epoch 22/40 | Batch 1320/2018 | Loss: 0.6823 | LR: 2.39e-05
Epoch 22/40 | Batch 1360/2018 | Loss: 0.6820 | LR: 2.39e-05
Epoch 22/40 | Batch 1400/2018 | Loss: 0.6854 | LR: 2.38e-05
Epoch 22/40 | Batch 1440/2018 | Loss: 0.6833 | LR: 2.38e-05
Epoch 22/40 | Batch 1480/2018 | Loss: 0.6830 | LR: 2.38e-05
Epoch 22/40 | Batch 1520/2018 | Loss: 0.6832 | LR: 2.37e-05
Epoch 22/40 | Batch 1560/2018 | Loss: 0.6828 | LR: 2.37e-05
Epoch 22/40 | Batch 1600/2018 | Loss: 0.6827 | LR: 2.36e-05
Epoch 22/40 | Batch 1640/2018 | Loss: 0.6849 | LR: 2.36e-05
Epoch 22/40 | Batch 1680/2018 | Loss: 0.6826 | LR: 2.35e-05
Epoch 22/40 | Batch 1720/2018 | Loss: 0.6821 | LR: 2.35e-05
Epoch 22/40 | Batch 1760/2018 | Loss: 0.6837 | LR: 2.35e-05
Epoch 22/40 | Batch 1800/2018 | Loss: 0.6823 | LR: 2.34e-05
Epoch 22/40 | Batch 1840/2018 | Loss: 0.6826 | LR: 2.34e-05
Epoch 22/40 | Batch 1880/2018 | Loss: 0.6843 | LR: 2.33e-05
Epoch 22/40 | Batch 1920/2018 | Loss: 0.6843 | LR: 2.33e-05
Epoch 22/40 | Batch 1960/2018 | Loss: 0.6829 | LR: 2.33e-05
Epoch 22/40 | Batch 2000/2018 | Loss: 0.6839 | LR: 2.32e-05
  Sample - Pred: [34, 40, 20, 2, 23, 40, 29, 18, 40, 10, 3, 40, 20, 3, 21] | True: [34, 40, 20, 2, 23, 40, 29, 18, 40, 10, 3, 40, 20, 25, 9]

Epoch 22 Summary:
  Train Loss: 0.6836
  Val Loss: 0.7144
  PER: 0.1887
  Avg LR: 2.42e-05
------------------------------------------------------------
Epoch 23/40 | Batch 0/2018 | Loss: 0.6833 | LR: 2.32e-05
Epoch 23/40 | Batch 40/2018 | Loss: 0.6825 | LR: 2.32e-05
Epoch 23/40 | Batch 80/2018 | Loss: 0.6839 | LR: 2.31e-05
Epoch 23/40 | Batch 120/2018 | Loss: 0.6826 | LR: 2.31e-05
Epoch 23/40 | Batch 160/2018 | Loss: 0.6817 | LR: 2.30e-05
Epoch 23/40 | Batch 200/2018 | Loss: 0.6814 | LR: 2.30e-05
Epoch 23/40 | Batch 240/2018 | Loss: 0.6827 | LR: 2.30e-05
Epoch 23/40 | Batch 280/2018 | Loss: 0.6819 | LR: 2.29e-05
Epoch 23/40 | Batch 320/2018 | Loss: 0.6827 | LR: 2.29e-05
Epoch 23/40 | Batch 360/2018 | Loss: 0.6827 | LR: 2.28e-05
Epoch 23/40 | Batch 400/2018 | Loss: 0.6837 | LR: 2.28e-05
Epoch 23/40 | Batch 440/2018 | Loss: 0.6837 | LR: 2.28e-05
Epoch 23/40 | Batch 480/2018 | Loss: 0.6842 | LR: 2.27e-05
Epoch 23/40 | Batch 520/2018 | Loss: 0.6834 | LR: 2.27e-05
Epoch 23/40 | Batch 560/2018 | Loss: 0.6834 | LR: 2.26e-05
Epoch 23/40 | Batch 600/2018 | Loss: 0.6831 | LR: 2.26e-05
Epoch 23/40 | Batch 640/2018 | Loss: 0.6858 | LR: 2.26e-05
Epoch 23/40 | Batch 680/2018 | Loss: 0.6823 | LR: 2.25e-05
Epoch 23/40 | Batch 720/2018 | Loss: 0.6854 | LR: 2.25e-05
Epoch 23/40 | Batch 760/2018 | Loss: 0.6812 | LR: 2.24e-05
Epoch 23/40 | Batch 800/2018 | Loss: 0.6851 | LR: 2.24e-05
Epoch 23/40 | Batch 840/2018 | Loss: 0.6850 | LR: 2.24e-05
Epoch 23/40 | Batch 880/2018 | Loss: 0.6831 | LR: 2.23e-05
Epoch 23/40 | Batch 920/2018 | Loss: 0.6831 | LR: 2.23e-05
Epoch 23/40 | Batch 960/2018 | Loss: 0.6826 | LR: 2.22e-05
Epoch 23/40 | Batch 1000/2018 | Loss: 0.6837 | LR: 2.22e-05
Epoch 23/40 | Batch 1040/2018 | Loss: 0.6822 | LR: 2.22e-05
Epoch 23/40 | Batch 1080/2018 | Loss: 0.6820 | LR: 2.21e-05
Epoch 23/40 | Batch 1120/2018 | Loss: 0.6835 | LR: 2.21e-05
Epoch 23/40 | Batch 1160/2018 | Loss: 0.6826 | LR: 2.20e-05
Epoch 23/40 | Batch 1200/2018 | Loss: 0.6830 | LR: 2.20e-05
Epoch 23/40 | Batch 1240/2018 | Loss: 0.6855 | LR: 2.20e-05
Epoch 23/40 | Batch 1280/2018 | Loss: 0.6829 | LR: 2.19e-05
Epoch 23/40 | Batch 1320/2018 | Loss: 0.6828 | LR: 2.19e-05
Epoch 23/40 | Batch 1360/2018 | Loss: 0.6828 | LR: 2.18e-05
Epoch 23/40 | Batch 1400/2018 | Loss: 0.6817 | LR: 2.18e-05
Epoch 23/40 | Batch 1440/2018 | Loss: 0.6832 | LR: 2.18e-05
Epoch 23/40 | Batch 1480/2018 | Loss: 0.6857 | LR: 2.17e-05
Epoch 23/40 | Batch 1520/2018 | Loss: 0.6873 | LR: 2.17e-05
Epoch 23/40 | Batch 1560/2018 | Loss: 0.6835 | LR: 2.16e-05
Epoch 23/40 | Batch 1600/2018 | Loss: 0.6833 | LR: 2.16e-05
Epoch 23/40 | Batch 1640/2018 | Loss: 0.6831 | LR: 2.16e-05
Epoch 23/40 | Batch 1680/2018 | Loss: 0.6823 | LR: 2.15e-05
Epoch 23/40 | Batch 1720/2018 | Loss: 0.6861 | LR: 2.15e-05
Epoch 23/40 | Batch 1760/2018 | Loss: 0.6853 | LR: 2.14e-05
Epoch 23/40 | Batch 1800/2018 | Loss: 0.6814 | LR: 2.14e-05
Epoch 23/40 | Batch 1840/2018 | Loss: 0.6830 | LR: 2.14e-05
Epoch 23/40 | Batch 1880/2018 | Loss: 0.6823 | LR: 2.13e-05
Epoch 23/40 | Batch 1920/2018 | Loss: 0.6809 | LR: 2.13e-05
Epoch 23/40 | Batch 1960/2018 | Loss: 0.6834 | LR: 2.12e-05
Epoch 23/40 | Batch 2000/2018 | Loss: 0.6832 | LR: 2.12e-05
  Sample - Pred: [34, 40, 20, 2, 23, 40, 29, 18, 40, 10, 3, 40, 20, 3, 21] | True: [34, 40, 20, 2, 23, 40, 29, 18, 40, 10, 3, 40, 20, 25, 9]

Epoch 23 Summary:
  Train Loss: 0.6833
  Val Loss: 0.7141
  PER: 0.1859
  Avg LR: 2.22e-05
------------------------------------------------------------
  ** New best model saved! PER: 0.1859
Epoch 24/40 | Batch 0/2018 | Loss: 0.6823 | LR: 2.12e-05
Epoch 24/40 | Batch 40/2018 | Loss: 0.6838 | LR: 2.11e-05
Epoch 24/40 | Batch 80/2018 | Loss: 0.6816 | LR: 2.11e-05
Epoch 24/40 | Batch 120/2018 | Loss: 0.6821 | LR: 2.11e-05
Epoch 24/40 | Batch 160/2018 | Loss: 0.6817 | LR: 2.10e-05
Epoch 24/40 | Batch 200/2018 | Loss: 0.6862 | LR: 2.10e-05
Epoch 24/40 | Batch 240/2018 | Loss: 0.6819 | LR: 2.09e-05
Epoch 24/40 | Batch 280/2018 | Loss: 0.6826 | LR: 2.09e-05
Epoch 24/40 | Batch 320/2018 | Loss: 0.6831 | LR: 2.09e-05
Epoch 24/40 | Batch 360/2018 | Loss: 0.6833 | LR: 2.08e-05
Epoch 24/40 | Batch 400/2018 | Loss: 0.6832 | LR: 2.08e-05
Epoch 24/40 | Batch 440/2018 | Loss: 0.6824 | LR: 2.07e-05
Epoch 24/40 | Batch 480/2018 | Loss: 0.6825 | LR: 2.07e-05
Epoch 24/40 | Batch 520/2018 | Loss: 0.6820 | LR: 2.07e-05
Epoch 24/40 | Batch 560/2018 | Loss: 0.6863 | LR: 2.06e-05
Epoch 24/40 | Batch 600/2018 | Loss: 0.6832 | LR: 2.06e-05
Epoch 24/40 | Batch 640/2018 | Loss: 0.6820 | LR: 2.05e-05
Epoch 24/40 | Batch 680/2018 | Loss: 0.6834 | LR: 2.05e-05
Epoch 24/40 | Batch 720/2018 | Loss: 0.6828 | LR: 2.05e-05
Epoch 24/40 | Batch 760/2018 | Loss: 0.6838 | LR: 2.04e-05
Epoch 24/40 | Batch 800/2018 | Loss: 0.6819 | LR: 2.04e-05
Epoch 24/40 | Batch 840/2018 | Loss: 0.6828 | LR: 2.03e-05
Epoch 24/40 | Batch 880/2018 | Loss: 0.6830 | LR: 2.03e-05
Epoch 24/40 | Batch 920/2018 | Loss: 0.6819 | LR: 2.03e-05
Epoch 24/40 | Batch 960/2018 | Loss: 0.6837 | LR: 2.02e-05
Epoch 24/40 | Batch 1000/2018 | Loss: 0.6824 | LR: 2.02e-05
Epoch 24/40 | Batch 1040/2018 | Loss: 0.6837 | LR: 2.01e-05
Epoch 24/40 | Batch 1080/2018 | Loss: 0.6815 | LR: 2.01e-05
Epoch 24/40 | Batch 1120/2018 | Loss: 0.6816 | LR: 2.01e-05
Epoch 24/40 | Batch 1160/2018 | Loss: 0.6833 | LR: 2.00e-05
Epoch 24/40 | Batch 1200/2018 | Loss: 0.6842 | LR: 2.00e-05
Epoch 24/40 | Batch 1240/2018 | Loss: 0.6828 | LR: 1.99e-05
Epoch 24/40 | Batch 1280/2018 | Loss: 0.6820 | LR: 1.99e-05
Epoch 24/40 | Batch 1320/2018 | Loss: 0.6826 | LR: 1.99e-05
Epoch 24/40 | Batch 1360/2018 | Loss: 0.6825 | LR: 1.98e-05
Epoch 24/40 | Batch 1400/2018 | Loss: 0.6815 | LR: 1.98e-05
Epoch 24/40 | Batch 1440/2018 | Loss: 0.6844 | LR: 1.97e-05
Epoch 24/40 | Batch 1480/2018 | Loss: 0.6823 | LR: 1.97e-05
Epoch 24/40 | Batch 1520/2018 | Loss: 0.6853 | LR: 1.97e-05
Epoch 24/40 | Batch 1560/2018 | Loss: 0.6838 | LR: 1.96e-05
Epoch 24/40 | Batch 1600/2018 | Loss: 0.6818 | LR: 1.96e-05
Epoch 24/40 | Batch 1640/2018 | Loss: 0.6840 | LR: 1.95e-05
Epoch 24/40 | Batch 1680/2018 | Loss: 0.6823 | LR: 1.95e-05
Epoch 24/40 | Batch 1720/2018 | Loss: 0.6853 | LR: 1.95e-05
Epoch 24/40 | Batch 1760/2018 | Loss: 0.6823 | LR: 1.94e-05
Epoch 24/40 | Batch 1800/2018 | Loss: 0.6826 | LR: 1.94e-05
Epoch 24/40 | Batch 1840/2018 | Loss: 0.6837 | LR: 1.93e-05
Epoch 24/40 | Batch 1880/2018 | Loss: 0.6870 | LR: 1.93e-05
Epoch 24/40 | Batch 1920/2018 | Loss: 0.6817 | LR: 1.93e-05
Epoch 24/40 | Batch 1960/2018 | Loss: 0.6826 | LR: 1.92e-05
Epoch 24/40 | Batch 2000/2018 | Loss: 0.6837 | LR: 1.92e-05
  Sample - Pred: [34, 40, 20, 2, 23, 40, 31, 18, 40, 10, 3, 40, 20, 3, 23] | True: [34, 40, 20, 2, 23, 40, 29, 18, 40, 10, 3, 40, 20, 25, 9]

Epoch 24 Summary:
  Train Loss: 0.6830
  Val Loss: 0.7127
  PER: 0.1825
  Avg LR: 2.02e-05
------------------------------------------------------------
  ** New best model saved! PER: 0.1825
Epoch 25/40 | Batch 0/2018 | Loss: 0.6822 | LR: 1.92e-05
Epoch 25/40 | Batch 40/2018 | Loss: 0.6817 | LR: 1.91e-05
Epoch 25/40 | Batch 80/2018 | Loss: 0.6818 | LR: 1.91e-05
Epoch 25/40 | Batch 120/2018 | Loss: 0.6818 | LR: 1.91e-05
Epoch 25/40 | Batch 160/2018 | Loss: 0.6828 | LR: 1.90e-05
Epoch 25/40 | Batch 200/2018 | Loss: 0.6819 | LR: 1.90e-05
Epoch 25/40 | Batch 240/2018 | Loss: 0.6839 | LR: 1.89e-05
Epoch 25/40 | Batch 280/2018 | Loss: 0.6826 | LR: 1.89e-05
Epoch 25/40 | Batch 320/2018 | Loss: 0.6839 | LR: 1.89e-05
Epoch 25/40 | Batch 360/2018 | Loss: 0.6821 | LR: 1.88e-05
Epoch 25/40 | Batch 400/2018 | Loss: 0.6852 | LR: 1.88e-05
Epoch 25/40 | Batch 440/2018 | Loss: 0.6815 | LR: 1.87e-05
Epoch 25/40 | Batch 480/2018 | Loss: 0.6835 | LR: 1.87e-05
Epoch 25/40 | Batch 520/2018 | Loss: 0.6817 | LR: 1.87e-05
Epoch 25/40 | Batch 560/2018 | Loss: 0.6817 | LR: 1.86e-05
Epoch 25/40 | Batch 600/2018 | Loss: 0.6827 | LR: 1.86e-05
Epoch 25/40 | Batch 640/2018 | Loss: 0.6812 | LR: 1.85e-05
Epoch 25/40 | Batch 680/2018 | Loss: 0.6840 | LR: 1.85e-05
Epoch 25/40 | Batch 720/2018 | Loss: 0.6832 | LR: 1.85e-05
Epoch 25/40 | Batch 760/2018 | Loss: 0.6824 | LR: 1.84e-05
Epoch 25/40 | Batch 800/2018 | Loss: 0.6837 | LR: 1.84e-05
Epoch 25/40 | Batch 840/2018 | Loss: 0.6809 | LR: 1.84e-05
Epoch 25/40 | Batch 880/2018 | Loss: 0.6834 | LR: 1.83e-05
Epoch 25/40 | Batch 920/2018 | Loss: 0.6827 | LR: 1.83e-05
Epoch 25/40 | Batch 960/2018 | Loss: 0.6841 | LR: 1.82e-05
Epoch 25/40 | Batch 1000/2018 | Loss: 0.6817 | LR: 1.82e-05
Epoch 25/40 | Batch 1040/2018 | Loss: 0.6844 | LR: 1.82e-05
Epoch 25/40 | Batch 1080/2018 | Loss: 0.6844 | LR: 1.81e-05
Epoch 25/40 | Batch 1120/2018 | Loss: 0.6835 | LR: 1.81e-05
Epoch 25/40 | Batch 1160/2018 | Loss: 0.6824 | LR: 1.80e-05
Epoch 25/40 | Batch 1200/2018 | Loss: 0.6819 | LR: 1.80e-05
Epoch 25/40 | Batch 1240/2018 | Loss: 0.6815 | LR: 1.80e-05
Epoch 25/40 | Batch 1280/2018 | Loss: 0.6814 | LR: 1.79e-05
Epoch 25/40 | Batch 1320/2018 | Loss: 0.6822 | LR: 1.79e-05
Epoch 25/40 | Batch 1360/2018 | Loss: 0.6839 | LR: 1.78e-05
Epoch 25/40 | Batch 1400/2018 | Loss: 0.6841 | LR: 1.78e-05
Epoch 25/40 | Batch 1440/2018 | Loss: 0.6843 | LR: 1.78e-05
Epoch 25/40 | Batch 1480/2018 | Loss: 0.6826 | LR: 1.77e-05
Epoch 25/40 | Batch 1520/2018 | Loss: 0.6819 | LR: 1.77e-05
Epoch 25/40 | Batch 1560/2018 | Loss: 0.6818 | LR: 1.77e-05
Epoch 25/40 | Batch 1600/2018 | Loss: 0.6826 | LR: 1.76e-05
Epoch 25/40 | Batch 1640/2018 | Loss: 0.6821 | LR: 1.76e-05
Epoch 25/40 | Batch 1680/2018 | Loss: 0.6832 | LR: 1.75e-05
Epoch 25/40 | Batch 1720/2018 | Loss: 0.6838 | LR: 1.75e-05
Epoch 25/40 | Batch 1760/2018 | Loss: 0.6851 | LR: 1.75e-05
Epoch 25/40 | Batch 1800/2018 | Loss: 0.6822 | LR: 1.74e-05
Epoch 25/40 | Batch 1840/2018 | Loss: 0.6831 | LR: 1.74e-05
Epoch 25/40 | Batch 1880/2018 | Loss: 0.6850 | LR: 1.73e-05
Epoch 25/40 | Batch 1920/2018 | Loss: 0.6819 | LR: 1.73e-05
Epoch 25/40 | Batch 1960/2018 | Loss: 0.6815 | LR: 1.73e-05
Epoch 25/40 | Batch 2000/2018 | Loss: 0.6819 | LR: 1.72e-05
  Sample - Pred: [34, 40, 20, 2, 23, 40, 29, 18, 40, 10, 3, 40, 20, 3, 21] | True: [34, 40, 20, 2, 23, 40, 29, 18, 40, 10, 3, 40, 20, 25, 9]

Epoch 25 Summary:
  Train Loss: 0.6827
  Val Loss: 0.7125
  PER: 0.1802
  Avg LR: 1.82e-05
------------------------------------------------------------
  ** New best model saved! PER: 0.1802
Epoch 26/40 | Batch 0/2018 | Loss: 0.6820 | LR: 1.72e-05
Epoch 26/40 | Batch 40/2018 | Loss: 0.6836 | LR: 1.72e-05
Epoch 26/40 | Batch 80/2018 | Loss: 0.6812 | LR: 1.71e-05
Epoch 26/40 | Batch 120/2018 | Loss: 0.6832 | LR: 1.71e-05
Epoch 26/40 | Batch 160/2018 | Loss: 0.6822 | LR: 1.71e-05
Epoch 26/40 | Batch 200/2018 | Loss: 0.6812 | LR: 1.70e-05
Epoch 26/40 | Batch 240/2018 | Loss: 0.6830 | LR: 1.70e-05
Epoch 26/40 | Batch 280/2018 | Loss: 0.6830 | LR: 1.69e-05
Epoch 26/40 | Batch 320/2018 | Loss: 0.6813 | LR: 1.69e-05
Epoch 26/40 | Batch 360/2018 | Loss: 0.6821 | LR: 1.69e-05
Epoch 26/40 | Batch 400/2018 | Loss: 0.6846 | LR: 1.68e-05
Epoch 26/40 | Batch 440/2018 | Loss: 0.6813 | LR: 1.68e-05
Epoch 26/40 | Batch 480/2018 | Loss: 0.6827 | LR: 1.68e-05
Epoch 26/40 | Batch 520/2018 | Loss: 0.6821 | LR: 1.67e-05
Epoch 26/40 | Batch 560/2018 | Loss: 0.6826 | LR: 1.67e-05
Epoch 26/40 | Batch 600/2018 | Loss: 0.6819 | LR: 1.66e-05
Epoch 26/40 | Batch 640/2018 | Loss: 0.6825 | LR: 1.66e-05
Epoch 26/40 | Batch 680/2018 | Loss: 0.6825 | LR: 1.66e-05
Epoch 26/40 | Batch 720/2018 | Loss: 0.6812 | LR: 1.65e-05
Epoch 26/40 | Batch 760/2018 | Loss: 0.6822 | LR: 1.65e-05
Epoch 26/40 | Batch 800/2018 | Loss: 0.6834 | LR: 1.65e-05
Epoch 26/40 | Batch 840/2018 | Loss: 0.6828 | LR: 1.64e-05
Epoch 26/40 | Batch 880/2018 | Loss: 0.6821 | LR: 1.64e-05
Epoch 26/40 | Batch 920/2018 | Loss: 0.6827 | LR: 1.63e-05
Epoch 26/40 | Batch 960/2018 | Loss: 0.6830 | LR: 1.63e-05
Epoch 26/40 | Batch 1000/2018 | Loss: 0.6818 | LR: 1.63e-05
Epoch 26/40 | Batch 1040/2018 | Loss: 0.6831 | LR: 1.62e-05
Epoch 26/40 | Batch 1080/2018 | Loss: 0.6839 | LR: 1.62e-05
Epoch 26/40 | Batch 1120/2018 | Loss: 0.6808 | LR: 1.61e-05
Epoch 26/40 | Batch 1160/2018 | Loss: 0.6954 | LR: 1.61e-05
Epoch 26/40 | Batch 1200/2018 | Loss: 0.6829 | LR: 1.61e-05
Epoch 26/40 | Batch 1240/2018 | Loss: 0.6821 | LR: 1.60e-05
Epoch 26/40 | Batch 1280/2018 | Loss: 0.6813 | LR: 1.60e-05
Epoch 26/40 | Batch 1320/2018 | Loss: 0.6828 | LR: 1.60e-05
Epoch 26/40 | Batch 1360/2018 | Loss: 0.6817 | LR: 1.59e-05
Epoch 26/40 | Batch 1400/2018 | Loss: 0.6821 | LR: 1.59e-05
Epoch 26/40 | Batch 1440/2018 | Loss: 0.6822 | LR: 1.58e-05
Epoch 26/40 | Batch 1480/2018 | Loss: 0.6851 | LR: 1.58e-05
Epoch 26/40 | Batch 1520/2018 | Loss: 0.6815 | LR: 1.58e-05
Epoch 26/40 | Batch 1560/2018 | Loss: 0.6813 | LR: 1.57e-05
Epoch 26/40 | Batch 1600/2018 | Loss: 0.6840 | LR: 1.57e-05
Epoch 26/40 | Batch 1640/2018 | Loss: 0.6823 | LR: 1.57e-05
Epoch 26/40 | Batch 1680/2018 | Loss: 0.6820 | LR: 1.56e-05
Epoch 26/40 | Batch 1720/2018 | Loss: 0.6818 | LR: 1.56e-05
Epoch 26/40 | Batch 1760/2018 | Loss: 0.6840 | LR: 1.55e-05
Epoch 26/40 | Batch 1800/2018 | Loss: 0.6823 | LR: 1.55e-05
Epoch 26/40 | Batch 1840/2018 | Loss: 0.6826 | LR: 1.55e-05
Epoch 26/40 | Batch 1880/2018 | Loss: 0.6830 | LR: 1.54e-05
Epoch 26/40 | Batch 1920/2018 | Loss: 0.6836 | LR: 1.54e-05
Epoch 26/40 | Batch 1960/2018 | Loss: 0.6821 | LR: 1.54e-05
Epoch 26/40 | Batch 2000/2018 | Loss: 0.6826 | LR: 1.53e-05
  Sample - Pred: [34, 40, 20, 2, 23, 40, 29, 18, 40, 10, 3, 40, 20, 3, 23] | True: [34, 40, 20, 2, 23, 40, 29, 18, 40, 10, 3, 40, 20, 25, 9]

Epoch 26 Summary:
  Train Loss: 0.6824
  Val Loss: 0.7127
  PER: 0.1819
  Avg LR: 1.63e-05
------------------------------------------------------------
Epoch 27/40 | Batch 0/2018 | Loss: 0.6842 | LR: 1.53e-05
Epoch 27/40 | Batch 40/2018 | Loss: 0.6829 | LR: 1.53e-05
Epoch 27/40 | Batch 80/2018 | Loss: 0.6815 | LR: 1.52e-05
Epoch 27/40 | Batch 120/2018 | Loss: 0.6819 | LR: 1.52e-05
Epoch 27/40 | Batch 160/2018 | Loss: 0.6819 | LR: 1.52e-05
Epoch 27/40 | Batch 200/2018 | Loss: 0.6826 | LR: 1.51e-05
Epoch 27/40 | Batch 240/2018 | Loss: 0.6814 | LR: 1.51e-05
Epoch 27/40 | Batch 280/2018 | Loss: 0.6830 | LR: 1.50e-05
Epoch 27/40 | Batch 320/2018 | Loss: 0.6825 | LR: 1.50e-05
Epoch 27/40 | Batch 360/2018 | Loss: 0.6819 | LR: 1.50e-05
Epoch 27/40 | Batch 400/2018 | Loss: 0.6812 | LR: 1.49e-05
Epoch 27/40 | Batch 440/2018 | Loss: 0.6822 | LR: 1.49e-05
Epoch 27/40 | Batch 480/2018 | Loss: 0.6819 | LR: 1.49e-05
Epoch 27/40 | Batch 520/2018 | Loss: 0.6825 | LR: 1.48e-05
Epoch 27/40 | Batch 560/2018 | Loss: 0.6813 | LR: 1.48e-05
Epoch 27/40 | Batch 600/2018 | Loss: 0.6820 | LR: 1.48e-05
Epoch 27/40 | Batch 640/2018 | Loss: 0.6809 | LR: 1.47e-05
Epoch 27/40 | Batch 680/2018 | Loss: 0.6811 | LR: 1.47e-05
Epoch 27/40 | Batch 720/2018 | Loss: 0.6818 | LR: 1.46e-05
Epoch 27/40 | Batch 760/2018 | Loss: 0.6825 | LR: 1.46e-05
Epoch 27/40 | Batch 800/2018 | Loss: 0.6818 | LR: 1.46e-05
Epoch 27/40 | Batch 840/2018 | Loss: 0.6825 | LR: 1.45e-05
Epoch 27/40 | Batch 880/2018 | Loss: 0.6833 | LR: 1.45e-05
Epoch 27/40 | Batch 920/2018 | Loss: 0.6821 | LR: 1.45e-05
Epoch 27/40 | Batch 960/2018 | Loss: 0.6837 | LR: 1.44e-05
Epoch 27/40 | Batch 1000/2018 | Loss: 0.6812 | LR: 1.44e-05
Epoch 27/40 | Batch 1040/2018 | Loss: 0.6822 | LR: 1.44e-05
Epoch 27/40 | Batch 1080/2018 | Loss: 0.6826 | LR: 1.43e-05
Epoch 27/40 | Batch 1120/2018 | Loss: 0.6823 | LR: 1.43e-05
Epoch 27/40 | Batch 1160/2018 | Loss: 0.6816 | LR: 1.42e-05
Epoch 27/40 | Batch 1200/2018 | Loss: 0.6815 | LR: 1.42e-05
Epoch 27/40 | Batch 1240/2018 | Loss: 0.6818 | LR: 1.42e-05
Epoch 27/40 | Batch 1280/2018 | Loss: 0.6818 | LR: 1.41e-05
Epoch 27/40 | Batch 1320/2018 | Loss: 0.6820 | LR: 1.41e-05
Epoch 27/40 | Batch 1360/2018 | Loss: 0.6823 | LR: 1.41e-05
Epoch 27/40 | Batch 1400/2018 | Loss: 0.6828 | LR: 1.40e-05
Epoch 27/40 | Batch 1440/2018 | Loss: 0.6821 | LR: 1.40e-05
Epoch 27/40 | Batch 1480/2018 | Loss: 0.6820 | LR: 1.40e-05
Epoch 27/40 | Batch 1520/2018 | Loss: 0.6828 | LR: 1.39e-05
Epoch 27/40 | Batch 1560/2018 | Loss: 0.6815 | LR: 1.39e-05
Epoch 27/40 | Batch 1600/2018 | Loss: 0.6815 | LR: 1.38e-05
Epoch 27/40 | Batch 1640/2018 | Loss: 0.6824 | LR: 1.38e-05
Epoch 27/40 | Batch 1680/2018 | Loss: 0.6811 | LR: 1.38e-05
Epoch 27/40 | Batch 1720/2018 | Loss: 0.6818 | LR: 1.37e-05
Epoch 27/40 | Batch 1760/2018 | Loss: 0.6822 | LR: 1.37e-05
Epoch 27/40 | Batch 1800/2018 | Loss: 0.6818 | LR: 1.37e-05
Epoch 27/40 | Batch 1840/2018 | Loss: 0.6830 | LR: 1.36e-05
Epoch 27/40 | Batch 1880/2018 | Loss: 0.6821 | LR: 1.36e-05
Epoch 27/40 | Batch 1920/2018 | Loss: 0.6820 | LR: 1.36e-05
Epoch 27/40 | Batch 1960/2018 | Loss: 0.6817 | LR: 1.35e-05
Epoch 27/40 | Batch 2000/2018 | Loss: 0.6816 | LR: 1.35e-05
  Sample - Pred: [34, 40, 20, 2, 23, 40, 29, 18, 40, 10, 3, 40, 20, 3, 21] | True: [34, 40, 20, 2, 23, 40, 29, 18, 40, 10, 3, 40, 20, 25, 9]

Epoch 27 Summary:
  Train Loss: 0.6822
  Val Loss: 0.7122
  PER: 0.1791
  Avg LR: 1.44e-05
------------------------------------------------------------
  ** New best model saved! PER: 0.1791
Epoch 28/40 | Batch 0/2018 | Loss: 0.6816 | LR: 1.35e-05
Epoch 28/40 | Batch 40/2018 | Loss: 0.6829 | LR: 1.34e-05
Epoch 28/40 | Batch 80/2018 | Loss: 0.6832 | LR: 1.34e-05
Epoch 28/40 | Batch 120/2018 | Loss: 0.6823 | LR: 1.34e-05
Epoch 28/40 | Batch 160/2018 | Loss: 0.6840 | LR: 1.33e-05
Epoch 28/40 | Batch 200/2018 | Loss: 0.6814 | LR: 1.33e-05
Epoch 28/40 | Batch 240/2018 | Loss: 0.6812 | LR: 1.33e-05
Epoch 28/40 | Batch 280/2018 | Loss: 0.6812 | LR: 1.32e-05
Epoch 28/40 | Batch 320/2018 | Loss: 0.6838 | LR: 1.32e-05
Epoch 28/40 | Batch 360/2018 | Loss: 0.6832 | LR: 1.32e-05
Epoch 28/40 | Batch 400/2018 | Loss: 0.6820 | LR: 1.31e-05
Epoch 28/40 | Batch 440/2018 | Loss: 0.6817 | LR: 1.31e-05
Epoch 28/40 | Batch 480/2018 | Loss: 0.6817 | LR: 1.30e-05
Epoch 28/40 | Batch 520/2018 | Loss: 0.6820 | LR: 1.30e-05
Epoch 28/40 | Batch 560/2018 | Loss: 0.6817 | LR: 1.30e-05
Epoch 28/40 | Batch 600/2018 | Loss: 0.6816 | LR: 1.29e-05
Epoch 28/40 | Batch 640/2018 | Loss: 0.6808 | LR: 1.29e-05
Epoch 28/40 | Batch 680/2018 | Loss: 0.6814 | LR: 1.29e-05
Epoch 28/40 | Batch 720/2018 | Loss: 0.6824 | LR: 1.28e-05
Epoch 28/40 | Batch 760/2018 | Loss: 0.6823 | LR: 1.28e-05
Epoch 28/40 | Batch 800/2018 | Loss: 0.6817 | LR: 1.28e-05
Epoch 28/40 | Batch 840/2018 | Loss: 0.6820 | LR: 1.27e-05
Epoch 28/40 | Batch 880/2018 | Loss: 0.6819 | LR: 1.27e-05
Epoch 28/40 | Batch 920/2018 | Loss: 0.6841 | LR: 1.27e-05
Epoch 28/40 | Batch 960/2018 | Loss: 0.6814 | LR: 1.26e-05
Epoch 28/40 | Batch 1000/2018 | Loss: 0.6816 | LR: 1.26e-05
Epoch 28/40 | Batch 1040/2018 | Loss: 0.6817 | LR: 1.26e-05
Epoch 28/40 | Batch 1080/2018 | Loss: 0.6809 | LR: 1.25e-05
Epoch 28/40 | Batch 1120/2018 | Loss: 0.6819 | LR: 1.25e-05
Epoch 28/40 | Batch 1160/2018 | Loss: 0.6819 | LR: 1.24e-05
Epoch 28/40 | Batch 1200/2018 | Loss: 0.6813 | LR: 1.24e-05
Epoch 28/40 | Batch 1240/2018 | Loss: 0.6810 | LR: 1.24e-05
Epoch 28/40 | Batch 1280/2018 | Loss: 0.6824 | LR: 1.23e-05
Epoch 28/40 | Batch 1320/2018 | Loss: 0.6814 | LR: 1.23e-05
Epoch 28/40 | Batch 1360/2018 | Loss: 0.6819 | LR: 1.23e-05
Epoch 28/40 | Batch 1400/2018 | Loss: 0.6814 | LR: 1.22e-05
Epoch 28/40 | Batch 1440/2018 | Loss: 0.6816 | LR: 1.22e-05
Epoch 28/40 | Batch 1480/2018 | Loss: 0.6834 | LR: 1.22e-05
Epoch 28/40 | Batch 1520/2018 | Loss: 0.6817 | LR: 1.21e-05
Epoch 28/40 | Batch 1560/2018 | Loss: 0.6815 | LR: 1.21e-05
Epoch 28/40 | Batch 1600/2018 | Loss: 0.6835 | LR: 1.21e-05
Epoch 28/40 | Batch 1640/2018 | Loss: 0.6828 | LR: 1.20e-05
Epoch 28/40 | Batch 1680/2018 | Loss: 0.6818 | LR: 1.20e-05
Epoch 28/40 | Batch 1720/2018 | Loss: 0.6813 | LR: 1.20e-05
Epoch 28/40 | Batch 1760/2018 | Loss: 0.6813 | LR: 1.19e-05
Epoch 28/40 | Batch 1800/2018 | Loss: 0.6809 | LR: 1.19e-05
Epoch 28/40 | Batch 1840/2018 | Loss: 0.6826 | LR: 1.19e-05
Epoch 28/40 | Batch 1880/2018 | Loss: 0.6817 | LR: 1.18e-05
Epoch 28/40 | Batch 1920/2018 | Loss: 0.6821 | LR: 1.18e-05
Epoch 28/40 | Batch 1960/2018 | Loss: 0.6851 | LR: 1.18e-05
Epoch 28/40 | Batch 2000/2018 | Loss: 0.6815 | LR: 1.17e-05
  Sample - Pred: [34, 40, 20, 2, 23, 40, 31, 18, 40, 10, 3, 40, 20, 3, 21] | True: [34, 40, 20, 2, 23, 40, 29, 18, 40, 10, 3, 40, 20, 25, 9]

Epoch 28 Summary:
  Train Loss: 0.6820
  Val Loss: 0.7119
  PER: 0.1789
  Avg LR: 1.26e-05
------------------------------------------------------------
  ** New best model saved! PER: 0.1789
Epoch 29/40 | Batch 0/2018 | Loss: 0.6817 | LR: 1.17e-05
Epoch 29/40 | Batch 40/2018 | Loss: 0.6819 | LR: 1.17e-05
Epoch 29/40 | Batch 80/2018 | Loss: 0.6810 | LR: 1.16e-05
Epoch 29/40 | Batch 120/2018 | Loss: 0.6819 | LR: 1.16e-05
Epoch 29/40 | Batch 160/2018 | Loss: 0.6814 | LR: 1.16e-05
Epoch 29/40 | Batch 200/2018 | Loss: 0.6816 | LR: 1.15e-05
Epoch 29/40 | Batch 240/2018 | Loss: 0.6821 | LR: 1.15e-05
Epoch 29/40 | Batch 280/2018 | Loss: 0.6811 | LR: 1.15e-05
Epoch 29/40 | Batch 320/2018 | Loss: 0.6817 | LR: 1.14e-05
Epoch 29/40 | Batch 360/2018 | Loss: 0.6813 | LR: 1.14e-05
Epoch 29/40 | Batch 400/2018 | Loss: 0.6820 | LR: 1.14e-05
Epoch 29/40 | Batch 440/2018 | Loss: 0.6834 | LR: 1.13e-05
Epoch 29/40 | Batch 480/2018 | Loss: 0.6813 | LR: 1.13e-05
Epoch 29/40 | Batch 520/2018 | Loss: 0.6818 | LR: 1.13e-05
Epoch 29/40 | Batch 560/2018 | Loss: 0.6811 | LR: 1.12e-05
Epoch 29/40 | Batch 600/2018 | Loss: 0.6818 | LR: 1.12e-05
Epoch 29/40 | Batch 640/2018 | Loss: 0.6817 | LR: 1.12e-05
Epoch 29/40 | Batch 680/2018 | Loss: 0.6826 | LR: 1.11e-05
Epoch 29/40 | Batch 720/2018 | Loss: 0.6809 | LR: 1.11e-05
Epoch 29/40 | Batch 760/2018 | Loss: 0.6827 | LR: 1.11e-05
Epoch 29/40 | Batch 800/2018 | Loss: 0.6824 | LR: 1.10e-05
Epoch 29/40 | Batch 840/2018 | Loss: 0.6819 | LR: 1.10e-05
Epoch 29/40 | Batch 880/2018 | Loss: 0.6815 | LR: 1.10e-05
Epoch 29/40 | Batch 920/2018 | Loss: 0.6816 | LR: 1.09e-05
Epoch 29/40 | Batch 960/2018 | Loss: 0.6822 | LR: 1.09e-05
Epoch 29/40 | Batch 1000/2018 | Loss: 0.6831 | LR: 1.09e-05
Epoch 29/40 | Batch 1040/2018 | Loss: 0.6826 | LR: 1.08e-05
Epoch 29/40 | Batch 1080/2018 | Loss: 0.6823 | LR: 1.08e-05
Epoch 29/40 | Batch 1120/2018 | Loss: 0.6819 | LR: 1.08e-05
Epoch 29/40 | Batch 1160/2018 | Loss: 0.6815 | LR: 1.07e-05
Epoch 29/40 | Batch 1200/2018 | Loss: 0.6829 | LR: 1.07e-05
Epoch 29/40 | Batch 1240/2018 | Loss: 0.6821 | LR: 1.07e-05
Epoch 29/40 | Batch 1280/2018 | Loss: 0.6816 | LR: 1.06e-05
Epoch 29/40 | Batch 1320/2018 | Loss: 0.6814 | LR: 1.06e-05
Epoch 29/40 | Batch 1360/2018 | Loss: 0.6818 | LR: 1.06e-05
Epoch 29/40 | Batch 1400/2018 | Loss: 0.6812 | LR: 1.05e-05
Epoch 29/40 | Batch 1440/2018 | Loss: 0.6820 | LR: 1.05e-05
Epoch 29/40 | Batch 1480/2018 | Loss: 0.6818 | LR: 1.05e-05
Epoch 29/40 | Batch 1520/2018 | Loss: 0.6822 | LR: 1.04e-05
Epoch 29/40 | Batch 1560/2018 | Loss: 0.6816 | LR: 1.04e-05
Epoch 29/40 | Batch 1600/2018 | Loss: 0.6817 | LR: 1.04e-05
Epoch 29/40 | Batch 1640/2018 | Loss: 0.6816 | LR: 1.04e-05
Epoch 29/40 | Batch 1680/2018 | Loss: 0.6820 | LR: 1.03e-05
Epoch 29/40 | Batch 1720/2018 | Loss: 0.6828 | LR: 1.03e-05
Epoch 29/40 | Batch 1760/2018 | Loss: 0.6807 | LR: 1.03e-05
Epoch 29/40 | Batch 1800/2018 | Loss: 0.6817 | LR: 1.02e-05
Epoch 29/40 | Batch 1840/2018 | Loss: 0.6820 | LR: 1.02e-05
Epoch 29/40 | Batch 1880/2018 | Loss: 0.6819 | LR: 1.02e-05
Epoch 29/40 | Batch 1920/2018 | Loss: 0.6815 | LR: 1.01e-05
Epoch 29/40 | Batch 1960/2018 | Loss: 0.6808 | LR: 1.01e-05
Epoch 29/40 | Batch 2000/2018 | Loss: 0.6810 | LR: 1.01e-05
  Sample - Pred: [34, 40, 20, 2, 23, 40, 31, 18, 40, 10, 3, 40, 20, 3, 21] | True: [34, 40, 20, 2, 23, 40, 29, 18, 40, 10, 3, 40, 20, 25, 9]

Epoch 29 Summary:
  Train Loss: 0.6819
  Val Loss: 0.7115
  PER: 0.1766
  Avg LR: 1.09e-05
------------------------------------------------------------
  ** New best model saved! PER: 0.1766
Epoch 30/40 | Batch 0/2018 | Loss: 0.6813 | LR: 1.00e-05
Epoch 30/40 | Batch 40/2018 | Loss: 0.6812 | LR: 1.00e-05
Epoch 30/40 | Batch 80/2018 | Loss: 0.6825 | LR: 9.98e-06
Epoch 30/40 | Batch 120/2018 | Loss: 0.6809 | LR: 9.95e-06
Epoch 30/40 | Batch 160/2018 | Loss: 0.6817 | LR: 9.92e-06
Epoch 30/40 | Batch 200/2018 | Loss: 0.6808 | LR: 9.89e-06
Epoch 30/40 | Batch 240/2018 | Loss: 0.6819 | LR: 9.86e-06
Epoch 30/40 | Batch 280/2018 | Loss: 0.6815 | LR: 9.83e-06
Epoch 30/40 | Batch 320/2018 | Loss: 0.6819 | LR: 9.79e-06
Epoch 30/40 | Batch 360/2018 | Loss: 0.6819 | LR: 9.76e-06
Epoch 30/40 | Batch 400/2018 | Loss: 0.6814 | LR: 9.73e-06
Epoch 30/40 | Batch 440/2018 | Loss: 0.6820 | LR: 9.70e-06
Epoch 30/40 | Batch 480/2018 | Loss: 0.6825 | LR: 9.67e-06
Epoch 30/40 | Batch 520/2018 | Loss: 0.6808 | LR: 9.64e-06
Epoch 30/40 | Batch 560/2018 | Loss: 0.6821 | LR: 9.60e-06
Epoch 30/40 | Batch 600/2018 | Loss: 0.6809 | LR: 9.57e-06
Epoch 30/40 | Batch 640/2018 | Loss: 0.6817 | LR: 9.54e-06
Epoch 30/40 | Batch 680/2018 | Loss: 0.6811 | LR: 9.51e-06
Epoch 30/40 | Batch 720/2018 | Loss: 0.6820 | LR: 9.48e-06
Epoch 30/40 | Batch 760/2018 | Loss: 0.6813 | LR: 9.45e-06
Epoch 30/40 | Batch 800/2018 | Loss: 0.6811 | LR: 9.42e-06
Epoch 30/40 | Batch 840/2018 | Loss: 0.6815 | LR: 9.39e-06
Epoch 30/40 | Batch 880/2018 | Loss: 0.6818 | LR: 9.35e-06
Epoch 30/40 | Batch 920/2018 | Loss: 0.6814 | LR: 9.32e-06
Epoch 30/40 | Batch 960/2018 | Loss: 0.6819 | LR: 9.29e-06
Epoch 30/40 | Batch 1000/2018 | Loss: 0.6813 | LR: 9.26e-06
Epoch 30/40 | Batch 1040/2018 | Loss: 0.6819 | LR: 9.23e-06
Epoch 30/40 | Batch 1080/2018 | Loss: 0.6811 | LR: 9.20e-06
Epoch 30/40 | Batch 1120/2018 | Loss: 0.6822 | LR: 9.17e-06
Epoch 30/40 | Batch 1160/2018 | Loss: 0.6805 | LR: 9.14e-06
Epoch 30/40 | Batch 1200/2018 | Loss: 0.6808 | LR: 9.11e-06
Epoch 30/40 | Batch 1240/2018 | Loss: 0.6824 | LR: 9.08e-06
Epoch 30/40 | Batch 1280/2018 | Loss: 0.6824 | LR: 9.05e-06
Epoch 30/40 | Batch 1320/2018 | Loss: 0.6820 | LR: 9.01e-06
Epoch 30/40 | Batch 1360/2018 | Loss: 0.6810 | LR: 8.98e-06
Epoch 30/40 | Batch 1400/2018 | Loss: 0.6817 | LR: 8.95e-06
Epoch 30/40 | Batch 1440/2018 | Loss: 0.6815 | LR: 8.92e-06
Epoch 30/40 | Batch 1480/2018 | Loss: 0.6810 | LR: 8.89e-06
Epoch 30/40 | Batch 1520/2018 | Loss: 0.6820 | LR: 8.86e-06
Epoch 30/40 | Batch 1560/2018 | Loss: 0.6816 | LR: 8.83e-06
Epoch 30/40 | Batch 1600/2018 | Loss: 0.6820 | LR: 8.80e-06
Epoch 30/40 | Batch 1640/2018 | Loss: 0.6814 | LR: 8.77e-06
Epoch 30/40 | Batch 1680/2018 | Loss: 0.6817 | LR: 8.74e-06
Epoch 30/40 | Batch 1720/2018 | Loss: 0.6816 | LR: 8.71e-06
Epoch 30/40 | Batch 1760/2018 | Loss: 0.6828 | LR: 8.68e-06
Epoch 30/40 | Batch 1800/2018 | Loss: 0.6813 | LR: 8.65e-06
Epoch 30/40 | Batch 1840/2018 | Loss: 0.6813 | LR: 8.62e-06
Epoch 30/40 | Batch 1880/2018 | Loss: 0.6815 | LR: 8.59e-06
Epoch 30/40 | Batch 1920/2018 | Loss: 0.6813 | LR: 8.56e-06
Epoch 30/40 | Batch 1960/2018 | Loss: 0.6844 | LR: 8.53e-06
Epoch 30/40 | Batch 2000/2018 | Loss: 0.6824 | LR: 8.50e-06
  Sample - Pred: [34, 40, 20, 2, 23, 40, 29, 18, 40, 10, 3, 40, 20, 3, 21] | True: [34, 40, 20, 2, 23, 40, 29, 18, 40, 10, 3, 40, 20, 25, 9]

Epoch 30 Summary:
  Train Loss: 0.6817
  Val Loss: 0.7116
  PER: 0.1765
  Avg LR: 9.26e-06
------------------------------------------------------------
  ** New best model saved! PER: 0.1765
Epoch 31/40 | Batch 0/2018 | Loss: 0.6815 | LR: 8.49e-06
Epoch 31/40 | Batch 40/2018 | Loss: 0.6813 | LR: 8.46e-06
Epoch 31/40 | Batch 80/2018 | Loss: 0.6818 | LR: 8.43e-06
Epoch 31/40 | Batch 120/2018 | Loss: 0.6815 | LR: 8.40e-06
Epoch 31/40 | Batch 160/2018 | Loss: 0.6810 | LR: 8.37e-06
Epoch 31/40 | Batch 200/2018 | Loss: 0.6816 | LR: 8.34e-06
Epoch 31/40 | Batch 240/2018 | Loss: 0.6824 | LR: 8.31e-06
Epoch 31/40 | Batch 280/2018 | Loss: 0.6811 | LR: 8.28e-06
Epoch 31/40 | Batch 320/2018 | Loss: 0.6812 | LR: 8.25e-06
Epoch 31/40 | Batch 360/2018 | Loss: 0.6814 | LR: 8.22e-06
Epoch 31/40 | Batch 400/2018 | Loss: 0.6813 | LR: 8.19e-06
Epoch 31/40 | Batch 440/2018 | Loss: 0.6810 | LR: 8.16e-06
Epoch 31/40 | Batch 480/2018 | Loss: 0.6818 | LR: 8.13e-06
Epoch 31/40 | Batch 520/2018 | Loss: 0.6814 | LR: 8.10e-06
Epoch 31/40 | Batch 560/2018 | Loss: 0.6830 | LR: 8.07e-06
Epoch 31/40 | Batch 600/2018 | Loss: 0.6814 | LR: 8.04e-06
Epoch 31/40 | Batch 640/2018 | Loss: 0.6821 | LR: 8.02e-06
Epoch 31/40 | Batch 680/2018 | Loss: 0.6807 | LR: 7.99e-06
Epoch 31/40 | Batch 720/2018 | Loss: 0.6810 | LR: 7.96e-06
Epoch 31/40 | Batch 760/2018 | Loss: 0.6814 | LR: 7.93e-06
Epoch 31/40 | Batch 800/2018 | Loss: 0.6817 | LR: 7.90e-06
Epoch 31/40 | Batch 840/2018 | Loss: 0.6808 | LR: 7.87e-06
Epoch 31/40 | Batch 880/2018 | Loss: 0.6815 | LR: 7.84e-06
Epoch 31/40 | Batch 920/2018 | Loss: 0.6809 | LR: 7.81e-06
Epoch 31/40 | Batch 960/2018 | Loss: 0.6822 | LR: 7.78e-06
Epoch 31/40 | Batch 1000/2018 | Loss: 0.6838 | LR: 7.76e-06
Epoch 31/40 | Batch 1040/2018 | Loss: 0.6815 | LR: 7.73e-06
Epoch 31/40 | Batch 1080/2018 | Loss: 0.6825 | LR: 7.70e-06
Epoch 31/40 | Batch 1120/2018 | Loss: 0.6808 | LR: 7.67e-06
Epoch 31/40 | Batch 1160/2018 | Loss: 0.6833 | LR: 7.64e-06
Epoch 31/40 | Batch 1200/2018 | Loss: 0.6818 | LR: 7.61e-06
Epoch 31/40 | Batch 1240/2018 | Loss: 0.6818 | LR: 7.58e-06
Epoch 31/40 | Batch 1280/2018 | Loss: 0.6817 | LR: 7.56e-06
Epoch 31/40 | Batch 1320/2018 | Loss: 0.6812 | LR: 7.53e-06
Epoch 31/40 | Batch 1360/2018 | Loss: 0.6807 | LR: 7.50e-06
Epoch 31/40 | Batch 1400/2018 | Loss: 0.6817 | LR: 7.47e-06
Epoch 31/40 | Batch 1440/2018 | Loss: 0.6814 | LR: 7.44e-06
Epoch 31/40 | Batch 1480/2018 | Loss: 0.6810 | LR: 7.41e-06
Epoch 31/40 | Batch 1520/2018 | Loss: 0.6816 | LR: 7.39e-06
Epoch 31/40 | Batch 1560/2018 | Loss: 0.6811 | LR: 7.36e-06
Epoch 31/40 | Batch 1600/2018 | Loss: 0.6823 | LR: 7.33e-06
Epoch 31/40 | Batch 1640/2018 | Loss: 0.6822 | LR: 7.30e-06
Epoch 31/40 | Batch 1680/2018 | Loss: 0.6827 | LR: 7.27e-06
Epoch 31/40 | Batch 1720/2018 | Loss: 0.6817 | LR: 7.25e-06
Epoch 31/40 | Batch 1760/2018 | Loss: 0.6814 | LR: 7.22e-06
Epoch 31/40 | Batch 1800/2018 | Loss: 0.6817 | LR: 7.19e-06
Epoch 31/40 | Batch 1840/2018 | Loss: 0.6813 | LR: 7.16e-06
Epoch 31/40 | Batch 1880/2018 | Loss: 0.6811 | LR: 7.14e-06
Epoch 31/40 | Batch 1920/2018 | Loss: 0.6813 | LR: 7.11e-06
Epoch 31/40 | Batch 1960/2018 | Loss: 0.6816 | LR: 7.08e-06
Epoch 31/40 | Batch 2000/2018 | Loss: 0.6818 | LR: 7.05e-06
  Sample - Pred: [34, 40, 20, 2, 23, 40, 29, 18, 40, 10, 3, 40, 20, 3, 21] | True: [34, 40, 20, 2, 23, 40, 29, 18, 40, 10, 3, 40, 20, 25, 9]

Epoch 31 Summary:
  Train Loss: 0.6816
  Val Loss: 0.7116
  PER: 0.1764
  Avg LR: 7.75e-06
------------------------------------------------------------
  ** New best model saved! PER: 0.1764
Epoch 32/40 | Batch 0/2018 | Loss: 0.6810 | LR: 7.04e-06
Epoch 32/40 | Batch 40/2018 | Loss: 0.6814 | LR: 7.01e-06
Epoch 32/40 | Batch 80/2018 | Loss: 0.6811 | LR: 6.99e-06
Epoch 32/40 | Batch 120/2018 | Loss: 0.6818 | LR: 6.96e-06
Epoch 32/40 | Batch 160/2018 | Loss: 0.6832 | LR: 6.93e-06
Epoch 32/40 | Batch 200/2018 | Loss: 0.6812 | LR: 6.90e-06
Epoch 32/40 | Batch 240/2018 | Loss: 0.6835 | LR: 6.88e-06
Epoch 32/40 | Batch 280/2018 | Loss: 0.6831 | LR: 6.85e-06
Epoch 32/40 | Batch 320/2018 | Loss: 0.6826 | LR: 6.82e-06
Epoch 32/40 | Batch 360/2018 | Loss: 0.6810 | LR: 6.80e-06
Epoch 32/40 | Batch 400/2018 | Loss: 0.6812 | LR: 6.77e-06
Epoch 32/40 | Batch 440/2018 | Loss: 0.6818 | LR: 6.74e-06
Epoch 32/40 | Batch 480/2018 | Loss: 0.6814 | LR: 6.71e-06
Epoch 32/40 | Batch 520/2018 | Loss: 0.6805 | LR: 6.69e-06
Epoch 32/40 | Batch 560/2018 | Loss: 0.6813 | LR: 6.66e-06
Epoch 32/40 | Batch 600/2018 | Loss: 0.6810 | LR: 6.63e-06
Epoch 32/40 | Batch 640/2018 | Loss: 0.6816 | LR: 6.61e-06
Epoch 32/40 | Batch 680/2018 | Loss: 0.6812 | LR: 6.58e-06
Epoch 32/40 | Batch 720/2018 | Loss: 0.6821 | LR: 6.55e-06
Epoch 32/40 | Batch 760/2018 | Loss: 0.6818 | LR: 6.53e-06
Epoch 32/40 | Batch 800/2018 | Loss: 0.6823 | LR: 6.50e-06
Epoch 32/40 | Batch 840/2018 | Loss: 0.6810 | LR: 6.47e-06
Epoch 32/40 | Batch 880/2018 | Loss: 0.6814 | LR: 6.45e-06
Epoch 32/40 | Batch 920/2018 | Loss: 0.6821 | LR: 6.42e-06
Epoch 32/40 | Batch 960/2018 | Loss: 0.6819 | LR: 6.40e-06
Epoch 32/40 | Batch 1000/2018 | Loss: 0.6811 | LR: 6.37e-06
Epoch 32/40 | Batch 1040/2018 | Loss: 0.6810 | LR: 6.34e-06
Epoch 32/40 | Batch 1080/2018 | Loss: 0.6826 | LR: 6.32e-06
Epoch 32/40 | Batch 1120/2018 | Loss: 0.6810 | LR: 6.29e-06
Epoch 32/40 | Batch 1160/2018 | Loss: 0.6810 | LR: 6.27e-06
Epoch 32/40 | Batch 1200/2018 | Loss: 0.6814 | LR: 6.24e-06
Epoch 32/40 | Batch 1240/2018 | Loss: 0.6818 | LR: 6.21e-06
Epoch 32/40 | Batch 1280/2018 | Loss: 0.6809 | LR: 6.19e-06
Epoch 32/40 | Batch 1320/2018 | Loss: 0.6807 | LR: 6.16e-06
Epoch 32/40 | Batch 1360/2018 | Loss: 0.6816 | LR: 6.14e-06
Epoch 32/40 | Batch 1400/2018 | Loss: 0.6813 | LR: 6.11e-06
Epoch 32/40 | Batch 1440/2018 | Loss: 0.6810 | LR: 6.08e-06
Epoch 32/40 | Batch 1480/2018 | Loss: 0.6812 | LR: 6.06e-06
Epoch 32/40 | Batch 1520/2018 | Loss: 0.6819 | LR: 6.03e-06
Epoch 32/40 | Batch 1560/2018 | Loss: 0.6805 | LR: 6.01e-06
Epoch 32/40 | Batch 1600/2018 | Loss: 0.6823 | LR: 5.98e-06
Epoch 32/40 | Batch 1640/2018 | Loss: 0.6815 | LR: 5.96e-06
Epoch 32/40 | Batch 1680/2018 | Loss: 0.6817 | LR: 5.93e-06
Epoch 32/40 | Batch 1720/2018 | Loss: 0.6813 | LR: 5.91e-06
Epoch 32/40 | Batch 1760/2018 | Loss: 0.6811 | LR: 5.88e-06
Epoch 32/40 | Batch 1800/2018 | Loss: 0.6819 | LR: 5.86e-06
Epoch 32/40 | Batch 1840/2018 | Loss: 0.6807 | LR: 5.83e-06
Epoch 32/40 | Batch 1880/2018 | Loss: 0.6816 | LR: 5.81e-06
Epoch 32/40 | Batch 1920/2018 | Loss: 0.6811 | LR: 5.78e-06
Epoch 32/40 | Batch 1960/2018 | Loss: 0.6809 | LR: 5.75e-06
Epoch 32/40 | Batch 2000/2018 | Loss: 0.6824 | LR: 5.73e-06
  Sample - Pred: [34, 40, 20, 2, 23, 40, 31, 18, 40, 10, 3, 40, 20, 3, 21] | True: [34, 40, 20, 2, 23, 40, 29, 18, 40, 10, 3, 40, 20, 25, 9]

Epoch 32 Summary:
  Train Loss: 0.6815
  Val Loss: 0.7112
  PER: 0.1753
  Avg LR: 6.37e-06
------------------------------------------------------------
  ** New best model saved! PER: 0.1753
Epoch 33/40 | Batch 0/2018 | Loss: 0.6815 | LR: 5.72e-06
Epoch 33/40 | Batch 40/2018 | Loss: 0.6808 | LR: 5.69e-06
Epoch 33/40 | Batch 80/2018 | Loss: 0.6814 | LR: 5.67e-06
Epoch 33/40 | Batch 120/2018 | Loss: 0.6813 | LR: 5.64e-06
Epoch 33/40 | Batch 160/2018 | Loss: 0.6832 | LR: 5.62e-06
Epoch 33/40 | Batch 200/2018 | Loss: 0.6817 | LR: 5.59e-06
Epoch 33/40 | Batch 240/2018 | Loss: 0.6809 | LR: 5.57e-06
Epoch 33/40 | Batch 280/2018 | Loss: 0.6810 | LR: 5.55e-06
Epoch 33/40 | Batch 320/2018 | Loss: 0.6807 | LR: 5.52e-06
Epoch 33/40 | Batch 360/2018 | Loss: 0.6812 | LR: 5.50e-06
Epoch 33/40 | Batch 400/2018 | Loss: 0.6812 | LR: 5.47e-06
Epoch 33/40 | Batch 440/2018 | Loss: 0.6812 | LR: 5.45e-06
Epoch 33/40 | Batch 480/2018 | Loss: 0.6812 | LR: 5.42e-06
Epoch 33/40 | Batch 520/2018 | Loss: 0.6811 | LR: 5.40e-06
Epoch 33/40 | Batch 560/2018 | Loss: 0.6813 | LR: 5.38e-06
Epoch 33/40 | Batch 600/2018 | Loss: 0.6816 | LR: 5.35e-06
Epoch 33/40 | Batch 640/2018 | Loss: 0.6821 | LR: 5.33e-06
Epoch 33/40 | Batch 680/2018 | Loss: 0.6812 | LR: 5.30e-06
Epoch 33/40 | Batch 720/2018 | Loss: 0.6813 | LR: 5.28e-06
Epoch 33/40 | Batch 760/2018 | Loss: 0.6806 | LR: 5.25e-06
Epoch 33/40 | Batch 800/2018 | Loss: 0.6820 | LR: 5.23e-06
Epoch 33/40 | Batch 840/2018 | Loss: 0.6813 | LR: 5.21e-06
Epoch 33/40 | Batch 880/2018 | Loss: 0.6813 | LR: 5.18e-06
Epoch 33/40 | Batch 920/2018 | Loss: 0.6818 | LR: 5.16e-06
Epoch 33/40 | Batch 960/2018 | Loss: 0.6812 | LR: 5.14e-06
Epoch 33/40 | Batch 1000/2018 | Loss: 0.6816 | LR: 5.11e-06
Epoch 33/40 | Batch 1040/2018 | Loss: 0.6816 | LR: 5.09e-06
Epoch 33/40 | Batch 1080/2018 | Loss: 0.6822 | LR: 5.07e-06
Epoch 33/40 | Batch 1120/2018 | Loss: 0.6808 | LR: 5.04e-06
Epoch 33/40 | Batch 1160/2018 | Loss: 0.6809 | LR: 5.02e-06
Epoch 33/40 | Batch 1200/2018 | Loss: 0.6815 | LR: 5.00e-06
Epoch 33/40 | Batch 1240/2018 | Loss: 0.6813 | LR: 4.97e-06
Epoch 33/40 | Batch 1280/2018 | Loss: 0.6818 | LR: 4.95e-06
Epoch 33/40 | Batch 1320/2018 | Loss: 0.6812 | LR: 4.93e-06
Epoch 33/40 | Batch 1360/2018 | Loss: 0.6805 | LR: 4.90e-06
Epoch 33/40 | Batch 1400/2018 | Loss: 0.6817 | LR: 4.88e-06
Epoch 33/40 | Batch 1440/2018 | Loss: 0.6823 | LR: 4.86e-06
Epoch 33/40 | Batch 1480/2018 | Loss: 0.6815 | LR: 4.83e-06
Epoch 33/40 | Batch 1520/2018 | Loss: 0.6821 | LR: 4.81e-06
Epoch 33/40 | Batch 1560/2018 | Loss: 0.6825 | LR: 4.79e-06
Epoch 33/40 | Batch 1600/2018 | Loss: 0.6810 | LR: 4.76e-06
Epoch 33/40 | Batch 1640/2018 | Loss: 0.6809 | LR: 4.74e-06
Epoch 33/40 | Batch 1680/2018 | Loss: 0.6808 | LR: 4.72e-06
Epoch 33/40 | Batch 1720/2018 | Loss: 0.6810 | LR: 4.70e-06
Epoch 33/40 | Batch 1760/2018 | Loss: 0.6832 | LR: 4.67e-06
Epoch 33/40 | Batch 1800/2018 | Loss: 0.6818 | LR: 4.65e-06
Epoch 33/40 | Batch 1840/2018 | Loss: 0.6817 | LR: 4.63e-06
Epoch 33/40 | Batch 1880/2018 | Loss: 0.6807 | LR: 4.61e-06
Epoch 33/40 | Batch 1920/2018 | Loss: 0.6814 | LR: 4.58e-06
Epoch 33/40 | Batch 1960/2018 | Loss: 0.6812 | LR: 4.56e-06
Epoch 33/40 | Batch 2000/2018 | Loss: 0.6821 | LR: 4.54e-06
  Sample - Pred: [34, 40, 20, 2, 23, 40, 31, 18, 40, 10, 3, 40, 20, 3, 21] | True: [34, 40, 20, 2, 23, 40, 29, 18, 40, 10, 3, 40, 20, 25, 9]

Epoch 33 Summary:
  Train Loss: 0.6814
  Val Loss: 0.7113
  PER: 0.1757
  Avg LR: 5.11e-06
------------------------------------------------------------
Epoch 34/40 | Batch 0/2018 | Loss: 0.6810 | LR: 4.53e-06
Epoch 34/40 | Batch 40/2018 | Loss: 0.6817 | LR: 4.51e-06
Epoch 34/40 | Batch 80/2018 | Loss: 0.6813 | LR: 4.49e-06
Epoch 34/40 | Batch 120/2018 | Loss: 0.6804 | LR: 4.46e-06
Epoch 34/40 | Batch 160/2018 | Loss: 0.6807 | LR: 4.44e-06
Epoch 34/40 | Batch 200/2018 | Loss: 0.6815 | LR: 4.42e-06
Epoch 34/40 | Batch 240/2018 | Loss: 0.6817 | LR: 4.40e-06
Epoch 34/40 | Batch 280/2018 | Loss: 0.6808 | LR: 4.38e-06
Epoch 34/40 | Batch 320/2018 | Loss: 0.6832 | LR: 4.35e-06
Epoch 34/40 | Batch 360/2018 | Loss: 0.6808 | LR: 4.33e-06
Epoch 34/40 | Batch 400/2018 | Loss: 0.6825 | LR: 4.31e-06
Epoch 34/40 | Batch 440/2018 | Loss: 0.6810 | LR: 4.29e-06
Epoch 34/40 | Batch 480/2018 | Loss: 0.6815 | LR: 4.27e-06
Epoch 34/40 | Batch 520/2018 | Loss: 0.6806 | LR: 4.25e-06
Epoch 34/40 | Batch 560/2018 | Loss: 0.6812 | LR: 4.23e-06
Epoch 34/40 | Batch 600/2018 | Loss: 0.6812 | LR: 4.20e-06
Epoch 34/40 | Batch 640/2018 | Loss: 0.6806 | LR: 4.18e-06
Epoch 34/40 | Batch 680/2018 | Loss: 0.6811 | LR: 4.16e-06
Epoch 34/40 | Batch 720/2018 | Loss: 0.6814 | LR: 4.14e-06
Epoch 34/40 | Batch 760/2018 | Loss: 0.6811 | LR: 4.12e-06
Epoch 34/40 | Batch 800/2018 | Loss: 0.6820 | LR: 4.10e-06
Epoch 34/40 | Batch 840/2018 | Loss: 0.6810 | LR: 4.08e-06
Epoch 34/40 | Batch 880/2018 | Loss: 0.6803 | LR: 4.06e-06
Epoch 34/40 | Batch 920/2018 | Loss: 0.6810 | LR: 4.03e-06
Epoch 34/40 | Batch 960/2018 | Loss: 0.6810 | LR: 4.01e-06
Epoch 34/40 | Batch 1000/2018 | Loss: 0.6817 | LR: 3.99e-06
Epoch 34/40 | Batch 1040/2018 | Loss: 0.6812 | LR: 3.97e-06
Epoch 34/40 | Batch 1080/2018 | Loss: 0.6822 | LR: 3.95e-06
Epoch 34/40 | Batch 1120/2018 | Loss: 0.6825 | LR: 3.93e-06
Epoch 34/40 | Batch 1160/2018 | Loss: 0.6810 | LR: 3.91e-06
Epoch 34/40 | Batch 1200/2018 | Loss: 0.6812 | LR: 3.89e-06
Epoch 34/40 | Batch 1240/2018 | Loss: 0.6812 | LR: 3.87e-06
Epoch 34/40 | Batch 1280/2018 | Loss: 0.6805 | LR: 3.85e-06
Epoch 34/40 | Batch 1320/2018 | Loss: 0.6816 | LR: 3.83e-06
Epoch 34/40 | Batch 1360/2018 | Loss: 0.6817 | LR: 3.81e-06
Epoch 34/40 | Batch 1400/2018 | Loss: 0.6814 | LR: 3.79e-06
Epoch 34/40 | Batch 1440/2018 | Loss: 0.6809 | LR: 3.77e-06
Epoch 34/40 | Batch 1480/2018 | Loss: 0.6811 | LR: 3.75e-06
Epoch 34/40 | Batch 1520/2018 | Loss: 0.6814 | LR: 3.73e-06
Epoch 34/40 | Batch 1560/2018 | Loss: 0.6809 | LR: 3.71e-06
Epoch 34/40 | Batch 1600/2018 | Loss: 0.6810 | LR: 3.69e-06
Epoch 34/40 | Batch 1640/2018 | Loss: 0.6814 | LR: 3.67e-06
Epoch 34/40 | Batch 1680/2018 | Loss: 0.6823 | LR: 3.65e-06
Epoch 34/40 | Batch 1720/2018 | Loss: 0.6814 | LR: 3.63e-06
Epoch 34/40 | Batch 1760/2018 | Loss: 0.6816 | LR: 3.61e-06
Epoch 34/40 | Batch 1800/2018 | Loss: 0.6814 | LR: 3.59e-06
Epoch 34/40 | Batch 1840/2018 | Loss: 0.6814 | LR: 3.57e-06
Epoch 34/40 | Batch 1880/2018 | Loss: 0.6804 | LR: 3.55e-06
Epoch 34/40 | Batch 1920/2018 | Loss: 0.6808 | LR: 3.53e-06
Epoch 34/40 | Batch 1960/2018 | Loss: 0.6814 | LR: 3.51e-06
Epoch 34/40 | Batch 2000/2018 | Loss: 0.6812 | LR: 3.49e-06
  Sample - Pred: [34, 40, 20, 2, 23, 40, 31, 18, 40, 10, 3, 40, 20, 3, 21] | True: [34, 40, 20, 2, 23, 40, 29, 18, 40, 10, 3, 40, 20, 25, 9]

Epoch 34 Summary:
  Train Loss: 0.6814
  Val Loss: 0.7112
  PER: 0.1758
  Avg LR: 3.99e-06
------------------------------------------------------------
Epoch 35/40 | Batch 0/2018 | Loss: 0.6811 | LR: 3.48e-06
Epoch 35/40 | Batch 40/2018 | Loss: 0.6811 | LR: 3.46e-06
Epoch 35/40 | Batch 80/2018 | Loss: 0.6822 | LR: 3.44e-06
Epoch 35/40 | Batch 120/2018 | Loss: 0.6805 | LR: 3.43e-06
Epoch 35/40 | Batch 160/2018 | Loss: 0.6813 | LR: 3.41e-06
Epoch 35/40 | Batch 200/2018 | Loss: 0.6815 | LR: 3.39e-06
Epoch 35/40 | Batch 240/2018 | Loss: 0.6817 | LR: 3.37e-06
Epoch 35/40 | Batch 280/2018 | Loss: 0.6811 | LR: 3.35e-06
Epoch 35/40 | Batch 320/2018 | Loss: 0.6815 | LR: 3.33e-06
Epoch 35/40 | Batch 360/2018 | Loss: 0.6808 | LR: 3.31e-06
Epoch 35/40 | Batch 400/2018 | Loss: 0.6807 | LR: 3.29e-06
Epoch 35/40 | Batch 440/2018 | Loss: 0.6809 | LR: 3.27e-06
Epoch 35/40 | Batch 480/2018 | Loss: 0.6818 | LR: 3.26e-06
Epoch 35/40 | Batch 520/2018 | Loss: 0.6834 | LR: 3.24e-06
Epoch 35/40 | Batch 560/2018 | Loss: 0.6814 | LR: 3.22e-06
Epoch 35/40 | Batch 600/2018 | Loss: 0.6816 | LR: 3.20e-06
Epoch 35/40 | Batch 640/2018 | Loss: 0.6810 | LR: 3.18e-06
Epoch 35/40 | Batch 680/2018 | Loss: 0.6814 | LR: 3.16e-06
Epoch 35/40 | Batch 720/2018 | Loss: 0.6809 | LR: 3.15e-06
Epoch 35/40 | Batch 760/2018 | Loss: 0.6811 | LR: 3.13e-06
Epoch 35/40 | Batch 800/2018 | Loss: 0.6806 | LR: 3.11e-06
Epoch 35/40 | Batch 840/2018 | Loss: 0.6810 | LR: 3.09e-06
Epoch 35/40 | Batch 880/2018 | Loss: 0.6814 | LR: 3.07e-06
Epoch 35/40 | Batch 920/2018 | Loss: 0.6816 | LR: 3.05e-06
Epoch 35/40 | Batch 960/2018 | Loss: 0.6816 | LR: 3.04e-06
Epoch 35/40 | Batch 1000/2018 | Loss: 0.6808 | LR: 3.02e-06
Epoch 35/40 | Batch 1040/2018 | Loss: 0.6821 | LR: 3.00e-06
Epoch 35/40 | Batch 1080/2018 | Loss: 0.6808 | LR: 2.98e-06
Epoch 35/40 | Batch 1120/2018 | Loss: 0.6815 | LR: 2.97e-06
Epoch 35/40 | Batch 1160/2018 | Loss: 0.6818 | LR: 2.95e-06
Epoch 35/40 | Batch 1200/2018 | Loss: 0.6817 | LR: 2.93e-06
Epoch 35/40 | Batch 1240/2018 | Loss: 0.6811 | LR: 2.91e-06
Epoch 35/40 | Batch 1280/2018 | Loss: 0.6808 | LR: 2.90e-06
Epoch 35/40 | Batch 1320/2018 | Loss: 0.6807 | LR: 2.88e-06
Epoch 35/40 | Batch 1360/2018 | Loss: 0.6810 | LR: 2.86e-06
Epoch 35/40 | Batch 1400/2018 | Loss: 0.6811 | LR: 2.84e-06
Epoch 35/40 | Batch 1440/2018 | Loss: 0.6811 | LR: 2.83e-06
Epoch 35/40 | Batch 1480/2018 | Loss: 0.6813 | LR: 2.81e-06
Epoch 35/40 | Batch 1520/2018 | Loss: 0.6810 | LR: 2.79e-06
Epoch 35/40 | Batch 1560/2018 | Loss: 0.6811 | LR: 2.78e-06
Epoch 35/40 | Batch 1600/2018 | Loss: 0.6809 | LR: 2.76e-06
Epoch 35/40 | Batch 1640/2018 | Loss: 0.6807 | LR: 2.74e-06
Epoch 35/40 | Batch 1680/2018 | Loss: 0.6815 | LR: 2.72e-06
Epoch 35/40 | Batch 1720/2018 | Loss: 0.6810 | LR: 2.71e-06
Epoch 35/40 | Batch 1760/2018 | Loss: 0.6811 | LR: 2.69e-06
Epoch 35/40 | Batch 1800/2018 | Loss: 0.6812 | LR: 2.67e-06
Epoch 35/40 | Batch 1840/2018 | Loss: 0.6808 | LR: 2.66e-06
Epoch 35/40 | Batch 1880/2018 | Loss: 0.6806 | LR: 2.64e-06
Epoch 35/40 | Batch 1920/2018 | Loss: 0.6816 | LR: 2.62e-06
Epoch 35/40 | Batch 1960/2018 | Loss: 0.6809 | LR: 2.61e-06
Epoch 35/40 | Batch 2000/2018 | Loss: 0.6813 | LR: 2.59e-06
  Sample - Pred: [34, 40, 20, 2, 23, 40, 31, 18, 40, 10, 3, 40, 20, 3, 21] | True: [34, 40, 20, 2, 23, 40, 29, 18, 40, 10, 3, 40, 20, 25, 9]

Epoch 35 Summary:
  Train Loss: 0.6813
  Val Loss: 0.7110
  PER: 0.1749
  Avg LR: 3.02e-06
------------------------------------------------------------
  ** New best model saved! PER: 0.1749
Epoch 36/40 | Batch 0/2018 | Loss: 0.6811 | LR: 2.58e-06
Epoch 36/40 | Batch 40/2018 | Loss: 0.6808 | LR: 2.57e-06
Epoch 36/40 | Batch 80/2018 | Loss: 0.6811 | LR: 2.55e-06
Epoch 36/40 | Batch 120/2018 | Loss: 0.6808 | LR: 2.54e-06
Epoch 36/40 | Batch 160/2018 | Loss: 0.6807 | LR: 2.52e-06
Epoch 36/40 | Batch 200/2018 | Loss: 0.6810 | LR: 2.50e-06
Epoch 36/40 | Batch 240/2018 | Loss: 0.6813 | LR: 2.49e-06
Epoch 36/40 | Batch 280/2018 | Loss: 0.6811 | LR: 2.47e-06
Epoch 36/40 | Batch 320/2018 | Loss: 0.6810 | LR: 2.46e-06
Epoch 36/40 | Batch 360/2018 | Loss: 0.6805 | LR: 2.44e-06
Epoch 36/40 | Batch 400/2018 | Loss: 0.6808 | LR: 2.42e-06
Epoch 36/40 | Batch 440/2018 | Loss: 0.6807 | LR: 2.41e-06
Epoch 36/40 | Batch 480/2018 | Loss: 0.6810 | LR: 2.39e-06
Epoch 36/40 | Batch 520/2018 | Loss: 0.6817 | LR: 2.38e-06
Epoch 36/40 | Batch 560/2018 | Loss: 0.6810 | LR: 2.36e-06
Epoch 36/40 | Batch 600/2018 | Loss: 0.6808 | LR: 2.35e-06
Epoch 36/40 | Batch 640/2018 | Loss: 0.6810 | LR: 2.33e-06
Epoch 36/40 | Batch 680/2018 | Loss: 0.6807 | LR: 2.32e-06
Epoch 36/40 | Batch 720/2018 | Loss: 0.6809 | LR: 2.30e-06
Epoch 36/40 | Batch 760/2018 | Loss: 0.6819 | LR: 2.29e-06
Epoch 36/40 | Batch 800/2018 | Loss: 0.6813 | LR: 2.27e-06
Epoch 36/40 | Batch 840/2018 | Loss: 0.6812 | LR: 2.26e-06
Epoch 36/40 | Batch 880/2018 | Loss: 0.6812 | LR: 2.24e-06
Epoch 36/40 | Batch 920/2018 | Loss: 0.6820 | LR: 2.23e-06
Epoch 36/40 | Batch 960/2018 | Loss: 0.6808 | LR: 2.21e-06
Epoch 36/40 | Batch 1000/2018 | Loss: 0.6811 | LR: 2.20e-06
Epoch 36/40 | Batch 1040/2018 | Loss: 0.6807 | LR: 2.18e-06
Epoch 36/40 | Batch 1080/2018 | Loss: 0.6811 | LR: 2.17e-06
Epoch 36/40 | Batch 1120/2018 | Loss: 0.6809 | LR: 2.15e-06
Epoch 36/40 | Batch 1160/2018 | Loss: 0.6812 | LR: 2.14e-06
Epoch 36/40 | Batch 1200/2018 | Loss: 0.6829 | LR: 2.12e-06
Epoch 36/40 | Batch 1240/2018 | Loss: 0.6813 | LR: 2.11e-06
Epoch 36/40 | Batch 1280/2018 | Loss: 0.6826 | LR: 2.09e-06
Epoch 36/40 | Batch 1320/2018 | Loss: 0.6818 | LR: 2.08e-06
Epoch 36/40 | Batch 1360/2018 | Loss: 0.6813 | LR: 2.07e-06
Epoch 36/40 | Batch 1400/2018 | Loss: 0.6812 | LR: 2.05e-06
Epoch 36/40 | Batch 1440/2018 | Loss: 0.6809 | LR: 2.04e-06
Epoch 36/40 | Batch 1480/2018 | Loss: 0.6811 | LR: 2.02e-06
Epoch 36/40 | Batch 1520/2018 | Loss: 0.6816 | LR: 2.01e-06
Epoch 36/40 | Batch 1560/2018 | Loss: 0.6815 | LR: 2.00e-06
Epoch 36/40 | Batch 1600/2018 | Loss: 0.6815 | LR: 1.98e-06
Epoch 36/40 | Batch 1640/2018 | Loss: 0.6823 | LR: 1.97e-06
Epoch 36/40 | Batch 1680/2018 | Loss: 0.6804 | LR: 1.95e-06
Epoch 36/40 | Batch 1720/2018 | Loss: 0.6816 | LR: 1.94e-06
Epoch 36/40 | Batch 1760/2018 | Loss: 0.6812 | LR: 1.93e-06
Epoch 36/40 | Batch 1800/2018 | Loss: 0.6815 | LR: 1.91e-06
Epoch 36/40 | Batch 1840/2018 | Loss: 0.6814 | LR: 1.90e-06
Epoch 36/40 | Batch 1880/2018 | Loss: 0.6819 | LR: 1.89e-06
Epoch 36/40 | Batch 1920/2018 | Loss: 0.6813 | LR: 1.87e-06
Epoch 36/40 | Batch 1960/2018 | Loss: 0.6817 | LR: 1.86e-06
Epoch 36/40 | Batch 2000/2018 | Loss: 0.6808 | LR: 1.85e-06
  Sample - Pred: [34, 40, 20, 2, 23, 40, 31, 18, 40, 10, 3, 40, 20, 3, 21] | True: [34, 40, 20, 2, 23, 40, 29, 18, 40, 10, 3, 40, 20, 25, 9]

Epoch 36 Summary:
  Train Loss: 0.6813
  Val Loss: 0.7113
  PER: 0.1750
  Avg LR: 2.20e-06
------------------------------------------------------------
Epoch 37/40 | Batch 0/2018 | Loss: 0.6815 | LR: 1.84e-06
Epoch 37/40 | Batch 40/2018 | Loss: 0.6810 | LR: 1.83e-06
Epoch 37/40 | Batch 80/2018 | Loss: 0.6821 | LR: 1.81e-06
Epoch 37/40 | Batch 120/2018 | Loss: 0.6822 | LR: 1.80e-06
Epoch 37/40 | Batch 160/2018 | Loss: 0.6812 | LR: 1.79e-06
Epoch 37/40 | Batch 200/2018 | Loss: 0.6814 | LR: 1.78e-06
Epoch 37/40 | Batch 240/2018 | Loss: 0.6814 | LR: 1.76e-06
Epoch 37/40 | Batch 280/2018 | Loss: 0.6814 | LR: 1.75e-06
Epoch 37/40 | Batch 320/2018 | Loss: 0.6812 | LR: 1.74e-06
Epoch 37/40 | Batch 360/2018 | Loss: 0.6808 | LR: 1.73e-06
Epoch 37/40 | Batch 400/2018 | Loss: 0.6824 | LR: 1.71e-06
Epoch 37/40 | Batch 440/2018 | Loss: 0.6817 | LR: 1.70e-06
Epoch 37/40 | Batch 480/2018 | Loss: 0.6808 | LR: 1.69e-06
Epoch 37/40 | Batch 520/2018 | Loss: 0.6825 | LR: 1.68e-06
Epoch 37/40 | Batch 560/2018 | Loss: 0.6815 | LR: 1.66e-06
Epoch 37/40 | Batch 600/2018 | Loss: 0.6810 | LR: 1.65e-06
Epoch 37/40 | Batch 640/2018 | Loss: 0.6813 | LR: 1.64e-06
Epoch 37/40 | Batch 680/2018 | Loss: 0.6804 | LR: 1.63e-06
Epoch 37/40 | Batch 720/2018 | Loss: 0.6815 | LR: 1.61e-06
Epoch 37/40 | Batch 760/2018 | Loss: 0.6807 | LR: 1.60e-06
Epoch 37/40 | Batch 800/2018 | Loss: 0.6808 | LR: 1.59e-06
Epoch 37/40 | Batch 840/2018 | Loss: 0.6816 | LR: 1.58e-06
Epoch 37/40 | Batch 880/2018 | Loss: 0.6809 | LR: 1.57e-06
Epoch 37/40 | Batch 920/2018 | Loss: 0.6810 | LR: 1.55e-06
Epoch 37/40 | Batch 960/2018 | Loss: 0.6812 | LR: 1.54e-06
Epoch 37/40 | Batch 1000/2018 | Loss: 0.6814 | LR: 1.53e-06
Epoch 37/40 | Batch 1040/2018 | Loss: 0.6816 | LR: 1.52e-06
Epoch 37/40 | Batch 1080/2018 | Loss: 0.6809 | LR: 1.51e-06
Epoch 37/40 | Batch 1120/2018 | Loss: 0.6808 | LR: 1.50e-06
Epoch 37/40 | Batch 1160/2018 | Loss: 0.6819 | LR: 1.49e-06
Epoch 37/40 | Batch 1200/2018 | Loss: 0.6804 | LR: 1.47e-06
Epoch 37/40 | Batch 1240/2018 | Loss: 0.6809 | LR: 1.46e-06
Epoch 37/40 | Batch 1280/2018 | Loss: 0.6816 | LR: 1.45e-06
Epoch 37/40 | Batch 1320/2018 | Loss: 0.6813 | LR: 1.44e-06
Epoch 37/40 | Batch 1360/2018 | Loss: 0.6814 | LR: 1.43e-06
Epoch 37/40 | Batch 1400/2018 | Loss: 0.6815 | LR: 1.42e-06
Epoch 37/40 | Batch 1440/2018 | Loss: 0.6816 | LR: 1.41e-06
Epoch 37/40 | Batch 1480/2018 | Loss: 0.6820 | LR: 1.40e-06
Epoch 37/40 | Batch 1520/2018 | Loss: 0.6812 | LR: 1.39e-06
Epoch 37/40 | Batch 1560/2018 | Loss: 0.6812 | LR: 1.38e-06
Epoch 37/40 | Batch 1600/2018 | Loss: 0.6812 | LR: 1.36e-06
Epoch 37/40 | Batch 1640/2018 | Loss: 0.6810 | LR: 1.35e-06
Epoch 37/40 | Batch 1680/2018 | Loss: 0.6811 | LR: 1.34e-06
Epoch 37/40 | Batch 1720/2018 | Loss: 0.6810 | LR: 1.33e-06
Epoch 37/40 | Batch 1760/2018 | Loss: 0.6812 | LR: 1.32e-06
Epoch 37/40 | Batch 1800/2018 | Loss: 0.6807 | LR: 1.31e-06
Epoch 37/40 | Batch 1840/2018 | Loss: 0.6808 | LR: 1.30e-06
Epoch 37/40 | Batch 1880/2018 | Loss: 0.6810 | LR: 1.29e-06
Epoch 37/40 | Batch 1920/2018 | Loss: 0.6807 | LR: 1.28e-06
Epoch 37/40 | Batch 1960/2018 | Loss: 0.6813 | LR: 1.27e-06
Epoch 37/40 | Batch 2000/2018 | Loss: 0.6805 | LR: 1.26e-06
  Sample - Pred: [34, 40, 20, 2, 23, 40, 31, 18, 40, 10, 3, 40, 20, 3, 21] | True: [34, 40, 20, 2, 23, 40, 29, 18, 40, 10, 3, 40, 20, 25, 9]

Epoch 37 Summary:
  Train Loss: 0.6812
  Val Loss: 0.7111
  PER: 0.1743
  Avg LR: 1.54e-06
------------------------------------------------------------
  ** New best model saved! PER: 0.1743
Epoch 38/40 | Batch 0/2018 | Loss: 0.6814 | LR: 1.26e-06
Epoch 38/40 | Batch 40/2018 | Loss: 0.6813 | LR: 1.25e-06
Epoch 38/40 | Batch 80/2018 | Loss: 0.6811 | LR: 1.24e-06
Epoch 38/40 | Batch 120/2018 | Loss: 0.6810 | LR: 1.23e-06
Epoch 38/40 | Batch 160/2018 | Loss: 0.6815 | LR: 1.22e-06
Epoch 38/40 | Batch 200/2018 | Loss: 0.6810 | LR: 1.21e-06
Epoch 38/40 | Batch 240/2018 | Loss: 0.6819 | LR: 1.20e-06
Epoch 38/40 | Batch 280/2018 | Loss: 0.6812 | LR: 1.19e-06
Epoch 38/40 | Batch 320/2018 | Loss: 0.6809 | LR: 1.18e-06
Epoch 38/40 | Batch 360/2018 | Loss: 0.6810 | LR: 1.17e-06
Epoch 38/40 | Batch 400/2018 | Loss: 0.6812 | LR: 1.16e-06
Epoch 38/40 | Batch 440/2018 | Loss: 0.6813 | LR: 1.15e-06
Epoch 38/40 | Batch 480/2018 | Loss: 0.6812 | LR: 1.14e-06
Epoch 38/40 | Batch 520/2018 | Loss: 0.6821 | LR: 1.13e-06
Epoch 38/40 | Batch 560/2018 | Loss: 0.6814 | LR: 1.12e-06
Epoch 38/40 | Batch 600/2018 | Loss: 0.6809 | LR: 1.12e-06
Epoch 38/40 | Batch 640/2018 | Loss: 0.6804 | LR: 1.11e-06
Epoch 38/40 | Batch 680/2018 | Loss: 0.6808 | LR: 1.10e-06
Epoch 38/40 | Batch 720/2018 | Loss: 0.6810 | LR: 1.09e-06
Epoch 38/40 | Batch 760/2018 | Loss: 0.6810 | LR: 1.08e-06
Epoch 38/40 | Batch 800/2018 | Loss: 0.6813 | LR: 1.07e-06
Epoch 38/40 | Batch 840/2018 | Loss: 0.6823 | LR: 1.06e-06
Epoch 38/40 | Batch 880/2018 | Loss: 0.6808 | LR: 1.05e-06
Epoch 38/40 | Batch 920/2018 | Loss: 0.6812 | LR: 1.05e-06
Epoch 38/40 | Batch 960/2018 | Loss: 0.6814 | LR: 1.04e-06
Epoch 38/40 | Batch 1000/2018 | Loss: 0.6814 | LR: 1.03e-06
Epoch 38/40 | Batch 1040/2018 | Loss: 0.6810 | LR: 1.02e-06
Epoch 38/40 | Batch 1080/2018 | Loss: 0.6818 | LR: 1.01e-06
Epoch 38/40 | Batch 1120/2018 | Loss: 0.6805 | LR: 1.00e-06
Epoch 38/40 | Batch 1160/2018 | Loss: 0.6818 | LR: 9.96e-07
Epoch 38/40 | Batch 1200/2018 | Loss: 0.6810 | LR: 9.88e-07
Epoch 38/40 | Batch 1240/2018 | Loss: 0.6810 | LR: 9.80e-07
Epoch 38/40 | Batch 1280/2018 | Loss: 0.6816 | LR: 9.72e-07
Epoch 38/40 | Batch 1320/2018 | Loss: 0.6820 | LR: 9.64e-07
Epoch 38/40 | Batch 1360/2018 | Loss: 0.6806 | LR: 9.56e-07
Epoch 38/40 | Batch 1400/2018 | Loss: 0.6817 | LR: 9.49e-07
Epoch 38/40 | Batch 1440/2018 | Loss: 0.6807 | LR: 9.41e-07
Epoch 38/40 | Batch 1480/2018 | Loss: 0.6813 | LR: 9.33e-07
Epoch 38/40 | Batch 1520/2018 | Loss: 0.6809 | LR: 9.26e-07
Epoch 38/40 | Batch 1560/2018 | Loss: 0.6814 | LR: 9.18e-07
Epoch 38/40 | Batch 1600/2018 | Loss: 0.6814 | LR: 9.11e-07
Epoch 38/40 | Batch 1640/2018 | Loss: 0.6811 | LR: 9.04e-07
Epoch 38/40 | Batch 1680/2018 | Loss: 0.6819 | LR: 8.96e-07
Epoch 38/40 | Batch 1720/2018 | Loss: 0.6810 | LR: 8.89e-07
Epoch 38/40 | Batch 1760/2018 | Loss: 0.6808 | LR: 8.82e-07
Epoch 38/40 | Batch 1800/2018 | Loss: 0.6816 | LR: 8.75e-07
Epoch 38/40 | Batch 1840/2018 | Loss: 0.6818 | LR: 8.68e-07
Epoch 38/40 | Batch 1880/2018 | Loss: 0.6810 | LR: 8.61e-07
Epoch 38/40 | Batch 1920/2018 | Loss: 0.6813 | LR: 8.54e-07
Epoch 38/40 | Batch 1960/2018 | Loss: 0.6810 | LR: 8.47e-07
Epoch 38/40 | Batch 2000/2018 | Loss: 0.6816 | LR: 8.41e-07
  Sample - Pred: [34, 40, 20, 2, 23, 40, 31, 18, 40, 10, 3, 40, 20, 3, 21] | True: [34, 40, 20, 2, 23, 40, 29, 18, 40, 10, 3, 40, 20, 25, 9]

Epoch 38 Summary:
  Train Loss: 0.6812
  Val Loss: 0.7111
  PER: 0.1746
  Avg LR: 1.03e-06
------------------------------------------------------------
Epoch 39/40 | Batch 0/2018 | Loss: 0.6807 | LR: 8.38e-07
Epoch 39/40 | Batch 40/2018 | Loss: 0.6817 | LR: 8.31e-07
Epoch 39/40 | Batch 80/2018 | Loss: 0.6808 | LR: 8.24e-07
Epoch 39/40 | Batch 120/2018 | Loss: 0.6812 | LR: 8.18e-07
Epoch 39/40 | Batch 160/2018 | Loss: 0.6807 | LR: 8.11e-07
Epoch 39/40 | Batch 200/2018 | Loss: 0.6809 | LR: 8.05e-07
Epoch 39/40 | Batch 240/2018 | Loss: 0.6812 | LR: 7.99e-07
Epoch 39/40 | Batch 280/2018 | Loss: 0.6814 | LR: 7.92e-07
Epoch 39/40 | Batch 320/2018 | Loss: 0.6808 | LR: 7.86e-07
Epoch 39/40 | Batch 360/2018 | Loss: 0.6811 | LR: 7.80e-07
Epoch 39/40 | Batch 400/2018 | Loss: 0.6811 | LR: 7.74e-07
Epoch 39/40 | Batch 440/2018 | Loss: 0.6810 | LR: 7.68e-07
Epoch 39/40 | Batch 480/2018 | Loss: 0.6809 | LR: 7.62e-07
Epoch 39/40 | Batch 520/2018 | Loss: 0.6813 | LR: 7.56e-07
Epoch 39/40 | Batch 560/2018 | Loss: 0.6809 | LR: 7.51e-07
Epoch 39/40 | Batch 600/2018 | Loss: 0.6805 | LR: 7.45e-07
Epoch 39/40 | Batch 640/2018 | Loss: 0.6823 | LR: 7.39e-07
Epoch 39/40 | Batch 680/2018 | Loss: 0.6809 | LR: 7.34e-07
Epoch 39/40 | Batch 720/2018 | Loss: 0.6818 | LR: 7.28e-07
Epoch 39/40 | Batch 760/2018 | Loss: 0.6814 | LR: 7.23e-07
Epoch 39/40 | Batch 800/2018 | Loss: 0.6810 | LR: 7.17e-07
Epoch 39/40 | Batch 840/2018 | Loss: 0.6810 | LR: 7.12e-07
Epoch 39/40 | Batch 880/2018 | Loss: 0.6820 | LR: 7.07e-07
Epoch 39/40 | Batch 920/2018 | Loss: 0.6816 | LR: 7.01e-07
Epoch 39/40 | Batch 960/2018 | Loss: 0.6812 | LR: 6.96e-07
Epoch 39/40 | Batch 1000/2018 | Loss: 0.6807 | LR: 6.91e-07
Epoch 39/40 | Batch 1040/2018 | Loss: 0.6817 | LR: 6.86e-07
Epoch 39/40 | Batch 1080/2018 | Loss: 0.6808 | LR: 6.81e-07
Epoch 39/40 | Batch 1120/2018 | Loss: 0.6810 | LR: 6.76e-07
Epoch 39/40 | Batch 1160/2018 | Loss: 0.6810 | LR: 6.72e-07
Epoch 39/40 | Batch 1200/2018 | Loss: 0.6821 | LR: 6.67e-07
Epoch 39/40 | Batch 1240/2018 | Loss: 0.6820 | LR: 6.62e-07
Epoch 39/40 | Batch 1280/2018 | Loss: 0.6817 | LR: 6.58e-07
Epoch 39/40 | Batch 1320/2018 | Loss: 0.6811 | LR: 6.53e-07
Epoch 39/40 | Batch 1360/2018 | Loss: 0.6825 | LR: 6.49e-07
Epoch 39/40 | Batch 1400/2018 | Loss: 0.6813 | LR: 6.44e-07
Epoch 39/40 | Batch 1440/2018 | Loss: 0.6813 | LR: 6.40e-07
Epoch 39/40 | Batch 1480/2018 | Loss: 0.6810 | LR: 6.36e-07
Epoch 39/40 | Batch 1520/2018 | Loss: 0.6808 | LR: 6.31e-07
Epoch 39/40 | Batch 1560/2018 | Loss: 0.6813 | LR: 6.27e-07
Epoch 39/40 | Batch 1600/2018 | Loss: 0.6818 | LR: 6.23e-07
Epoch 39/40 | Batch 1640/2018 | Loss: 0.6809 | LR: 6.19e-07
Epoch 39/40 | Batch 1680/2018 | Loss: 0.6811 | LR: 6.15e-07
Epoch 39/40 | Batch 1720/2018 | Loss: 0.6812 | LR: 6.11e-07
Epoch 39/40 | Batch 1760/2018 | Loss: 0.6808 | LR: 6.08e-07
Epoch 39/40 | Batch 1800/2018 | Loss: 0.6811 | LR: 6.04e-07
Epoch 39/40 | Batch 1840/2018 | Loss: 0.6811 | LR: 6.00e-07
Epoch 39/40 | Batch 1880/2018 | Loss: 0.6811 | LR: 5.96e-07
Epoch 39/40 | Batch 1920/2018 | Loss: 0.6807 | LR: 5.93e-07
Epoch 39/40 | Batch 1960/2018 | Loss: 0.6804 | LR: 5.89e-07
Epoch 39/40 | Batch 2000/2018 | Loss: 0.6802 | LR: 5.86e-07
  Sample - Pred: [34, 40, 20, 2, 23, 40, 31, 18, 40, 10, 3, 40, 20, 3, 21] | True: [34, 40, 20, 2, 23, 40, 29, 18, 40, 10, 3, 40, 20, 25, 9]

Epoch 39 Summary:
  Train Loss: 0.6812
  Val Loss: 0.7111
  PER: 0.1747
  Avg LR: 6.97e-07
------------------------------------------------------------
Epoch 40/40 | Batch 0/2018 | Loss: 0.6815 | LR: 5.85e-07
Epoch 40/40 | Batch 40/2018 | Loss: 0.6811 | LR: 5.81e-07
Epoch 40/40 | Batch 80/2018 | Loss: 0.6807 | LR: 5.78e-07
Epoch 40/40 | Batch 120/2018 | Loss: 0.6817 | LR: 5.75e-07
Epoch 40/40 | Batch 160/2018 | Loss: 0.6810 | LR: 5.72e-07
Epoch 40/40 | Batch 200/2018 | Loss: 0.6811 | LR: 5.69e-07
Epoch 40/40 | Batch 240/2018 | Loss: 0.6810 | LR: 5.66e-07
Epoch 40/40 | Batch 280/2018 | Loss: 0.6808 | LR: 5.63e-07
Epoch 40/40 | Batch 320/2018 | Loss: 0.6805 | LR: 5.60e-07
Epoch 40/40 | Batch 360/2018 | Loss: 0.6811 | LR: 5.57e-07
Epoch 40/40 | Batch 400/2018 | Loss: 0.6809 | LR: 5.54e-07
Epoch 40/40 | Batch 440/2018 | Loss: 0.6811 | LR: 5.52e-07
Epoch 40/40 | Batch 480/2018 | Loss: 0.6811 | LR: 5.49e-07
Epoch 40/40 | Batch 520/2018 | Loss: 0.6809 | LR: 5.47e-07
Epoch 40/40 | Batch 560/2018 | Loss: 0.6808 | LR: 5.44e-07
Epoch 40/40 | Batch 600/2018 | Loss: 0.6817 | LR: 5.42e-07
Epoch 40/40 | Batch 640/2018 | Loss: 0.6817 | LR: 5.39e-07
Epoch 40/40 | Batch 680/2018 | Loss: 0.6805 | LR: 5.37e-07
Epoch 40/40 | Batch 720/2018 | Loss: 0.6809 | LR: 5.35e-07
Epoch 40/40 | Batch 760/2018 | Loss: 0.6816 | LR: 5.33e-07
Epoch 40/40 | Batch 800/2018 | Loss: 0.6819 | LR: 5.31e-07
Epoch 40/40 | Batch 840/2018 | Loss: 0.6809 | LR: 5.29e-07
Epoch 40/40 | Batch 880/2018 | Loss: 0.6814 | LR: 5.27e-07
Epoch 40/40 | Batch 920/2018 | Loss: 0.6805 | LR: 5.25e-07
Epoch 40/40 | Batch 960/2018 | Loss: 0.6809 | LR: 5.23e-07
Epoch 40/40 | Batch 1000/2018 | Loss: 0.6816 | LR: 5.22e-07
Epoch 40/40 | Batch 1040/2018 | Loss: 0.6812 | LR: 5.20e-07
Epoch 40/40 | Batch 1080/2018 | Loss: 0.6807 | LR: 5.18e-07
Epoch 40/40 | Batch 1120/2018 | Loss: 0.6811 | LR: 5.17e-07
Epoch 40/40 | Batch 1160/2018 | Loss: 0.6811 | LR: 5.15e-07
Epoch 40/40 | Batch 1200/2018 | Loss: 0.6809 | LR: 5.14e-07
Epoch 40/40 | Batch 1240/2018 | Loss: 0.6815 | LR: 5.13e-07
Epoch 40/40 | Batch 1280/2018 | Loss: 0.6809 | LR: 5.11e-07
Epoch 40/40 | Batch 1320/2018 | Loss: 0.6809 | LR: 5.10e-07
Epoch 40/40 | Batch 1360/2018 | Loss: 0.6812 | LR: 5.09e-07
Epoch 40/40 | Batch 1400/2018 | Loss: 0.6808 | LR: 5.08e-07
Epoch 40/40 | Batch 1440/2018 | Loss: 0.6812 | LR: 5.07e-07
Epoch 40/40 | Batch 1480/2018 | Loss: 0.6810 | LR: 5.06e-07
Epoch 40/40 | Batch 1520/2018 | Loss: 0.6815 | LR: 5.05e-07
Epoch 40/40 | Batch 1560/2018 | Loss: 0.6811 | LR: 5.04e-07
Epoch 40/40 | Batch 1600/2018 | Loss: 0.6814 | LR: 5.04e-07
Epoch 40/40 | Batch 1640/2018 | Loss: 0.6811 | LR: 5.03e-07
Epoch 40/40 | Batch 1680/2018 | Loss: 0.6812 | LR: 5.02e-07
Epoch 40/40 | Batch 1720/2018 | Loss: 0.6810 | LR: 5.02e-07
Epoch 40/40 | Batch 1760/2018 | Loss: 0.6826 | LR: 5.01e-07
Epoch 40/40 | Batch 1800/2018 | Loss: 0.6812 | LR: 5.01e-07
Epoch 40/40 | Batch 1840/2018 | Loss: 0.6803 | LR: 5.01e-07
Epoch 40/40 | Batch 1880/2018 | Loss: 0.6812 | LR: 5.00e-07
Epoch 40/40 | Batch 1920/2018 | Loss: 0.6812 | LR: 5.00e-07
Epoch 40/40 | Batch 1960/2018 | Loss: 0.6816 | LR: 5.00e-07
Epoch 40/40 | Batch 2000/2018 | Loss: 0.6812 | LR: 5.00e-07
  Sample - Pred: [34, 40, 20, 2, 23, 40, 31, 18, 40, 10, 3, 40, 20, 3, 21] | True: [34, 40, 20, 2, 23, 40, 29, 18, 40, 10, 3, 40, 20, 25, 9]

Epoch 40 Summary:
  Train Loss: 0.6812
  Val Loss: 0.7111
  PER: 0.1743
  Avg LR: 5.28e-07
------------------------------------------------------------

============================================================
Training Complete!
Best PER: 0.1743 (Epoch 37)
Models saved to: /outputs/exp06_d512_lr5e5_20251128_043602
